$date
	Sat Sep 26 08:32:20 2026
$end
$version
	Icarus Verilog
$end
$timescale
	1ps
$end
$scope module tb_cmult $end
$var wire 1 ! valid_out $end
$var wire 16 " p_re [15:0] $end
$var wire 16 # p_im [15:0] $end
$var parameter 32 $ CLK_PER $end
$var parameter 32 % FIFO_DEPTH $end
$var parameter 32 & FRAC_BITS $end
$var real 1 ' SCALE $end
$var parameter 32 ( WIDTH $end
$var reg 16 ) a_im [15:0] $end
$var reg 16 * a_re [15:0] $end
$var reg 16 + b_im [15:0] $end
$var reg 16 , b_re [15:0] $end
$var reg 1 - clk $end
$var reg 1 . rst_n $end
$var reg 1 / valid_in $end
$var integer 32 0 error_count [31:0] $end
$var integer 32 1 fifo_count [31:0] $end
$var integer 32 2 i [31:0] $end
$var integer 32 3 rd_ptr [31:0] $end
$var integer 32 4 test_count [31:0] $end
$var integer 32 5 wr_ptr [31:0] $end
$scope function to_real $end
$upscope $end
$scope module dut $end
$var wire 16 6 a_im [15:0] $end
$var wire 16 7 a_re [15:0] $end
$var wire 16 8 b_im [15:0] $end
$var wire 16 9 b_re [15:0] $end
$var wire 1 - clk $end
$var wire 1 . rst_n $end
$var wire 1 / valid_in $end
$var parameter 32 : FRAC_BITS $end
$var parameter 16 ; MAX_NEG $end
$var parameter 16 < MAX_POS $end
$var parameter 32 = PROD_WIDTH $end
$var parameter 1 > SATURATE $end
$var parameter 32 ? WIDTH $end
$var reg 16 @ a_im_r [15:0] $end
$var reg 16 A a_re_r [15:0] $end
$var reg 16 B b_im_r [15:0] $end
$var reg 16 C b_re_r [15:0] $end
$var reg 32 D m_ii [31:0] $end
$var reg 32 E m_ir [31:0] $end
$var reg 32 F m_ri [31:0] $end
$var reg 32 G m_rr [31:0] $end
$var reg 16 H p_im [15:0] $end
$var reg 16 I p_re [15:0] $end
$var reg 33 J rnd_im [32:0] $end
$var reg 33 K rnd_re [32:0] $end
$var reg 33 L sum_im [32:0] $end
$var reg 33 M sum_re [32:0] $end
$var reg 1 ! valid_out $end
$var reg 1 N vld_pipe_1 $end
$var reg 1 O vld_pipe_2 $end
$scope function saturate_and_slice $end
$upscope $end
$upscope $end
$scope begin $unm_blk_22 $end
$var real 1 P actual_im $end
$var real 1 Q actual_re $end
$var real 1 R diff_im $end
$var real 1 S diff_re $end
$var real 1 T expected_im $end
$var real 1 U expected_re $end
$upscope $end
$scope begin $unm_blk_29 $end
$var real 1 V r_ai $end
$var real 1 W r_ar $end
$var real 1 X r_bi $end
$var real 1 Y r_br $end
$upscope $end
$scope task drive_sample $end
$upscope $end
$scope task push_expected $end
$upscope $end
$upscope $end
$enddefinitions $end
$comment Show the parameter values. $end
$dumpall
b10000 ?
1>
b100000 =
b111111111111111 <
b1000000000000000 ;
b1111 :
b10000 (
r32768 '
b1111 &
b1000000 %
b1010 $
$end
#0
$dumpvars
r0 Y
r0 X
r0 W
r0 V
r0 U
r0 T
r0 S
r0 R
r0 Q
r0 P
xO
xN
bx M
bx L
bx K
bx J
bx I
bx H
bx G
bx F
bx E
bx D
bx C
bx B
bx A
bx @
b0 9
b0 8
b0 7
b0 6
b0 5
b0 4
b0 3
b0 2
b0 1
b0 0
0/
0.
0-
b0 ,
b0 +
b0 *
b0 )
bx #
bx "
x!
$end
#5000
b100000000000000 J
b100000000000000 K
b0 L
b0 M
0N
b0 B
b0 C
b0 @
b0 A
0O
b0 E
b0 F
b0 D
b0 G
0!
b0 #
b0 H
b0 "
b0 I
1-
#10000
0-
#15000
1-
#20000
0-
#25000
1-
#30000
0-
#35000
1-
#40000
0-
#45000
1-
#50000
0-
1.
#55000
1-
#60000
0-
#65000
1-
#70000
0-
#75000
b1100000000000000 +
b1100000000000000 8
b100000000000000 ,
b100000000000000 9
1/
b1 1
b1 5
1-
#80000
0-
#85000
1N
b1100000000000000 B
b100000000000000 C
b0 +
b0 8
b111111111111100 ,
b111111111111100 9
b1110000000000000 )
b1110000000000000 6
b110000000000000 *
b110000000000000 7
b10 1
b10 5
1-
#90000
0-
#95000
1O
b0 B
b111111111111100 C
b1110000000000000 @
b110000000000000 A
b111111111111100 +
b111111111111100 8
b0 ,
b0 9
b10011001100110 )
b10011001100110 6
b100000000000000 *
b100000000000000 7
b11 1
b11 5
1-
#100000
0-
#105000
b111110000000000001100000000000000 J
b101111111111101100000000000000 K
b111110000000000001000000000000000 L
b101111111111101000000000000000 M
b111111111111100 B
b0 C
b10011001100110 @
b100000000000000 A
b11110000000000001000000000000000 E
b101111111111101000000000000000 G
1!
b0 +
b0 8
b1000000000000000 ,
b1000000000000000 9
b0 )
b0 6
b1000000000000000 *
b1000000000000000 7
b100 1
b100 5
1-
#110000
0-
#115000
b11111111111110100000000000000 J
b111101100110011011101100110011000 K
b11111111111110000000000000000 L
b111101100110011011001100110011000 M
b1110000000000001 #
b1110000000000001 H
b101111111111101 "
b101111111111101 I
b0 E
b11111111111110000000000000000 F
b10011001100100110011001101000 D
b0 G
b0 B
b1000000000000000 C
b0 @
b1000000000000000 A
0/
b1 4
b11 1
b1 3
1-
#120000
0-
#125000
b100000000000000 J
b1000000000000000100000000000000 K
b0 L
b1000000000000000000000000000000 M
0N
b0 F
b0 D
b1000000000000000000000000000000 G
b11111111111110 #
b11111111111110 H
b1101100110011011 "
b1101100110011011 I
b10 4
r5.517578125002753e-06 R
r1.655273437495275e-05 S
r-0.249969482421875 P
r0.749908447265625 Q
b10 1
b10 3
r-0.249975 T
r0.749925 U
1-
#130000
0-
#135000
b0 #
b0 H
b111111111111111 "
b111111111111111 I
0O
b11 4
r1.103515625000551e-05 R
r1.272460937501441e-05 S
r0.49993896484375 P
r-0.299957275390625 Q
b1 1
b11 3
r0.49995 T
r-0.29997 U
1-
#140000
0-
#145000
0!
b100 4
r-0 R
r0 S
r0 P
r0.999969482421875 Q
b0 1
b100 3
r-0 T
r0.999969482421875 U
1-
#150000
0-
#155000
1-
#160000
0-
#165000
b1011000111110000 +
b1011000111110000 8
b1000010010000100 ,
b1000010010000100 9
b1100000010001001 )
b1100000010001001 6
b1001000010101 *
b1001000010101 7
1/
b1 2
b1 1
b101 5
1-
r-0.928009033203125 X
r-0.60345458984375 Y
r0.553680419921875 V
r0.052520751953125 W
#170000
0-
#175000
1N
b1011000111110000 B
b1000010010000100 C
b1100000010001001 @
b1001000010101 A
b1000100100110111 +
b1000100100110111 8
b1011001011000010 ,
b1011001011000010 9
b100011011011111 )
b100011011011111 6
b11010111001 *
b11010111001 7
r0.238677978515625 X
r0.462005615234375 Y
r0.053436279296875 V
r0.007415771484375 W
b10 2
b10 1
b110 5
1-
#180000
0-
#185000
b11001000110011010001101010100 J
b111100011111011010010110101100100 K
b11001000110010110001101010100 L
b111100011111011001110110101100100 M
b1000100100110111 B
b1011001011000010 C
b100011011011111 @
b11010111001 A
1O
b11110100111001110101010100100 E
b11111010011111000111100010110000 F
b10011010110100011100101110000 D
b11110111010001110010011011010100 G
b1111010001101 +
b1111010001101 8
b11101100100011 ,
b11101100100011 9
b11011010111 )
b11011010111 6
b11110011 *
b11110011 7
r-0.224884033203125 X
r0.976470947265625 Y
r0.548248291015625 V
r0.9283447265625 W
b11 2
b11 1
b111 5
1-
#190000
0-
#195000
b111100111011111110111010110111101 J
b11110110110110110100101001001 K
b111100111011111110011010110111101 L
b11110110110110010100101001001 M
1!
b11001000110011 #
b11001000110011 H
b1100011111011010 "
b1100011111011010 I
b11101010100111011100001011111110 E
b11111100111000010111001010111111 F
b11011111000111011001000011101001 D
b11111101111110001011101000110010 G
b1111010001101 B
b11101100100011 C
b11011010111 @
b11110011 A
b1110001100110111 +
b1110001100110111 8
b111110011111101 ,
b111110011111101 9
b100011000101101 )
b100011000101101 6
b111011011010100 *
b111011011010100 7
r-0.53265380859375 X
r0.895965576171875 Y
r-0.335357666015625 V
r-0.226837158203125 W
b100 2
b100 1
b1000 5
1-
#200000
0-
#205000
b1101100011011110000111100 J
b111111111011001110110101111001110 K
b1101100010111110000111100 L
b111111111011001110010101111001110 M
b1110001100110111 B
b111110011111101 C
b100011000101101 @
b111011011010100 A
b1100101000111110001100101 E
b111001111111111010111 F
b110100001111011001101011 D
b1110000010001000111001 G
b1100111011111110 #
b1100111011111110 H
b11110110110110 "
b11110110110110 I
b1011101111010010 +
b1011101111010010 8
b111001010101111 ,
b111001010101111 9
b1101010100010011 )
b1101010100010011 6
b1110001011110111 *
b1110001011110111 7
r-0.19171142578125 X
r0.94677734375 Y
r0.5618896484375 V
r-0.92816162109375 W
b101 2
b1001 5
b101 4
r6.835907697677612e-06 R
r4.43682074546814e-06 S
r0.392181396484375 P
r-0.43865966796875 Q
b100 1
b101 3
r0.3921745605766773 T
r-0.4386641047894955 U
1-
#210000
0-
#215000
b10100111001101110101000000101 J
b1000001111010000110010011011001 K
b10100111001101010101000000101 L
b1000001111010000010010011011001 M
b1101100011 #
b1101100011 H
b1111111011001110 "
b1111111011001110 I
b100010010000110010011001111001 E
b11110010101000111000001110001100 F
b11111000000110111111101010101011 D
b111010000001000001111110000100 G
b1011101111010010 B
b111001010101111 C
b1101010100010011 @
b1110001011110111 A
b1110011101110110 +
b1110011101110110 8
b111100100110000 ,
b111100100110000 9
b100011111101100 )
b100011111101100 6
b1000100100110010 *
b1000100100110010 7
r-0.26129150390625 X
r0.362060546875 Y
r-0.22821044921875 V
r-0.09375 W
b110 2
b1010 5
b110 4
r1.281220465898514e-05 R
r9.843148291110992e-06 S
r-0.38287353515625 P
r0.48211669921875 Q
b100 1
b110 3
r-0.382860722951591 T
r0.4821265423670411 U
1-
#220000
0-
#225000
b111110100100000001111100110011011 J
b111100111100011111011101001000011 K
b111110100100000001011100110011011 L
b111100111100011110111101001000011 M
b1110011101110110 B
b111100100110000 C
b100011111101100 @
b1000100100110010 A
b11101100110001010001110111111101 E
b111101110111001101110011110 F
b1011011011101010101010010110 D
b11110010111111100010010011011001 G
b10100111001101 #
b10100111001101 H
b111111111111111 "
b111111111111111 I
b1101111010001110 +
b1101111010001110 8
b10111001011000 ,
b10111001011000 9
b1110001011001010 )
b1110001011001010 6
b1111010000000000 *
b1111010000000000 7
r0.042572021484375 X
r-0.609893798828125 Y
r-0.604278564453125 V
r-0.822906494140625 W
b111 2
b1011 5
b111 4
r8.977949619293213e-07 R
r1.044385135173798e-05 S
r0.026458740234375 P
r-0.00933837890625 Q
b100 1
b111 3
r0.02645784243941307 T
r-0.009327935054898262 U
1-
#230000
0-
#235000
b101101011011111010001101001100 J
b111001110101001111000000010011000 K
b101101011011110110001101001100 L
b111001110101001110100000010011000 M
b1110100100000001 #
b1110100100000001 H
b1100111100011111 "
b1100111100011111 I
b100010000011000000100001000000 E
b1011011000110101101100001100 F
b11111001000110110001101011001000 D
b11000111110000100101101101100000 G
b1101111010001110 B
b10111001011000 C
b1110001011001010 @
b1111010000000000 A
b10101110011 +
b10101110011 8
b1011000111101111 ,
b1011000111101111 9
b1011001010100111 )
b1011001010100111 6
b1001011010101011 *
b1001011010101011 7
r-0.3843994140625 X
r0.667724609375 Y
r0.1280517578125 V
r-0.498199462890625 W
b1000 2
b1100 5
b1000 4
r1.00182369351387e-05 R
r0 S
r0.326568603515625 P
r0.999969482421875 Q
b100 1
b1000 3
r0.3265786217525601 T
r0.999969482421875 U
1-
#240000
0-
#245000
b111111100010001111101100101110000 J
b111111010000000110010011111110100 K
b111111100010001111001100101110000 L
b111111010000000101110011111110100 M
b10101110011 B
b1011000111101111 C
b1011001010100111 @
b1001011010101011 A
b11111010101101100100000101110000 E
b1100100010101100000000000 F
b11110100001111100000001100 D
b11111101110100111110000000000000 G
b101101011011111 #
b101101011011111 H
b1001110101001111 "
b1001110101001111 I
b1100111011001100 +
b1100111011001100 8
b101010101111000 ,
b101010101111000 9
b1000001100100 )
b1000001100100 6
b1100000000111011 *
b1100000000111011 7
r-0.674591064453125 X
r-0.9473876953125 Y
r-0.925689697265625 V
r-0.4130859375 W
b1001 2
b1101 5
b1001 4
r1.373421400785446e-05 R
r1.368112862110138e-06 S
r-0.179656982421875 P
r-0.381866455078125 Q
b100 1
b1001 3
r-0.1796432482078671 T
r-0.3818678231909871 U
1-
#250000
0-
#255000
b10101010110001000011010111010 J
b100001110001001010000010100000 K
b10101010110000100011010111010 L
b100001110001000110000010100000 M
b1111100010001111 #
b1111100010001111 H
b1111010000000110 "
b1111010000000110 I
b10111100101100100000011101001 E
b11111101110000100000010111010001 F
b11111110010110101000010000000101 D
b100000000111101110010010100101 G
b1100111011001100 B
b101010101111000 C
b1000001100100 @
b1100000000111011 A
b1010100110100111 +
b1010100110100111 8
b1000011010111100 ,
b1000011010111100 9
b1000100110000011 )
b1000100110000011 6
b1100101100100000 *
b1100101100100000 7
r-0.31768798828125 X
r-0.991485595703125 Y
r-0.16680908203125 V
r0.418914794921875 W
b1010 2
b1110 5
b1010 4
r6.843358278274536e-06 R
r1.511722803115845e-05 S
r0.709930419921875 P
r-0.771026611328125 Q
b100 1
b1010 3
r0.7099235765635967 T
r-0.7710417285561562 U
1-
#260000
0-
#265000
b10001101110101100101111100100 J
b111101101110111000110101011111000 K
b10001101110101000101111100100 L
b111101101110111000010101011111000 M
b1010100110100111 B
b1000011010111100 C
b1000100110000011 @
b1100101100100000 A
b101011110001110001011100000 E
b1100010000011010100100000100 F
b11111100110110011000011110110000 D
b11101010101101011011001010101000 G
b10101010110001 #
b10101010110001 H
b100001110001001 "
b100001110001001 I
b1101011101010110 +
b1101011101010110 8
b1000000100010111 ,
b1000000100010111 9
b1110101010100110 )
b1110101010100110 6
b11010110011111 *
b11010110011111 7
r0.039337158203125 X
r0.1368408203125 Y
r-0.189300537109375 V
r0.117156982421875 W
b1011 2
b1111 5
b1011 4
r6.064772605895996e-06 R
r5.733221769332886e-06 S
r-0.058135986328125 P
r-0.09356689453125 Q
b100 1
b1011 3
r-0.0581299215555191 T
r-0.09357262775301933 U
1-
#270000
0-
#275000
b1001001111101100111000000010100 J
b111110001000101001111110000001011 K
b1001001111101100011000000010100 L
b111110001000101001011110000001011 M
b10001101110101 #
b10001101110101 H
b1101101110111000 "
b1101101110111000 I
b111000001000001000111000110100 E
b10001110101011010000111100000 F
b100111111101110010111101110101 D
b11001000010111110101110000000 G
b1101011101010110 B
b1000000100010111 C
b1110101010100110 @
b11010110011111 A
b10100001001 +
b10100001001 8
b1000110000100 ,
b1000110000100 9
b1110011111000101 )
b1110011111000101 6
b111011111111 *
b111011111111 7
r0.54046630859375 X
r0.948486328125 Y
r-0.764129638671875 V
r-0.207427978515625 W
b1100 2
b10000 5
b1100 4
r1.365505158901215e-05 R
r7.480382919311523e-06 S
r0.333526611328125 P
r0.527618408203125 Q
b100 1
b1100 3
r0.333512956276536 T
r0.5276109278202057 U
1-
#280000
0-
#285000
b10000100011000011101010100 J
b111100010000001101111001010000101 K
b10000100010100011101010100 L
b111100010000001101011001010000101 M
b10100001001 B
b1000110000100 C
b1110011111000101 @
b111011111111 A
b1010100101011011101011101010 E
b11110111011110111000110001101010 F
b11011001000011110111000100 D
b11100101011010101111000001001001 G
b111111111111111 #
b111111111111111 H
b1110001000101001 "
b1110001000101001 I
b100010100101110 +
b100010100101110 8
b111100101101000 ,
b111100101101000 9
b1001111000110001 )
b1001111000110001 6
b1110010101110011 *
b1110010101110011 7
r-0.46453857421875 X
r0.4697265625 Y
r-0.153961181640625 V
r0.2559814453125 W
b1101 2
b10001 5
b1101 4
r2.834945917129517e-06 R
r1.024454832077026e-05 S
r0.277008056640625 P
r-0.283447265625 Q
b100 1
b1101 3
r0.2770108915865421 T
r-0.2834370210766792 U
1-
#290000
0-
#295000
b111111110101000110101100010001011 J
b1100000001110101110001111 K
b111111110101000110001100010001011 L
b1100000001010101110001111 M
b10000100011 #
b10000100011 H
b1100010000001101 "
b1100010000001101 I
b11111110010101111001011010010100 E
b10010111000000111110111 F
b11111111100001011111111011101101 D
b1000001101010101001111100 G
b100010100101110 B
b111100101101000 C
b1001111000110001 @
b1110010101110011 A
b1100010010001010 +
b1100010010001010 8
b11110000100000 ,
b11110000100000 9
b1110110001001011 )
b1110110001001011 6
b10000011000100 *
b10000011000100 7
r0.680328369140625 X
r0.775726318359375 Y
r0.71099853515625 V
r0.920074462890625 W
b1110 2
b10010 5
b1110 4
r0 R
r1.431535929441452e-05 S
r0.999969482421875 P
r-0.233123779296875 Q
b100 1
b1110 3
r0.999969482421875 T
r-0.2331094639375806 U
1-
#300000
0-
#305000
b111001010011100001110011010010010 J
b1101110101110010111111101010 K
b111001010011100001010011010010010 L
b1101110101101110111111101010 M
b1100010010001010 B
b11110000100000 C
b1110110001001011 @
b10000011000100 A
b11010001100111010110110011101000 E
b11111000110100110011100110101010 F
b11100101100100011010000111001110 D
b11110011011010001001000110111000 G
b1111110101000110 #
b1111110101000110 H
b1100000001 "
b1100000001 I
b101011100010101 +
b101011100010101 8
b110001101001011 ,
b110001101001011 9
b101101100000010 )
b101101100000010 6
b111010111000101 *
b111010111000101 7
r-0.557891845703125 X
r-0.954376220703125 Y
r0.164520263671875 V
r-0.262054443359375 W
b1111 2
b10011 5
b1111 4
r1.351162791252136e-05 R
r1.204479485750198e-05 S
r0.032318115234375 P
r-0.468353271484375 Q
b100 1
b1111 3
r0.03230460360646248 T
r-0.4683412266895175 U
1-
#310000
0-
#315000
b111110011110000110001011100001000 J
b11000111100111110000010010 K
b111110011110000101101011100001000 L
b11000111100011110000010010 M
b1001010011100001 #
b1001010011100001 H
b1101110101110 "
b1101110101110 I
b11111011010111110001110101100000 E
b11111000011000111011100110101000 F
b100100100111100110001101110 D
b111101100100000100010000000 G
b101011100010101 B
b110001101001011 C
b101101100000010 @
b111010111000101 A
b1011100010010111 +
b1011100010010111 8
b1000010111010111 ,
b1000010111010111 9
b1010100001111 )
b1010100001111 6
b1101111001110101 *
b1101111001110101 7
r0.22674560546875 X
r-0.7672119140625 Y
r0.31207275390625 V
r0.52301025390625 W
b10000 2
b10100 5
b10000 4
r5.851499736309052e-06 R
r1.03851780295372e-05 S
r-0.02130126953125 P
r0.023468017578125 Q
b100 1
b10000 3
r-0.02129541803151369 T
r0.02347840275615454 U
1-
#320000
0-
#325000
b1001011010111000100101110111111 J
b1110101110001100101010001101 K
b1001011010111000000101110111111 L
b1110101110001000101010001101 M
b1011100010010111 B
b1000010111010111 C
b1010100001111 @
b1101111001110101 A
b100011010011000110111110010110 E
b101000000011111001110000101001 F
b11110111101010010010100101010 D
b101101101011011010111110110111 G
b1110011110000110 #
b1110011110000110 H
b11000111100 "
b11000111100 I
b1110100000110 +
b1110100000110 8
b1001110111001100 ,
b1001110111001100 9
b10011111110010 )
b10011111110010 6
b100001011110010 *
b100001011110010 7
r0.8485107421875 X
r0.944122314453125 Y
r0.08331298828125 V
r-0.506744384765625 W
b10001 2
b10101 5
b10001 4
r9.195879101753235e-06 R
r3.835186362266541e-06 S
r-0.836883544921875 P
r0.21624755859375 Q
b100 1
b10001 3
r-0.8368743490427732 T
r0.2162437234073877 U
1-
#330000
0-
#335000
b111111111010011110000100110011100 J
b10101111000011010100101101010 K
b111111111010011101100100110011100 L
b10101111000010110100101101010 M
b111111111111111 #
b111111111111111 H
b1110101110001 "
b1110101110001 I
b11110101111100110111101010011001 E
b1001010110110100111100000011 F
b11111010001000000011001111011001 D
b10000000000011001110101000011 G
b1110100000110 B
b1001110111001100 C
b10011111110010 @
b100001011110010 A
b110110010011100 +
b110110010011100 8
b111100011011001 ,
b111100011011001 9
b101010101010 )
b101010101010 6
b1011111100100011 *
b1011111100100011 7
r0.560333251953125 X
r0.622100830078125 Y
r0.298492431640625 V
r0.383880615234375 W
b10010 2
b10110 5
b10010 4
r9.767711162567139e-06 R
r1.432187855243683e-05 S
r-0.19122314453125 P
r0.0487060546875 Q
b100 1
b10010 3
r-0.1912329122424126 T
r0.04872037656605244 U
1-
#340000
0-
#345000
b111111000010001000111101010000100 J
b111100001110010101010100100101100 K
b111111000010001000011101010000100 L
b111100001110010100110100100101100 M
b110110010011100 B
b111100011011001 C
b101010101010 @
b1011111100100011 A
b11110000101011010011111011011000 E
b111100101101111101110101100 F
b100100001110101100110101100 D
b11100110010100011100001011011000 G
b1111111010011110 #
b1111111010011110 H
b10101111000011 "
b10101111000011 I
b100011110111001 +
b100011110111001 8
b100111110100001 ,
b100111110100001 9
b10011000110101 )
b10011000110101 6
b11000100100011 *
b11000100100011 7
r-0.636810302734375 X
r-0.3768310546875 Y
r-0.282806396484375 V
r0.972076416015625 W
b10011 2
b10111 5
b10011 4
r0 R
r2.515502274036407e-06 S
r0.999969482421875 P
r0.230010986328125 Q
b100 1
b10011 3
r0.999969482421875 T
r0.230013501830399 U
1-
#350000
0-
#355000
b111101001100001000011011101101110 J
b111011100110110110111010100010011 K
b111101001100000111111011101101110 L
b111011100110110110011010100010011 M
b1111000010001000 #
b1111000010001000 H
b1100001110010101 "
b1100001110010101 I
b101000010001011101000011010 E
b11100100011110110011110101010100 F
b100100001100011011110011000 D
b11100001011000010110110010101011 G
b100011110111001 B
b100111110100001 C
b10011000110101 @
b11000100100011 A
b1010111001111101 +
b1010111001111101 8
b1100111111000100 ,
b1100111111000100 9
b1101101111001101 )
b1101101111001101 6
b111110001101101 *
b111110001101101 7
r-0.186431884765625 X
r-0.71343994140625 Y
r0.53802490234375 V
r-0.642242431640625 W
b10100 2
b11000 5
b10100 4
r1.296773552894592e-05 R
r5.384907126426697e-06 S
r-0.01080322265625 P
r0.341888427734375 Q
b100 1
b10100 3
r-0.01081619039177895 T
r0.3418830428272486 U
1-
#360000
0-
#365000
b11001101001101101100110100000 J
b100100101001010010010110110 K
b11001101001101001100110100000 L
b100100101000110010010110110 M
b1010111001111101 B
b1100111111000100 C
b1101101111001101 @
b111110001101101 A
b1011111000100110001001010101 E
b1101110001000011011101001011 F
b1010101101000100111101001101 D
b1111010010001011010000000011 G
b1101001100001000 #
b1101001100001000 H
b1011100110110110 "
b1011100110110110 I
b1110100000100011 +
b1110100000100011 8
b1010010010101110 ,
b1010010010101110 9
b100010011011110 )
b100010011011110 6
b1010110111001011 *
b1010110111001011 7
r0.047760009765625 X
r0.586944580078125 Y
r-0.681427001953125 V
r-0.15631103515625 W
b10101 2
b11001 5
b10101 4
r1.395121216773987e-05 R
r5.442649126052856e-06 S
r-0.120849609375 P
r-0.472015380859375 Q
b100 1
b10101 3
r-0.1208356581628323 T
r-0.4720208235085011 U
1-
#370000
0-
#375000
b111011111001101000010001100101101 J
b111011101000001111111110101011011 K
b111011111001100111110001100101101 L
b111011101000001111011110101011011 M
b11001101001101 #
b11001101001101 H
b100100101001 "
b100100101001 I
b110110100100000101111110100 E
b11011000011000011101011100111001 F
b1011100001101010100100011001 D
b11101000100011100110011001110100 G
b1110100000100011 B
b1010010010101110 C
b100010011011110 @
b1010110111001011 A
b11000011101 +
b11000011101 8
b100101100100001 ,
b100101100100001 9
b1010100011000111 )
b1010100011000111 6
b1110101111111110 *
b1110101111111110 7
r0.24176025390625 X
r-0.53509521484375 Y
r0.783905029296875 V
r-0.2408447265625 W
b10110 2
b11010 5
b10110 4
r2.04332172870636e-06 R
r1.265387982130051e-05 S
r-0.351318359375 P
r-0.54913330078125 Q
b100 1
b10110 3
r-0.3513204026967287 T
r-0.5491206469014287 U
1-
#380000
0-
#385000
b111101111000110010000000110100101 J
b100011101111101101000110100000 K
b111101111000110001100000110100101 L
b100011101111101001000110100000 M
b11000011101 B
b100101100100001 C
b1010100011000111 @
b1110101111111110 A
b11100111011011110000011011100100 E
b111101010011011101011000001 F
b11111001100101001001101001011010 D
b11101010100110010101111111010 G
b1011111001101000 #
b1011111001101000 H
b1011101000001111 "
b1011101000001111 I
b1111011110010 +
b1111011110010 8
b1011101110000010 ,
b1011101110000010 9
b110010001010111 )
b110010001010111 6
b1110000100101100 *
b1110000100101100 7
r0.225372314453125 X
r0.428863525390625 Y
r-0.507659912109375 V
r0.0706787109375 W
b10111 2
b11011 5
b10111 4
r6.109476089477539e-06 R
r6.506219506263733e-06 S
r0.400787353515625 P
r0.071563720703125 Q
b100 1
b10111 3
r0.4007934629917145 T
r0.07155721448361874 U
1-
#390000
0-
#395000
b111100101111011001111111001101101 J
b111111100001101100100110100110011 K
b111100101111011001011111001101101 L
b111111100001101100000110100110011 M
b1101111000110010 #
b1101111000110010 H
b100011101111101 "
b100011101111101 I
b11100110011001110000111010100111 E
b11111111100001011010111111000110 F
b11111101111010101100100010001011 D
b11111010001000001101010110111110 G
b1111011110010 B
b1011101110000010 C
b110010001010111 @
b1110000100101100 A
b1110011011001 +
b1110011011001 8
b11011011100101 ,
b11011011100101 9
b1011111100000101 )
b1011111100000101 6
b100100001100 *
b100100001100 7
r-0.5306396484375 X
r0.522247314453125 Y
r-0.172515869140625 V
r0.12359619140625 W
b11000 2
b11100 5
b11000 4
r6.872229278087616e-06 R
r1.462828367948532e-05 S
r-0.512451171875 P
r-0.546417236328125 Q
b100 1
b11000 3
r-0.5124580441042781 T
r-0.5464026080444455 U
1-
#400000
0-
#405000
b111100001011011011100010011000110 J
b111111100000111101011000000011010 K
b111100001011011011000010011000110 L
b111111100000111100111000000011010 M
b1110011011001 B
b11011011100101 C
b1011111100000101 @
b100100001100 A
b11100101001001111000000100101110 E
b11111100010001100000001110011000 F
b1100001000010000110000111110 D
b1000001111110111110001011000 G
b1100101111011001 #
b1100101111011001 H
b1111100001101100 "
b1111100001101100 I
b1011110000010100 +
b1011110000010100 8
b100001011011001 ,
b100001011011001 9
b1110100111101011 )
b1110100111101011 6
b111111010010 *
b111111010010 7
r0.1644287109375 X
r-0.75042724609375 Y
r0.285491943359375 V
r0.35821533203125 W
b11001 2
b11101 5
b11001 4
r1.486670225858688e-05 R
r4.202127456665039e-06 S
r-0.26409912109375 P
r0.558502197265625 Q
b100 1
b11001 3
r-0.2641139877960086 T
r0.5585063993930817 U
1-
#410000
0-
#415000
b111110011000101100010100010100101 J
b1001010000110110100001111111 K
b111110011000101011110100010100101 L
b1001010000110010100001111111 M
b1100001011011011 #
b1100001011011011 H
b1111100000111101 "
b1111100000111101 I
b11110010000100001110110101111001 E
b1000001001111101100101100 F
b11111000101011010111011100111101 D
b1111100001001111110111100 G
b1011110000010100 B
b100001011011001 C
b1110100111101011 @
b111111010010 A
b1010100001100 +
b1010100001100 8
b1001111111110010 ,
b1001111111110010 9
b10010010001011 )
b10010010001011 6
b10110111011010 *
b10110111011010 7
r-0.389190673828125 X
r-0.44451904296875 Y
r-0.474639892578125 V
r0.344390869140625 W
b11010 2
b11110 5
b11010 4
r1.488346606492996e-05 R
r3.146938979625702e-06 S
r-0.407440185546875 P
r-0.0592041015625 Q
b100 1
b11010 3
r-0.4074253020808101 T
r-0.05920095462352037 U
1-
#420000
0-
#425000
b111110110000010011001001010011011 J
b111111110010001011111001010100110 K
b111110110000010010101001010011011 L
b111111110010001011011001010100110 M
b1010100001100 B
b1001111111110010 C
b10010010001011 @
b10110111011010 A
b11111010001110111101111000110011 E
b11111011110011010111010001101000 F
b101110110111101101001011100 D
b100001000011000110100000010 G
b1110011000101100 #
b1110011000101100 H
b1001010000110 "
b1001010000110 I
b1100111000101111 +
b1100111000101111 8
b1100011100011010 ,
b1100011100011010 9
b1100001100111111 )
b1100001100111111 6
b10110000010101 *
b10110000010101 7
r-0.362945556640625 X
r0.44989013671875 Y
r-0.847747802734375 V
r0.978179931640625 W
b11011 2
b11111 5
b11011 4
r1.138076186180115e-06 R
r3.790482878684998e-06 S
r-0.477691650390625 P
r-0.060638427734375 Q
b100 1
b11011 3
r-0.4776905123144388 T
r-0.06064221821725368 U
1-
#430000
0-
#435000
b111110110000011110010100010011110 J
b111101011110010101110000010010000 K
b111110110000011101110100010011110 L
b111101011110010101010000010010000 M
b1110110000010011 #
b1110110000010011 H
b1111110010001011 "
b1111110010001011 I
b11110010010010011110000001100110 E
b11110001010000100000111000 F
b11000000010001110110000100 D
b11101110110010111011111000010100 G
b1100111000101111 B
b1100011100011010 C
b1100001100111111 @
b10110000010101 A
b1101000110001011 +
b1101000110001011 8
b11100110010110 ,
b11100110010110 9
b1001001101111101 )
b1001001101111101 6
b111110100110101 *
b111110100110101 7
r0.266876220703125 X
r-0.626220703125 Y
r-0.29827880859375 V
r-0.815643310546875 W
b11100 2
b100000 5
b11100 4
r5.568377673625946e-06 R
r9.655021131038666e-06 S
r-0.2017822265625 P
r0.14471435546875 Q
b100 1
b11100 3
r-0.2017877949401736 T
r0.144724010489881 U
1-
#440000
0-
#445000
b100111011010000101101000001 J
b111101010011000011000001010010001 K
b100111011001100101101000001 L
b111101010011000010100001010010001 M
b1101000110001011 B
b11100110010110 C
b1001001101111101 @
b111110100110101 A
b1101100000001100110101100110 E
b11110111011010111111110111011011 F
b1011110100101000101010010001 D
b11110110001100111100110100100010 G
b1110110000011110 #
b1110110000011110 H
b1101011110010101 "
b1101011110010101 I
b10001000101001 +
b10001000101001 8
b1010111111011000 ,
b1010111111011000 9
b1101100111010010 )
b1101100111010010 6
b1001011110011001 *
b1001011110011001 7
r0.352783203125 X
r-0.101287841796875 Y
r-0.206207275390625 V
r0.968505859375 W
b11101 2
b100001 5
b11101 4
r1.082289963960648e-05 R
r1.207552850246429e-05 S
r-0.155670166015625 P
r-0.027008056640625 Q
b100 1
b11101 3
r-0.1556809889152646 T
r-0.02699598111212254 U
1-
#450000
0-
#455000
b111010000110111101100000100000101 J
b1000011110010100100000101111 K
b111010000110111101000000100000101 L
b1000011110010000100000101111 M
b100111011010 #
b100111011010 H
b1101010011000011 "
b1101010011000011 I
b11100111100101110100000000111110 E
b11101001010001110100000011000111 F
b10011101100010010000111011111 D
b11100001010100010101000001110 G
b10001000101001 B
b1010111111011000 C
b1101100111010010 @
b1001011110011001 A
b10110100101000 +
b10110100101000 8
b1111001100001001 ,
b1111001100001001 9
b1110010110011011 )
b1110010110011011 6
b111101111111000 *
b111101111111000 7
r-0.604522705078125 X
r-0.145904541015625 Y
r-0.07415771484375 V
r0.162567138671875 W
b11110 2
b100010 5
b11110 4
r5.574896931648254e-06 R
r7.763504981994629e-06 S
r-0.15533447265625 P
r-0.315765380859375 Q
b100 1
b11110 3
r-0.1553400475531816 T
r-0.315757617354393 U
1-
#460000
0-
#465000
b111111110000001100011000010110001 J
b100101110010001111100101110110 K
b111111110000001011111000010110001 L
b100101110010001011100101110110 M
b10110100101000 B
b1111001100001001 C
b1110010110011011 @
b111101111111000 A
b1011111101000101011100110000 E
b11110010000100011001100110000001 F
b11111010111001111100011010100010 D
b100000101100001000000000011000 G
b1010000110111101 #
b1010000110111101 H
b1000011110010 "
b1000011110010 I
b1011001010011111 +
b1011001010011111 8
b1110110101010011 ,
b1110110101010011 9
b1111011010000010 )
b1111011010000010 6
b1010011001111 *
b1010011001111 7
r0.267120361328125 X
r0.476104736328125 Y
r-0.12701416015625 V
r-0.29266357421875 W
b11111 2
b100011 5
b11111 4
r1.257564872503281e-05 R
r1.464691013097763e-05 S
r0.07696533203125 P
r-0.337799072265625 Q
b100 1
b11111 3
r0.07695275638252497 T
r-0.337813719175756 U
1-
#470000
0-
#475000
b10111001101000110101000110011 J
b111111110011000001110010010000000 K
b10111001101000010101000110011 L
b111111110011000001010010010000000 M
b1111110000001100 #
b1111110000001100 H
b100101110010001 "
b100101110010001 I
b1010101100011001101110011 E
b10101110111011111011011000000 F
b11111011010110000001111100111000 D
b11111001101110001100001110111000 G
b1011001010011111 B
b1110110101010011 C
b1111011010000010 @
b1010011001111 A
b10001000110001 +
b10001000110001 8
b11110011110001 ,
b11110011110001 9
b1110111110111110 )
b1110111110111110 6
b1101101010001010 *
b1101101010001010 7
r0.058074951171875 X
r0.67156982421875 Y
r0.164337158203125 V
r-0.1839599609375 W
b100000 2
b100100 5
b100000 4
r2.430751919746399e-07 R
r1.951120793819427e-06 S
r-0.736419677734375 P
r0.13238525390625 Q
b100 1
b100000 3
r-0.736419434659183 T
r0.1323872050270438 U
1-
#480000
0-
#485000
b111111010011001110110000010110111 J
b111111011100111010010001101011111 K
b111111010011001110010000010110111 L
b111111011100111001110001101011111 M
b10001000110001 B
b11110011110001 C
b1110111110111110 @
b1101101010001010 A
b101100010100011000100110 E
b11111001101101011101101010010001 F
b10110111100111111010111110 D
b11111110011110110110001000011101 G
b10111001101000 #
b10111001101000 H
b1111110011000001 "
b1111110011000001 I
b11101101111 +
b11101101111 8
b101010111110110 ,
b101010111110110 9
b1010100001001 )
b1010100001001 6
b1110100001110100 *
b1110100001110100 7
r-0.234832763671875 X
r-0.008819580078125 Y
r-0.39556884765625 V
r0.862213134765625 W
b100001 2
b100101 5
b100001 4
r3.64985316991806e-06 R
r1.369975507259369e-05 S
r-0.0308837890625 P
r0.590362548828125 Q
b100 1
b100001 3
r-0.03088743891566992 T
r0.5903762485831976 U
1-
#490000
0-
#495000
b111110111001000001010001001001000 J
b111111001010000010011010010001100 K
b111110111001000000110001001001000 L
b111111001010000001111010010001100 M
b1111010011001110 #
b1111010011001110 H
b1111011100111010 "
b1111011100111010 I
b11111100001000010011100111011110 E
b11111010111111110010100001101010 F
b11111101110101000001111101011110 D
b11110111000101010001001111101010 G
b11101101111 B
b101010111110110 C
b1010100001001 @
b1110100001110100 A
b1110000111110001 +
b1110000111110001 8
b1111111011011111 ,
b1111111011011111 9
b1100110101011110 )
b1100110101011110 6
b110111001011101 *
b110111001011101 7
r-0.959442138671875 X
r-0.594940185546875 Y
r0.308380126953125 V
r0.33636474609375 W
b100010 2
b100110 5
b100010 4
r1.006107777357101e-05 R
r8.702278137207031e-06 S
r0.362548828125 P
r-0.025360107421875 Q
b100 1
b100010 3
r0.3625588892027736 T
r-0.02535140514373779 U
1-
#500000
0-
#505000
b110011000010110100111110010 J
b111110111011110111100010110010001 K
b110011000010010100111110010 L
b111110111011110111000010110010001 M
b1110000111110001 B
b1111111011011111 C
b1100110101011110 @
b110111001011101 A
b111000100000011001110100110 E
b11111111010100001111011001001100 F
b100111000101110111100111 D
b11111000000101111110001101111000 G
b1110111001000001 #
b1110111001000001 H
b1111001010000010 "
b1111001010000010 I
b1000010100110001 +
b1000010100110001 8
b1011001111011001 ,
b1011001111011001 9
b10011101111001 )
b10011101111001 6
b10101100001110 *
b10101100001110 7
r-0.279937744140625 X
r0.475128173828125 Y
r-0.78082275390625 V
r0.714324951171875 W
b100011 2
b100111 5
b100011 4
r7.799826562404633e-06 R
r6.825663149356842e-06 S
r-0.08746337890625 P
r-0.06854248046875 Q
b100 1
b100011 3
r-0.0874555790796876 T
r-0.06854930613189936 U
1-
#510000
0-
#515000
b111110011010001000000101101101111 J
b111111001100100011011010110000101 K
b111110011010000111100101101101111 L
b111111001100100010111010110000101 M
b110011000010 #
b110011000010 H
b1110111011110111 "
b1110111011110111 I
b1110010010100011100010 E
b11110011000010101010001010001101 F
b101111100011111001101111110 D
b11111111100000110110100100000011 G
b1000010100110001 B
b1011001111011001 C
b10011101111001 @
b10101100001110 A
b1101110000101011 +
b1101110000101011 8
b11110011010001 ,
b11110011010001 9
b1001110000001110 )
b1001110000001110 6
b101101101101111 *
b101101101101111 7
r-0.650665283203125 X
r-0.982452392578125 Y
r0.57635498046875 V
r0.5816650390625 W
b100100 2
b101000 5
b100100 4
r7.085502147674561e-06 R
r2.730637788772583e-06 S
r-0.138641357421875 P
r-0.10540771484375 Q
b100 1
b100100 3
r-0.1386484429240227 T
r-0.1054104454815388 U
1-
#520000
0-
#525000
b111011111100110101101010000111111 J
b110001000010001110110110101 K
b111011111100110101001010000111111 L
b110001000001101110110110101 M
b1101110000101011 B
b11110011010001 C
b1001110000001110 @
b101101101101111 A
b11110100010000100001000010010001 E
b11101011010110001000001110101110 F
b11101101000100000110101100101001 D
b11110011001100010100100011011110 G
b1110011010001000 #
b1110011010001000 H
b1111001100100011 "
b1111001100100011 I
b1010110010110111 +
b1010110010110111 8
b1000001000111111 ,
b1000001000111111 9
b100100111000110 )
b100100111000110 6
b100101001110100 *
b100101001110100 7
r-0.5731201171875 X
r0.84912109375 Y
r-0.6954345703125 V
r0.857757568359375 W
b100101 2
b101001 5
b100101 4
r1.000054180622101e-05 R
r1.327134668827057e-06 S
r0.09967041015625 P
r-0.133087158203125 Q
b100 1
b100101 3
r0.09968041069805622 T
r-0.1330858310684562 U
1-
#530000
0-
#535000
b111011011011101011010111100010011 J
b111101110111010101101000101 K
b111011011011101010110111100010011 L
b111101110110110101101000101 M
b1011111100110101 #
b1011111100110101 H
b110001000010 "
b110001000010 I
b11101000010000011010111101101110 E
b11110011001100111011111110100101 F
b1101111111010011111001011010 D
b10101101110001010100110011111 G
b1010110010110111 B
b1000001000111111 C
b100100111000110 @
b100101001110100 A
b1011011010100100 +
b1011011010100100 8
b110110010110000 ,
b110110010110000 9
b1010011011111100 )
b1010011011111100 6
b110110111001011 *
b110110111001011 7
r0.582611083984375 X
r0.711639404296875 Y
r0.790863037109375 V
r-0.536956787109375 W
b100110 2
b101010 5
b100110 4
r1.253280788660049e-05 R
r2.498738467693329e-06 S
r-0.198974609375 P
r-0.100494384765625 Q
b100 1
b100110 3
r-0.1989871421828866 T
r-0.1004968835040927 U
1-
#540000
0-
#545000
b111000011100010100001110010100110 J
b111110011011011011011011000000010 K
b111000011100010011101110010100110 L
b111110011011011010111011000000010 M
b1011011010100100 B
b110110010110000 C
b1010011011111100 @
b110110111001011 A
b11011011110000101011001110111010 E
b11100111110001110010100011101100 F
b11100111111111111100010010001010 D
b11011011011011010011101010001100 G
b1011011011101011 #
b1011011011101011 H
b111101110111 "
b111101110111 I
b100101010010011 +
b100101010010011 8
b101101100010111 ,
b101101100010111 9
b110010100111011 )
b110010100111011 6
b1011101101000101 *
b1011101101000101 7
r0.410888671875 X
r0.96734619140625 Y
r0.0191650390625 V
r-0.726348876953125 W
b100111 2
b101011 5
b100111 4
r4.827044904232025e-06 R
r8.176080882549286e-06 S
r-0.506195068359375 P
r0.09576416015625 Q
b100 1
b100111 3
r-0.5061902413144708 T
r0.09575598407536745 U
1-
#550000
0-
#555000
b110111010101111110000010101001100 J
b10101000110110011111000100000 K
b110111010101111101100010101001100 L
b10101000110101111111000100000 M
b1000011100010100 #
b1000011100010100 H
b1110011011011011 "
b1110011011011011 I
b11011010001101010001110101000000 E
b11100000100010011010100000001100 F
b11001100000100010000101110000 D
b101110100111010001111110010000 G
b100101010010011 B
b101101100010111 C
b110010100111011 @
b1011101101000101 A
b11010010011000 +
b11010010011000 8
b111101111010010 ,
b111101111010010 9
b1001110100 )
b1001110100 6
b1010001100000111 *
b1010001100000111 7
r-0.82373046875 X
r0.1600341796875 Y
r0.531280517578125 V
r-0.29351806640625 W
b101000 2
b101100 5
b101000 4
r4.035420715808868e-06 R
r4.942528903484344e-06 S
r-0.570953369140625 P
r0.120819091796875 Q
b100 1
b101000 3
r-0.5709574045613408 T
r0.1208141492679715 U
1-
#560000
0-
#565000
b1111111111111100101111101100 J
b111001010000011100110101101010010 K
b1111111111111000101111101100 L
b111001010000011100010101101010010 M
b11010010011000 B
b111101111010010 C
b1001110100 @
b1010001100000111 A
b100100000001010001000101001101 E
b11101011111110100111101010011111 F
b11101011111010010111011100001 D
b11100111100010110101101000110011 G
b1000000000000000 #
b1000000000000000 H
b10101000110110 "
b10101000110110 I
b1001011010010000 +
b1001011010010000 8
b1010001111100 ,
b1010001111100 9
b100010000000001 )
b100010000000001 6
b1101101001101110 *
b1101101001101110 7
r0.111358642578125 X
r-0.965118408203125 Y
r-0.8175048828125 V
r-0.220550537109375 W
b101001 2
b101101 5
b101001 4
r8.428469300270081e-06 R
r2.382323145866394e-06 S
r-0.9447021484375 P
r-0.196441650390625 Q
b100 1
b101001 3
r-0.9447105769068003 T
r-0.1964440327137709 U
1-
#570000
0-
#575000
b111101110000101100011011101010000 J
b111010010100001110101001111011110 K
b111101110000101011111011101010000 L
b111010010100001110001001111011110 M
b1111111111111 #
b1111111111111 H
b1001010000011100 "
b1001010000011100 I
b1001011111011111100101000 E
b11101100111001100011100000101000 F
b100000010000010011100000 D
b11010011000010000001100010111110 G
b1001011010010000 B
b1010001111100 C
b100010000000001 @
b1101101001101110 A
b111001000001 +
b111001000001 8
b1000010001110111 ,
b1000010001110111 9
b1001011101011100 )
b1001011101011100 6
b1110001111000101 *
b1110001111000101 7
r0.525054931640625 X
r-0.888946533203125 Y
r0.16107177734375 V
r-0.010528564453125 W
b101010 2
b101110 5
b101010 4
r0 R
r4.470348358154297e-07 S
r-1 P
r0.32977294921875 Q
b100 1
b101010 3
r-1 T
r0.3297725021839142 U
1-
#580000
0-
#585000
b10100111010101001011001011100 J
b11001000000001100111010111000 K
b10100111010100101011001011100 L
b11001000000001000111010111000 M
b111001000001 B
b1000010001110111 C
b1001011101011100 @
b1110001111000101 A
b101011100010000010001111100 E
b1111011110010101000111100000 F
b11100011111111011101011010010000 D
b11111100111111100110010101001000 G
b1101110000101100 #
b1101110000101100 H
b1010010100001110 "
b1010010100001110 I
b100001100110101 +
b100001100110101 8
b1000111000110111 ,
b1000111000110111 9
b1010010011110 )
b1010010011110 6
b1111111010100111 *
b1111111010100111 7
r-0.559906005859375 X
r0.40081787109375 Y
r-0.760040283203125 V
r-0.1468505859375 W
b101011 2
b101111 5
b101011 4
r2.84239649772644e-06 R
r1.032836735248566e-05 S
r0.249969482421875 P
r-0.8428955078125 Q
b100 1
b101011 3
r0.2499723248183727 T
r-0.8428851794451475 U
1-
#590000
0-
#595000
b110000111011001010011011001001 J
b10011011100110011111000110111 K
b110000111011000110011011001001 L
b10011011100101111111000110111 M
b10100111010101 #
b10100111010101 H
b11001000000001 "
b11001000000001 I
b110010011111101100101111000100 E
b11111110011011011001101100000101 F
b11111010001011000111011001011100 D
b1101100111110111010010010011 G
b100001100110101 B
b1000111000110111 C
b1010010011110 @
b1111111010100111 A
b1011100001010101 +
b1011100001010101 8
b11001101001110 ,
b11001101001110 9
b1001111010110111 )
b1001111010110111 6
b1110110100110100 *
b1110110100110100 7
r0.978729248046875 X
r0.36895751953125 Y
r0.730010986328125 V
r-0.547210693359375 W
b101100 2
b110000 5
b101100 4
r2.071261405944824e-06 R
r4.736706614494324e-06 S
r-0.2799072265625 P
r-0.71051025390625 Q
b100 1
b101100 3
r-0.2799092978239059 T
r-0.7105055171996355 U
1-
#600000
0-
#605000
b111110110011110111011111110000101 J
b111111011001011111111100100101011 K
b111110110011110110111111110000101 L
b111111011001011111011100100101011 M
b1011100001010101 B
b11001101001110 C
b1001111010110111 @
b1110110100110100 A
b11110110110101100001000111110010 E
b11111111101001010110110110010011 F
b101011010011001111010110110 D
b100110010101011111100001 G
b110000111011001 #
b110000111011001 H
b10011011100110 "
b10011011100110 I
b111110101000111 +
b111110101000111 8
b10111100111010 ,
b10111100111010 9
b101110101110001 )
b101110101110001 6
b1011100111110101 *
b1011100111110101 7
r0.215057373046875 X
r-0.27392578125 Y
r-0.8973388671875 V
r0.83245849609375 W
b101101 2
b110001 5
b101101 4
r9.927898645401001e-06 R
r3.509223461151123e-06 S
r0.326812744140625 P
r0.390655517578125 Q
b100 1
b101101 3
r0.3268028162419796 T
r0.3906590268015862 U
1-
#610000
0-
#615000
b111110001110001000011001100000110 J
b111100000111111111010011100010101 K
b111110001110000111111001100000110 L
b111100000111111110110011100010101 M
b1110110011110111 #
b1110110011110111 H
b1111011001011111 "
b1111011001011111 I
b11101100100000001101000011000010 E
b101010000110010001001000100 F
b11011001111000011101011000011 D
b11111100001110111010000111011000 G
b111110101000111 B
b10111100111010 C
b101110101110001 @
b1011100111110101 A
b1101110000111 +
b1101110000111 8
b1101110011110000 ,
b1101110011110000 9
b1000110100100100 )
b1000110100100100 6
b110101010001110 *
b110101010001110 7
r-0.28692626953125 X
r0.149566650390625 Y
r0.751739501953125 V
r0.587127685546875 W
b101110 2
b110010 5
b101110 4
r6.011687219142914e-06 R
r4.256144165992737e-07 S
r0.764434814453125 P
r0.30389404296875 Q
b100 1
b101110 3
r0.7644288027659059 T
r0.3038936173543334 U
1-
#620000
0-
#625000
b111101110111101100101111010001101 J
b111000101010110100100010100101011 K
b111101110111101100001111010001101 L
b111000101010110100000010100101011 M
b1101110000111 B
b1101110011110000 C
b1000110100100100 @
b110101010001110 A
b10001001111001110101010011010 E
b11011101101110010011001111110011 F
b101101101110100001011101010111 D
b11110011000101000001110010000010 G
b1110001110001000 #
b1110001110001000 H
b1100000111111111 "
b1100000111111111 I
b1101101101000110 +
b1101101101000110 8
b1001100100101 ,
b1001100100101 9
b110000000111001 )
b110000000111001 6
b100101100100111 *
b100101100100111 7
r0.468841552734375 X
r0.526397705078125 Y
r0.862274169921875 V
r0.489044189453125 W
b101111 2
b110011 5
b101111 4
r1.145526766777039e-07 R
r1.362990587949753e-05 S
r-0.148712158203125 P
r-0.075225830078125 Q
b100 1
b101111 3
r-0.1487122727558017 T
r-0.0752122001722455 U
1-
#630000
0-
#635000
b11011001100001010110010100010 J
b111111101110000011111001100100100 K
b11011001100000110110010100010 L
b111111101110000011011001100100100 M
b1101110111101100 #
b1101110111101100 H
b1000101010110100 "
b1000101010110100 I
b1111101110110100000111000000 E
b1011011101010010101011100010 F
b11110011101001100011100111111100 D
b11110001011001111110110100100000 G
b1101101101000110 B
b1001100100101 C
b110000000111001 @
b100101100100111 A
b11110000000011 +
b11110000000011 8
b100001101100001 ,
b100001101100001 9
b110111001011111 )
b110111001011111 6
b11111010011001 *
b11111010011001 7
r0.475982666015625 X
r-0.189361572265625 Y
r-0.144134521484375 V
r0.49493408203125 W
b110000 2
b110100 5
b110000 4
r3.09385359287262e-06 R
r5.940906703472137e-06 S
r-0.222412109375 P
r-0.484405517578125 Q
b100 1
b110000 3
r-0.2224152032285929 T
r-0.4844114584848285 U
1-
#640000
0-
#645000
b111111100011010100100110011100111 J
b10011011011001110111100001101 K
b111111100011010100000110011100111 L
b10011011011001010111100001101 M
b11110000000011 B
b100001101100001 C
b110111001011111 @
b11111010011001 A
b111001100100010001100111101 E
b11110101001101111110100110101010 F
b11110010001100100001001010010110 D
b101100111101100000110100011 G
b11011001100001 #
b11011001100001 H
b1111101110000011 "
b1111101110000011 I
b11110011101101 +
b11110011101101 8
b1110011111000011 ,
b1110011111000011 9
b1110110110001101 )
b1110110110001101 6
b11111101011010 *
b11111101011010 7
r-0.367523193359375 X
r0.0904541015625 Y
r-0.6192626953125 V
r-0.022216796875 W
b110001 2
b110101 5
b110001 4
r7.283873856067657e-06 R
r1.232139766216278e-06 S
r-0.2662353515625 P
r-0.9163818359375 Q
b100 1
b110001 3
r-0.2662280676886439 T
r-0.9163806037977338 U
1-
#650000
0-
#655000
b101011101110011000011011001010 J
b111110110100110100111001111011100 K
b101011101110010100011011001010 L
b111110110100110100011001111011100 M
b1111100011010100 #
b1111100011010100 H
b10011011011001 "
b10011011011001 I
b11101000011001010111011111111 E
b1110101011001001011111001011 F
b11001110111111000111100011101 D
b10000011110011100001011111001 G
b11110011101101 B
b1110011111000011 C
b1110110110001101 @
b11111101011010 A
b1101000011110101 +
b1101000011110101 8
b101110010100 ,
b101110010100 9
b1011000010111100 )
b1011000010111100 6
b1111110100101000 *
b1111110100101000 7
r-0.7913818359375 X
r0.9573974609375 Y
r-0.684478759765625 V
r0.527069091796875 W
b110010 2
b110110 5
b110010 4
r4.617497324943542e-06 R
r1.219287514686584e-05 S
r0.424835205078125 P
r-0.035064697265625 Q
b100 1
b110010 3
r0.4248305875808001 T
r-0.03505250439047813 U
1-
#660000
0-
#665000
b10000110100110010101110111001 J
b111111110011001001100000000000101 K
b10000110100101110101110111001 L
b111111110011001001000000000000101 M
b1101000011110101 B
b101110010100 C
b1011000010111100 @
b1111110100101000 A
b1101111110010110101100111 E
b1111000100111011111001010010 F
b11111011100110111111011110001001 D
b11111010000000000111011110001110 G
b101011101110011 #
b101011101110011 H
b1110110100110100 "
b1110110100110100 I
b1001101010110100 +
b1001101010110100 8
b111101010001100 ,
b111101010001100 9
b1010100001100011 )
b1010100001100011 6
b100001101110111 *
b100001101110111 7
r-0.406219482421875 X
r-0.227386474609375 Y
r0.755401611328125 V
r-0.83905029296875 W
b110011 2
b110111 5
b110011 4
r3.076158463954926e-06 R
r1.121778041124344e-05 S
r-0.0560302734375 P
r0.303497314453125 Q
b100 1
b110011 3
r-0.05602719727903605 T
r0.3035085322335362 U
1-
#670000
0-
#675000
b111111100111100000100011111111000 J
b111110001010011100110111100110100 K
b111111100111100000000011111111000 L
b111110001010011100010111100110100 M
b10000110100110 #
b10000110100110 H
b1111110011001001 "
b1111110011001001 I
b11111100011010100100000010110000 E
b100001011100011101001000 F
b1110100100001110001111101100 D
b11111111110111110001001100100000 G
b1001101010110100 B
b111101010001100 C
b1010100001100011 @
b100001101110111 A
b1100110000000001 +
b1100110000000001 8
b1110001011100101 ,
b1110001011100101 9
b110000010110001 )
b110000010110001 6
b1001010010011010 *
b1001010010011010 7
r-0.45849609375 X
r-0.07708740234375 Y
r-0.5504150390625 V
r0.29449462890625 W
b110100 2
b111000 5
b110100 4
r1.36401504278183e-05 R
r1.236423850059509e-05 S
r0.683197021484375 P
r-0.1468505859375 Q
b100 1
b110100 3
r0.6831833813339472 T
r-0.1468382216989994 U
1-
#680000
0-
#685000
b110111011010111011000100111010000 J
b111111101101000001110011101111000 K
b110111011010111010100100111010000 L
b111111101101000001010011101111000 M
b1100110000000001 B
b1110001011100101 C
b110000010110001 @
b1001010010011010 A
b11010110000011110100010000100100 E
b11100101010011100000010110101100 F
b100010101010101111001110011100 D
b100000010010111001101100010100 G
b1111100111100000 #
b1111100111100000 H
b1110001010011100 "
b1110001010011100 I
b1100010101010000 +
b1100010101010000 8
b1111011000100010 ,
b1111011000100010 9
b1011100110001100 )
b1011100110001100 6
b10010110110010 *
b10010110110010 7
r-0.36883544921875 X
r0.66107177734375 Y
r-0.341461181640625 V
r0.307373046875 W
b110101 2
b111001 5
b110101 4
r4.834495484828949e-06 R
r4.656612873077393e-09 S
r0.26287841796875 P
r-0.025115966796875 Q
b100 1
b110101 3
r0.2628735834732652 T
r-0.02511596214026213 U
1-
#690000
0-
#695000
b1010110100100100110011101111 J
b11111110110011011010100010001 K
b1010110100100000110011101111 L
b11111110110010111010100010001 M
b1000000000000000 #
b1000000000000000 H
b1111101101000001 "
b1111101101000001 I
b11110101000000011100000001010101 E
b10101110100000100110010011010 F
b11101100010111000110110010110001 D
b1100001101011110000111000010 G
b1100010101010000 B
b1111011000100010 C
b1011100110001100 @
b10010110110010 A
b1101000011001010 +
b1101000011001010 8
b101010010011110 ,
b101010010011110 9
b1101010001001011 )
b1101010001001011 6
b10011101011000 *
b10011101011000 7
r0.165496826171875 X
r-0.37628173828125 Y
r-0.0999755859375 V
r0.055023193359375 W
b110110 2
b111010 5
b110110 4
r1.899898052215576e-06 R
r1.125410199165344e-05 S
r-0.0478515625 P
r-0.2296142578125 Q
b100 1
b110110 3
r-0.04784966260194778 T
r-0.2296030037105083 U
1-
#700000
0-
#705000
b111111010000100110010111000111000 J
b111101110011001011001010111100100 K
b111111010000100101110111000111000 L
b111101110011001010101010111100100 M
b1101000011001010 B
b101010010011110 C
b1101010001001011 @
b10011101011000 A
b10101101110010110010011000 E
b11110111010110111100000110100000 F
b10000001001101011011111000000 D
b11111110100011000000110110100100 G
b1010110100100 #
b1010110100100 H
b11111110110011 "
b11111110110011 I
b1010100101111 +
b1010100101111 8
b1100111111010110 ,
b1100111111010110 9
b1111001100110100 )
b1111001100110100 6
b11100001011 *
b11100001011 7
r-0.777923583984375 X
r0.620758056640625 Y
r-0.447601318359375 V
r0.16680908203125 W
b110111 2
b111011 5
b110111 4
r0 R
r9.410083293914795e-06 S
r-1 P
r-0.037078857421875 Q
b100 1
b110111 3
r-1 T
r-0.03706944733858109 U
1-
#710000
0-
#715000
b111101010010011000110110110111010 J
b100111100011111010100100010 K
b111101010010011000010110110111010 L
b100111100011011010100100010 M
b1111010000100110 #
b1111010000100110 H
b1101110011001011 "
b1101110011001011 I
b11110001100011011010001001001010 E
b11111000101111101000101101110000 F
b1000000011110111001100101110 D
b1101000000010010100001010000 G
b1010100101111 B
b1100111111010110 C
b1111001100110100 @
b11100001011 A
b1001110001101101 +
b1001110001101101 8
b100111101110101 ,
b100111101110101 9
b1100011010110101 )
b1100011010110101 6
b1010101011010 *
b1010101011010 7
r0.078094482421875 X
r0.790130615234375 Y
r0.7843017578125 V
r-0.524932861328125 W
b111000 2
b111100 5
b111000 4
r3.083609044551849e-06 R
r2.606771886348724e-06 S
r0.1690673828125 P
r0.497650146484375 Q
b100 1
b111000 3
r0.1690704664215446 T
r0.4976475397124887 U
1-
#720000
0-
#725000
b10111111011100101101111101 J
b111111111101111000001110110100110 K
b10111111011000101101111101 L
b111111111101110111101110110100110 M
b1001110001101101 B
b100111101110101 C
b1100011010110101 @
b1010101011010 A
b10011010000101100101111000 E
b100101010011001000000101 F
b11111110111100001110101010001100 D
b11111110101011001100100000110010 G
b1101010010011000 #
b1101010010011000 H
b100111100011 "
b100111100011 I
b100111111111 +
b100111111111 8
b110010100100011 ,
b110010100100011 9
b110010001100100 )
b110010001100100 6
b1011110011001111 *
b1011110011001111 7
r0.726715087890625 X
r0.711273193359375 Y
r-0.220977783203125 V
r0.4189453125 W
b111001 2
b111101 5
b111001 4
r4.239380359649658e-06 R
r1.003965735435486e-05 S
r-0.09259033203125 P
r-0.275054931640625 Q
b100 1
b111001 3
r-0.09259457141160965 T
r-0.2750649712979794 U
1-
#730000
0-
#735000
b111100101111010011101101100001011 J
b111110000010101111110000100010001 K
b111100101111010011001101100001011 L
b111110000010101111010000100010001 M
b10111111011 #
b10111111011 H
b1111111101111000 "
b1111111101111000 I
b11101110001101111010101110111001 E
b11110111101100011110111101010010 F
b10110010010001110011100010001 D
b110101000001000100000100010 G
b100111111111 B
b110010100100011 C
b110010001100100 @
b1011110011001111 A
b101110100000101 +
b101110100000101 8
b101101100001011 ,
b101101100001011 9
b1110001110110111 )
b1110001110110111 6
b11010110100000 *
b11010110100000 7
r-0.29571533203125 X
r0.571746826171875 Y
r0.72271728515625 V
r0.76629638671875 W
b111010 2
b111110 5
b111010 4
r1.090206205844879e-05 R
r1.266784965991974e-05 S
r-0.339111328125 P
r0.077239990234375 Q
b100 1
b111010 3
r-0.3391004260629416 T
r0.07725265808403492 U
1-
#740000
0-
#745000
b100101000010011100011011011101 J
b111100001100010010011011110110001 K
b100101000010011000011011011101 L
b111100001100010001111011110110001 M
b101110100000101 B
b101101100001011 C
b1110001110110111 @
b11010110100000 A
b100111101010010010110110101100 E
b11111101011000000101100100110001 F
b11111010111000001110011100 D
b11100101011101000111101101001101 G
b1100101111010011 #
b1100101111010011 H
b1110000010101111 "
b1110000010101111 I
b1101101000100110 +
b1101101000100110 8
b100100100101111 ,
b100100100101111 9
b101110010000010 )
b101110010000010 6
b110001000010110 *
b110001000010110 7
r-0.053497314453125 X
r0.979888916015625 Y
r-0.475006103515625 V
r0.497894287109375 W
b111011 2
b111111 5
b111011 4
r2.739019691944122e-06 R
r8.190050721168518e-06 S
r0.046722412109375 P
r-0.004150390625 Q
b100 1
b111011 3
r0.04672515112906694 T
r-0.004158580675721169 U
1-
#750000
0-
#755000
b1001011011010100000111111101 J
b11101010110011000000001001101 K
b1001011011010000000111111101 L
b11101010110010100000001001101 M
b100101000010011 #
b100101000010011 H
b1100001100010010 "
b1100001100010010 I
b11110101111100001101010111011101 E
b10011011111000010110000100000 F
b11110101101110001110110110010011 D
b10011000100100010110111100000 G
b1101101000100110 B
b100100100101111 C
b101110010000010 @
b110001000010110 A
b1111100100100111 +
b1111100100100111 8
b111110101101101 ,
b111110101101101 9
b1100001100110011 )
b1100001100110011 6
b11111110111011 *
b11111110111011 7
r-0.107147216796875 X
r0.518035888671875 Y
r-0.25933837890625 V
r0.197418212890625 W
b111100 2
b0 5
b111100 4
r6.447546184062958e-06 R
r7.883645594120026e-06 S
r-0.407623291015625 P
r-0.244659423828125 Q
b100 1
b111100 3
r-0.4076168434694409 T
r-0.2446515401825309 U
1-
#760000
0-
#765000
b1011111100011001100100100010 J
b101001101110000001100010111110 K
b1011111100010101100100100010 L
b101001101101111101100010111110 M
b1111100100100111 B
b111110101101101 C
b1100001100110011 @
b11111110111011 A
b11010011100100000110111011110 E
b11110001011111110100101101000100 F
b11110010010100100110111101001100 D
b11100000010100100100000001010 G
b1001011011010 #
b1001011011010 H
b11101010110011 "
b11101010110011 I
b1111001001001001 +
b1111001001001001 8
b100001001001111 ,
b100001001001111 9
b1101111011001110 )
b1101111011001110 6
b1100101000101 *
b1100101000101 7
r0.557769775390625 X
r-0.370452880859375 Y
r0.661376953125 V
r0.791107177734375 W
b111101 2
b1 5
b111101 4
r1.636333763599396e-06 R
r1.980923116207123e-06 S
r0.578704833984375 P
r-0.47601318359375 Q
b100 1
b111101 3
r0.5787064703181386 T
r-0.4760151645168662 U
1-
#770000
0-
#775000
b111100000100000011101110000110100 J
b11101100110010101100111011010 K
b111100000100000011001110000110100 L
b11101100110010001100111011010 M
b1011111100011 #
b1011111100011 H
b101001101110000 "
b101001101110000 I
b11100010001101100000001110110111 E
b11111110010010111001100001111101 F
b1101000000101011111000101 D
b11111001110010111000110011111 G
b1111001001001001 B
b100001001001111 C
b1101111011001110 @
b1100101000101 A
b100011101100101 +
b100011101100101 8
b1101000010010101 ,
b1101000010010101 9
b101010010101000 )
b101010010101000 6
b110010101000011 *
b110010101000011 7
r0.787353515625 X
r-0.06634521484375 Y
r-0.953948974609375 V
r-0.019195556640625 W
b111110 2
b10 5
b111110 4
r4.740431904792786e-07 R
r1.518707722425461e-05 S
r0.14727783203125 P
r0.458587646484375 Q
b100 1
b111110 3
r0.1472783060744405 T
r0.4585724594071507 U
1-
#780000
0-
#785000
b111110110000011001000110000111111 J
b100110001001001000110001101 K
b111110110000011000100110000111111 L
b100110001000101000110001101 M
b100011101100101 B
b1101000010010101 C
b101010010101000 @
b110010101000011 A
b11110111011001101101110110010010 E
b11111110101001010110111010101101 F
b1110001110100010010111110 D
b110100010111001011001001011 G
b1100000100000011 #
b1100000100000011 H
b11101100110010 "
b11101100110010 I
b110010011001000 +
b110010011001000 8
b1111011110000010 ,
b1111011110000010 9
b1000010111100101 )
b1000010111100101 6
b1111110110001011 *
b1111110110001011 7
r0.420318603515625 X
r-0.438232421875 Y
r-0.541473388671875 V
r0.2138671875 W
b111111 2
b11 5
b111111 4
r9.266659617424011e-06 R
r9.359791874885559e-06 S
r0.186614990234375 P
r0.65185546875 Q
b100 1
b111111 3
r0.1866057235747576 T
r0.6518461089581251 U
1-
#790000
0-
#795000
b1100100011111000111000110111 J
b111010101101000101010000110110111 K
b1100100011110100111000110111 L
b111010101101000100110000110110111 M
b1110110000011001 #
b1110110000011001 H
b100110001001 "
b100110001001 I
b11110000010100011100010111001000 E
b11100001111011000100001101111 F
b10111100110111111111001001000 D
b11101101001111100101111111111111 G
b110010011001000 B
b1111011110000010 C
b1000010111100101 @
b1111110110001011 A
b11010111001101 +
b11010111001101 8
b1100011111101000 ,
b1100011111101000 9
b1011101010110001 )
b1011101010110001 6
b1101101100000 *
b1101101100000 7
r0.57220458984375 X
r0.608978271484375 Y
r-0.318389892578125 V
r0.534332275390625 W
b1000000 2
b100 5
b1000000 4
r6.724148988723755e-06 R
r6.163492798805237e-06 S
r-0.492095947265625 P
r0.46246337890625 Q
b100 1
b0 3
r-0.4920892231166363 T
r0.4624695423990488 U
1-
#800000
0-
#805000
b11000101011001000111100010 J
b110000001001110000111010101110 K
b11000101010101000111100010 L
b110000001001101100111010101110 M
b11010111001101 B
b1100011111101000 C
b1011101010110001 @
b1101101100000 A
b100000011001111000101001010 E
b11111111000010000110000010011000 F
b11001111111011100000111011101000 D
b101001101110110010110 G
b1100100011111 #
b1100100011111 H
b1010101101000101 "
b1010101101000101 I
b100100100111110 +
b100100100111110 8
b100110111110011 ,
b100110111110011 9
b1101011100111111 )
b1101011100111111 6
b100010001100101 *
b100010001100101 7
r-0.238983154296875 X
r0.294647216796875 Y
r-0.8240966796875 V
r0.1583251953125 W
b1000001 2
b101 5
b1000001 4
r1.233909279108047e-05 R
r1.107435673475266e-05 S
r-0.155487060546875 P
r0.074493408203125 Q
b100 1
b1 3
r-0.1554993996396661 T
r0.07448233384639025 U
1-
#810000
0-
#815000
b10100111100001101001101001000 J
b1000100100011000101001000011 K
b10100111100001001001101001000 L
b1000100100010100101001000011 M
b11000101011 #
b11000101011 H
b110000001001110 "
b110000001001110 I
b1111001011111100011101101000 E
b101110000001100101111100000 F
b11110001011011110010010010111101 D
b11111010000000000110111100000000 G
b100100100111110 B
b100110111110011 C
b1101011100111111 @
b100010001100101 A
b1110000101101001 +
b1110000101101001 8
b10010110110111 ,
b10010110110111 9
b1001011010000100 )
b1001011010000100 6
b1010001000100 *
b1010001000100 7
r0.093841552734375 X
r0.925567626953125 Y
r0.052337646484375 V
r-0.8819580078125 W
b1000010 2
b110 5
b1000010 4
r1.186970621347427e-05 R
r7.220543920993805e-06 S
r0.196258544921875 P
r-0.661956787109375 Q
b100 1
b10 3
r0.1962466752156615 T
r-0.661964007653296 U
1-
#820000
0-
#825000
b111001010001110000101000011 J
b100000011111000111010010011101 K
b111001010001010000101000011 L
b100000011111000011010010011101 M
b1110000101101001 B
b10010110110111 C
b1001011010000100 @
b1010001000100 A
b11110011100101110100001111001101 E
b10011100100010101110101110110 F
b11110100010101110001100001000010 D
b10100110100110100110011011111 G
b10100111100001 #
b10100111100001 H
b1000100100011 "
b1000100100011 I
b110000000011 +
b110000000011 8
b111011001111001 ,
b111011001111001 9
b11010110011 )
b11010110011 6
b1000111100011100 *
b1000111100011100 7
r-0.767608642578125 X
r-0.744140625 Y
r-0.47296142578125 V
r0.81781005859375 W
b1000011 2
b111 5
b1000011 4
r1.099519431591034e-05 R
r1.175887882709503e-05 S
r0.048187255859375 P
r0.75238037109375 Q
b100 1
b11 3
r0.04817626066505909 T
r0.7523686122149229 U
1-
#830000
0-
#835000
b111101110000010100000000001000000 J
b111110110011000011101000001111000 K
b111101110000010011100000001000000 L
b111110110011000011001000001111000 M
b111001010001 #
b111001010001 H
b100000011111000 "
b100000011111000 I
b11110000011101011010110001011100 E
b11111101100101000001001111100100 F
b1100100110101100000000100100 D
b10111111000101000010011100 G
b110000000011 B
b111011001111001 C
b11010110011 @
b1000111100011100 A
b1001110110111111 +
b1001110110111111 8
b1010000011000000 ,
b1010000011000000 9
b1100001101110110 )
b1100001101110110 6
b110100010101110 *
b110100010101110 7
r-0.6431884765625 X
r-0.663299560546875 Y
r0.327606201171875 V
r0.8458251953125 W
b1000100 2
b1000 5
b1000100 4
r4.597008228302002e-06 R
r1.281220465898514e-05 S
r0.327178955078125 P
r0.133880615234375 Q
b100 1
b100 3
r0.3271835520863533 T
r0.133867803029716 U
1-
#840000
0-
#845000
b111111101110011011110100111101111 J
b111001011011100010101010000100011 K
b111111101110011011010100111101111 L
b111001011011100010001010000100011 M
b1001110110111111 B
b1010000011000000 C
b1100001101110110 @
b110100010101110 A
b11000110011010110010011011 E
b11111010101100111111110101010100 F
b10100000111100000011001 D
b11001011110000011000110000111100 G
b1101110000010100 #
b1101110000010100 H
b1110110011000011 "
b1110110011000011 I
b1010110110101100 +
b1010110110101100 8
b1010101100011001 ,
b1010101100011001 9
b10100111101111 )
b10100111101111 6
b110110001000100 *
b110110001000100 7
r-0.15380859375 X
r0.4505615234375 Y
r-0.980865478515625 V
r-0.11407470703125 W
b1000101 2
b1001 5
b1000101 4
r7.9302117228508e-06 R
r1.254398375749588e-05 S
r0.111846923828125 P
r0.507568359375 Q
b100 1
b101 3
r0.1118548540398479 T
r0.5075809033587575 U
1-
#850000
0-
#855000
b111101110010110010110100001010010 J
b111000001110100010100111101110110 K
b111101110010110010010100001010010 L
b111000001110100010000111101110110 M
b1111101110011011 #
b1111101110011011 H
b1001011011100010 "
b1001011011100010 I
b10110100001100101100010000000 E
b11010111110100101100111111010010 F
b10111001111000011001100001010 D
b11011001000011010100001010000000 G
b1010110110101100 B
b1010101100011001 C
b10100111101111 @
b110110001000100 A
b1110110001010000 +
b1110110001010000 8
b11100110101100 ,
b11100110101100 9
b1000001001110011 )
b1000001001110011 6
b1111000101100110 *
b1111000101100110 7
r-0.105255126953125 X
r-0.777313232421875 Y
r-0.281158447265625 V
r0.07220458984375 W
b1000110 2
b1010 5
b1000110 4
r1.519918441772461e-05 R
r3.926455974578857e-06 S
r-0.2806396484375 P
r-0.150299072265625 Q
b100 1
b110 3
r-0.2806548476219177 T
r-0.1502951458096504 U
1-
#860000
0-
#865000
b111001111010001101010111100000111 J
b111101001100101001000111100010000 K
b111001111010001100110111100000111 L
b111101001100101000100111100010000 M
b1110110001010000 B
b11100110101100 C
b1000001001110011 @
b1111000101100110 A
b11110010000101111011110101010111 E
b11011101001011101011000110110000 F
b11110010100000111010111110010100 D
b11011100000101111111111010100100 G
b1101110010110010 #
b1101110010110010 H
b1000001110100010 "
b1000001110100010 I
b1111001010000111 +
b1111001010000111 8
b1001110010000001 ,
b1001110010000001 9
b1101110000000011 )
b1101110000000011 6
b100100111110 *
b100100111110 7
r0.782073974609375 X
r0.50439453125 Y
r0.168243408203125 V
r-0.368988037109375 W
b1000111 2
b1011 5
b1000111 4
r9.997747838497162e-06 R
r4.800967872142792e-06 S
r-0.034332275390625 P
r-0.82122802734375 Q
b100 1
b111 3
r-0.0343222776427865 T
r-0.8212232263758779 U
1-
#870000
0-
#875000
b111100100110101101111100000100100 J
b111110011000011100101111010011000 K
b111100100110101101011100000100100 L
b111110011000011100001111010011000 M
b1001111010001101 #
b1001111010001101 H
b1101001100101001 "
b1101001100101001 I
b11100011101101110100000001000100 E
b1000111110111011111100000 F
b1001101001111100011111110000 D
b11111100101101011110011010001000 G
b1111001010000111 B
b1001110010000001 C
b1101110000000011 @
b100100111110 A
b110010000011011 +
b110010000011011 8
b100000010010000 ,
b100000010010000 9
b1010110001001 )
b1010110001001 6
b1101000011000101 *
b1101000011000101 7
r-0.98333740234375 X
r-0.8785400390625 Y
r0.631500244140625 V
r0.153961181640625 W
b1001000 2
b1100 5
b1001000 4
r9.613111615180969e-06 R
r3.686174750328064e-06 S
r-0.27581787109375 P
r-0.97161865234375 Q
b100 1
b1000 3
r-0.2758082579821348 T
r-0.9716149661689997 U
1-
#880000
0-
#885000
b1101100000000110110100110101 J
b111111010100000111101010010101001 K
b1101100000000010110100110101 L
b111111010100000111001010010101001 M
b110010000011011 B
b100000010010000 C
b1010110001001 @
b1101000011000101 A
b1101111111001011000110000011 E
b11111111100000110111101110110010 F
b1111001001101101110010101 D
b11111100011010000111000000111110 G
b1100100110101101 #
b1100100110101101 H
b1110011000011100 "
b1110011000011100 I
b1000001000100010 +
b1000001000100010 8
b1000111110001100 ,
b1000111110001100 9
b101000011010101 )
b101000011010101 6
b1001110110101 *
b1001110110101 7
r-0.928924560546875 X
r0.08148193359375 Y
r-0.4112548828125 V
r0.345123291015625 W
b1001001 2
b1101 5
b1001001 4
r4.046596586704254e-06 R
r1.166760921478271e-05 S
r-0.761322021484375 P
r-0.350311279296875 Q
b100 1
b1001 3
r-0.7613260680809617 T
r-0.3503229469060898 U
1-
#890000
0-
#895000
b111110010111101101001010111010111 J
b111101011101010110010010101011101 K
b111110010111101100101010111010111 L
b111101011101010101110010101011101 M
b1101100000000 #
b1101100000000 H
b1111010100000111 "
b1111010100000111 I
b101011011100101110100010000 E
b11101101100001111111100011000111 F
b1000011010111100100101110011 D
b11110100000101101010111011010000 G
b1000001000100010 B
b1000111110001100 C
b101000011010101 @
b1001110110101 A
b1000100100011001 +
b1000100100011001 8
b101001101110 ,
b101001101110 9
b1100101101011100 )
b1100101101011100 6
b10110000101101 *
b10110000101101 7
r-0.072174072265625 X
r0.33404541015625 Y
r-0.3072509765625 V
r-0.41302490234375 W
b1001010 2
b1110 5
b1001010 4
r1.338496804237366e-05 R
r7.294118404388428e-06 S
r-0.424407958984375 P
r-0.2022705078125 Q
b100 1
b1010 3
r-0.4243945740163326 T
r-0.2022632136940956 U
1-
#900000
0-
#905000
b111010010110011011111011110000110 J
b11111000101100011101110110010 K
b111010010110011011011011110000110 L
b11111000101011111101110110010 M
b1000100100011001 B
b101001101110 C
b1100101101011100 @
b10110000101101 A
b11011100011111100010111101111100 E
b11110110010011111000100000001010 F
b11011000010000011110011001001010 D
b11110111010101111110000111111100 G
b1110010111101101 #
b1110010111101101 H
b1101011101010110 "
b1101011101010110 I
b1111011011000011 +
b1111011011000011 8
b10101011000010 ,
b10101011000010 9
b1101100010101100 )
b1101100010101100 6
b1100101100100010 *
b1100101100100010 7
r-0.845672607421875 X
r0.6773681640625 Y
r0.958526611328125 V
r0.168304443359375 W
b1001011 2
b1111 5
b1001011 4
r1.077819615602493e-05 R
r4.925765097141266e-06 S
r0.2109375 P
r-0.085723876953125 Q
b100 1
b1011 3
r0.210948278196156 T
r-0.08571895118802786 U
1-
#910000
0-
#915000
b111101001010101101001111011101101 J
b111101001010110011110010101011010 K
b111101001010101100101111011101101 L
b111101001010110011010010101011010 M
b1010010110011011 #
b1010010110011011 H
b11111000101100 "
b11111000101100 I
b11111101110110101111100110001000 E
b11101011011110110110010101100101 F
b11000011100110001011111111100 D
b1110011001011110101010110 G
b1111011011000011 B
b10101011000010 C
b1101100010101100 @
b1100101100100010 A
b1001001111000001 +
b1001001111000001 8
b101011010110100 ,
b101011010110100 9
b111101010110001 )
b111101010110001 6
b1010110001011 *
b1010110001011 7
r-0.273956298828125 X
r-0.095001220703125 Y
r-0.346435546875 V
r0.517852783203125 W
b1001100 2
b10000 5
b1001100 4
r1.005176454782486e-05 R
r6.350688636302948e-06 S
r-0.203704833984375 P
r-0.31768798828125 Q
b100 1
b1100 3
r-0.2037148857489228 T
r-0.3176943389698863 U
1-
#920000
0-
#925000
b111111011010101110001000100111110 J
b111110101110000000111000011000000 K
b111111011010101101101000100111110 L
b111110101110000000011000011000000 M
b1001001111000001 B
b101011010110100 C
b111101010110001 @
b1010110001011 A
b11111001011011100110101001011000 E
b1111010000110011011100110 F
b1011010110101001100000100 D
b11110111001010111000001111000100 G
b1101001010101101 #
b1101001010101101 H
b1101001010110011 "
b1101001010110011 I
b1101110011101111 +
b1101110011101111 8
b1111001111010111 ,
b1111001111010111 9
b1101001110101000 )
b1101001110101000 6
b100001001001001 *
b100001001001001 7
r0.316497802734375 X
r0.78692626953125 Y
r0.858551025390625 V
r-0.71209716796875 W
b1001101 2
b10001 5
b1001101 4
r1.323781907558441e-05 R
r1.026317477226257e-06 S
r-0.706207275390625 P
r0.4857177734375 Q
b100 1
b1101 3
r-0.7061940375715494 T
r0.4857167471200228 U
1-
#930000
0-
#935000
b100000011100100000100100111111 J
b111011001011001111010101001011 K
b100000011100011100100100111111 L
b111011001011001011010101001011 M
b1111011010101110 #
b1111011010101110 H
b1110101110000000 "
b1110101110000000 I
b101001100011011011101001110100 E
b11110110111001000000111011001011 F
b11001100000111110010001001110001 D
b111010010111101011110111100 G
b1101110011101111 B
b1111001111010111 C
b1101001110101000 @
b100001001001001 A
b10100010000011 +
b10100010000011 8
b110010010111010 ,
b110010010111010 9
b110110111100101 )
b110110111100101 6
b1010010011011010 *
b1010010011011010 7
r-0.72735595703125 X
r0.97784423828125 Y
r0.16619873046875 V
r-0.3692626953125 W
b1001110 2
b10010 5
b1001110 4
r7.885508239269257e-06 R
r8.905306458473206e-06 S
r-0.354095458984375 P
r-0.353912353515625 Q
b100 1
b1110 3
r-0.3541033444926143 T
r-0.3539034482091665 U
1-
#940000
0-
#945000
b111111001000001110001100000111111 J
b111110110110001110011110001110111 K
b111111001000001101101100000111111 L
b111110110110001101111110001110111 M
b10100010000011 B
b110010010111010 C
b110110111100101 @
b1010010011011010 A
b10000110110011101000011000 E
b11110110111010111001111000100111 F
b110000100101111100111011000 D
b11111100110110011111011001001111 G
b100000011100100 #
b100000011100100 H
b111011001011001 "
b111011001011001 I
b1010001011100110 +
b1010001011100110 8
b111110100101010 ,
b111110100101010 9
b1010101000110 )
b1010101000110 6
b1101000010111100 *
b1101000010111100 7
r-0.005401611328125 X
r-0.55255126953125 Y
r-0.512054443359375 V
r0.512725830078125 W
b1001111 2
b10011 5
b1001111 4
r1.114793121814728e-05 R
r1.162290573120117e-05 S
r-0.07281494140625 P
r-0.16015625 Q
b100 1
b1111 3
r-0.07282608933746815 T
r-0.1601446270942688 U
1-
#950000
0-
#955000
b11100110100001111011111110000 J
b111001010101111110010101000110101 K
b11100110100001011011111110000 L
b111001010101111101110101000110101 M
b1111001000001110 #
b1111001000001110 H
b1110110110001110 "
b1110110110001110 I
b101011001111010100110001100010 E
b11110001100100110110101110001110 F
b10001011001000000010000101111 D
b11011100001000101110111001100100 G
b1010001011100110 B
b111110100101010 C
b1010101000110 @
b1101000010111100 A
b1111111101001111 +
b1111111101001111 8
b1011100101000110 ,
b1011100101000110 9
b1011111001110101 )
b1011111001110101 6
b100000110100001 *
b100000110100001 7
r0.938568115234375 X
r0.52557373046875 Y
r-0.563507080078125 V
r-0.591156005859375 W
b1010000 2
b10100 5
b1010000 4
r1.305434852838516e-05 R
r1.270603388547897e-05 S
r0.5069580078125 P
r0.924591064453125 Q
b100 1
b10000 3
r0.5069449534639716 T
r0.9246037704870105 U
1-
#960000
0-
#965000
b11011100101110110110001100100 J
b111110000101000001110000111110100 K
b11011100101110010110001100100 L
b111110000101000001010000111110100 M
b1111111101001111 B
b1011100101000110 C
b1011111001110101 @
b100000110100001 A
b1010011001101010101101111100 E
b10001001100001000000011101000 F
b11111000010000110110100011100100 D
b11101000111001000000101011011000 G
b11100110100001 #
b11100110100001 H
b1001010101111110 "
b1001010101111110 I
b111100000100011 +
b111100000100011 8
b100001101000110 ,
b100001101000110 9
b1011011111011111 )
b1011011111011111 6
b1011010001010101 *
b1011010001010101 7
r0.961334228515625 X
r-0.843475341796875 Y
r0.25360107421875 V
r0.222198486328125 W
b1010001 2
b10101 5
b1010001 4
r9.478069841861725e-06 R
r8.428469300270081e-07 S
r-0.10894775390625 P
r-0.14410400390625 Q
b100 1
b10001 3
r-0.1089572319760919 T
r-0.14410484675318 U
1-
#970000
0-
#975000
b10001111011101000000010101101 J
b111101101101100010011100111101011 K
b10001111011100100000010101101 L
b111101101101100001111100111101011 M
b11011100101110 #
b11011100101110 H
b1110000101000001 "
b1110000101000001 I
b10010000110111010000011111110 E
b11111111110100101001111110101111 F
b1011010101000100011011 D
b11101101110111100100101100000110 G
b111100000100011 B
b100001101000110 C
b1011011111011111 @
b1011010001010101 A
b111101100001101 +
b111101100001101 8
b1001010000001001 ,
b1001010000001001 9
b10000001110110 )
b10000001110110 6
b1110001110001 *
b1110001110001 7
r0.22552490234375 X
r0.45611572265625 Y
r0.751220703125 V
r-0.228546142578125 W
b1010010 2
b10110 5
b1010010 4
r1.333653926849365e-05 R
r5.195848643779755e-06 S
r0.450225830078125 P
r-0.83209228515625 Q
b100 1
b10010 3
r0.4502391666173935 T
r-0.8320974810048938 U
1-
#980000
0-
#985000
b111001001100010010110001110011001 J
b1101111101110010001011000001 K
b111001001100010010010001110011001 L
b1101111101101110001011000001 M
b111101100001101 B
b1001010000001001 C
b10000001110110 @
b1110001110001 A
b11101101000010111010001111111010 E
b11011100011111010111111110011111 F
b11011110001001101010101101111101 D
b11101100000111011000111000111110 G
b10001111011101 #
b10001111011101 H
b1101101101100010 "
b1101101101100010 I
b1110011011110 +
b1110011011110 8
b11101001100010 ,
b11101001100010 9
b110000000101000 )
b110000000101000 6
b1110001010111111 *
b1110001010111111 7
r0.3839111328125 X
r0.165069580078125 Y
r0.2352294921875 V
r-0.30926513671875 W
b1010011 2
b10111 5
b1010011 4
r1.05835497379303e-05 R
r8.095055818557739e-06 S
r0.43109130859375 P
r-0.240203857421875 Q
b100 1
b10011 3
r0.4311018921434879 T
r-0.2401957623660564 U
1-
#990000
0-
#995000
b111111111111110110101100011100011 J
b111100100011001110011101111111011 K
b111111111111110110001100011100011 L
b111100100011001101111101111111011 M
b1001001100010010 #
b1001001100010010 H
b1101111101110 "
b1101111101110 I
b11110010010011110101110000100110 E
b1101101010111011110010111101 F
b1111100110100101011111111110 D
b11110100000000010101001111111001 G
b1110011011110 B
b11101001100010 C
b110000000101000 @
b1110001010111111 A
b11000100100100 +
b11000100100100 8
b1010100100001 ,
b1010100100001 9
b1111000011100 )
b1111000011100 6
b1101100001101010 *
b1101100001101010 7
r-0.737945556640625 X
r0.09283447265625 Y
r-0.119598388671875 V
r0.0853271484375 W
b1010100 2
b11000 5
b1010100 4
r1.509767025709152e-05 R
r1.4500692486763e-06 S
r0.280181884765625 P
r-0.28607177734375 Q
b100 1
b10100 3
r0.2801667870953679 T
r-0.2860732274129987 U
1-
#1000000
0-
#1005000
b10010101000011010010011110010 J
b111101110011111001001000001101110 K
b10010101000010110010011110010 L
b111101110011111000101000001101110 M
b11000100100100 B
b1010100100001 C
b1111000011100 @
b1101100001101010 A
b10101111011011101111101010000 E
b11111100101100111000010110100010 F
b1010110101111100001010110000 D
b11111001010101000001001100011110 G
b1111111111110110 #
b1111111111110110 H
b1100100011001110 "
b1100100011001110 I
b1010000110001011 +
b1010000110001011 8
b101111100010 ,
b101111100010 9
b1111000010110001 )
b1111000010110001 6
b101011101100 *
b101011101100 7
r0.75750732421875 X
r0.145233154296875 Y
r-0.47491455078125 V
r0.786773681640625 W
b1010101 2
b11001 5
b1010101 4
r8.487142622470856e-06 R
r6.972812116146088e-06 S
r-0.85101318359375 P
r0.21820068359375 Q
b100 1
b10101 3
r-0.8510046964511275 T
r0.2181937107816339 U
1-
#1010000
0-
#1015000
b111111010111000110010011010000100 J
b111110110111101000011111110111010 K
b111111010111000101110011010000100 L
b111110110111100111111111110111010 M
b10010101000011 #
b10010101000011 H
b1101110011111001 "
b1101110011111001 I
b10011111000010110110011100 E
b11111000011001101011100011101000 F
b101110001111001011111110000 D
b11111100101110111001011110101010 G
b1010000110001011 B
b101111100010 C
b1111000010110001 @
b101011101100 A
b110000011110110 +
b110000011110110 8
b1001010010111 ,
b1001010010111 9
b1100001100110110 )
b1100001100110110 6
b110010010110101 *
b110010010110101 7
r0.174652099609375 X
r0.02996826171875 Y
r-0.645294189453125 V
r-0.448333740234375 W
b1010110 2
b11010 5
b1010110 4
r5.933456122875214e-06 R
r9.583309292793274e-07 S
r-0.00030517578125 P
r-0.43121337890625 Q
b100 1
b10110 3
r-0.0002992423251271248 T
r-0.4312143372371793 U
1-
#1020000
0-
#1025000
b111111011010000101011000101100110 J
b111111010110111000000011100111101 K
b111111011010000100111000101100110 L
b111111010110110111100011100111101 M
b110000011110110 B
b1001010010111 C
b1100001100110110 @
b110010010110101 A
b11111111010010100001011101000010 E
b11111011111110000101101000100100 F
b101101001100000000100011011 D
b100000011100100001011000 G
b1111010111000110 #
b1111010111000110 H
b1110110111101000 "
b1110110111101000 I
b1011001011011 +
b1011001011011 8
b1111010110 ,
b1111010110 9
b1010110101100111 )
b1010110101100111 6
b1100011010011101 *
b1100011010011101 7
r0.7138671875 X
r-0.766571044921875 Y
r-0.557220458984375 V
r0.04718017578125 W
b1010111 2
b11011 5
b1010111 4
r6.450340151786804e-06 R
r1.13416463136673e-05 S
r0.291107177734375 P
r-0.273651123046875 Q
b100 1
b10111 3
r0.2911007273942232 T
r-0.2736624646931887 U
1-
#1030000
0-
#1035000
b100001101110101101011011001000 J
b11110010101101000101011011111 K
b100001101110101001011011001000 L
b11110010101100100101011011111 M
b1111011010000101 #
b1111011010000101 H
b1111010110111000 "
b1111010110111000 I
b11111011100101011111000011011010 E
b100110001001001010010111101110 F
b11101000111110011101010111100100 D
b111010100000010000011000011 G
b1011001011011 B
b1111010110 C
b1010110101100111 @
b1100011010011101 A
b101101101100000 +
b101101101100000 8
b1001110111100001 ,
b1001110111100001 9
b1011100010101101 )
b1011100010101101 6
b11000001010 *
b11000001010 7
r0.333740234375 X
r-0.636962890625 Y
r-0.3822021484375 V
r-0.032257080078125 W
b1011000 2
b11100 5
b1011000 4
r6.075948476791382e-06 R
r6.51925802230835e-08 S
r-0.07989501953125 P
r-0.141357421875 Q
b100 1
b11000 3
r-0.07990109547972679 T
r-0.1413574870675802 U
1-
#1040000
0-
#1045000
b111111001110000001000000011101001 J
b110010110101010000010100001 K
b111111001110000000100000011101001 L
b110010110100110000010100001 M
b101101101100000 B
b1001110111100001 C
b1011100010101101 @
b11000001010 A
b11111110110000110010100100011010 E
b11111010111111010001011111001111 F
b11111000110010010111110110011101 D
b11111111001000111101111000111110 G
b100001101110101 #
b100001101110101 H
b11110010101101 "
b11110010101101 I
b10101010111000 +
b10101010111000 8
b1010111001111000 ,
b1010111001111000 9
b1100111100010100 )
b1100111100010100 6
b1111101111011111 *
b1111101111011111 7
r-0.295013427734375 X
r0.4482421875 Y
r-0.374664306640625 V
r-0.87371826171875 W
b1011001 2
b11101 5
b1011001 4
r3.481283783912659e-06 R
r1.353304833173752e-05 S
r-0.074066162109375 P
r-0.080322265625 Q
b100 1
b11001 3
r-0.07406964339315891 T
r-0.08033579867333174 U
1-
#1050000
0-
#1055000
b11101011111100111101011001101 J
b10111001001001111000011101010 K
b11101011111100011101011001101 L
b10111001001001011000011101010 M
b1111001110000001 #
b1111001110000001 H
b110010110101 "
b110010110101 I
b11011010101100110100100001101 E
b10001001111101000111000000 F
b11100110100010101011111111100000 D
b11111101101011110111000011001010 G
b10101010111000 B
b1010111001111000 C
b1100111100010100 @
b1111101111011111 A
b1101101000111101 +
b1101101000111101 8
b11100101100000 ,
b11100101100000 9
b1101000000001011 )
b1101000000001011 6
b1001000000101010 *
b1001000000101010 7
r-0.5250244140625 X
r0.29443359375 Y
r-0.9464111328125 V
r0.86358642578125 W
b1011010 2
b11110 5
b1011010 4
r5.431473255157471e-06 R
r1.266691833734512e-05 S
r0.527008056640625 P
r0.474029541015625 Q
b100 1
b11010 3
r0.5270134881138802 T
r0.4740168740972877 U
1-
#1060000
0-
#1065000
b1110111001001000011110101000 J
b1001011110101100010000101000 K
b1110111001000100011110101000 L
b1001011110101000010000101000 M
b1101101000111101 B
b11100101100000 C
b1101000000001011 @
b1001000000101010 A
b1111100101001010100101100000 E
b11111111010011111001111001001000 F
b11110111110101100001111001100000 D
b1010100001010001010001000 G
b11101011111100 #
b11101011111100 H
b10111001001001 "
b10111001001001 I
b1011110011001100 +
b1011110011001100 8
b10010110110000 ,
b10010110110000 9
b1000011011011100 )
b1000011011011100 6
b110111010001010 *
b110111010001010 7
r0.56158447265625 X
r-0.5166015625 Y
r-0.00830078125 V
r-0.379791259765625 W
b1011011 2
b11111 5
b1011011 4
r1.504179090261459e-05 R
r7.479451596736908e-06 S
r-0.097625732421875 P
r0.099273681640625 Q
b100 1
b11011 3
r-0.09764077421277761 T
r0.09926620218902826 U
1-
#1070000
0-
#1075000
b101101111111101010100100010 J
b111011111110111001011100100100001 K
b101101111111001010100100010 L
b111011111110111000111100100100001 M
b1110111001001 #
b1110111001001 H
b1001011110101 "
b1001011110101 I
b11110101010000000111011100100000 E
b10000011111110001111000000010 F
b111000100101111000010011111 D
b11100110111011110110100111000000 G
b1011110011001100 B
b10010110110000 C
b1000011011011100 @
b110111010001010 A
b100011111100010 +
b100011111100010 8
b1011110111100000 ,
b1011110111100000 9
b1111111011110000 )
b1111111011110000 6
b1100111101100011 *
b1100111101100011 7
r0.695098876953125 X
r0.11383056640625 Y
r0.888702392578125 V
r-0.986236572265625 W
b1011100 2
b100000 5
b1011100 4
r1.40191987156868e-05 R
r1.166202127933502e-05 S
r0.4608154296875 P
r0.361602783203125 Q
b100 1
b11100 3
r0.4608294488862157 T
r0.3616144452244043 U
1-
#1080000
0-
#1085000
b111010001001001100011000100111000 J
b111110000011110010010100110010000 K
b111010001001001011111000100111000 L
b111110000011110001110100110010000 M
b100011111100010 B
b1011110111100000 C
b1111111011110000 @
b1100111101100011 A
b11101110001010101000001101000000 E
b11100010111110110110110111111000 F
b11111110011010000011101010000 D
b10000010001011111000011100000 G
b101101111111 #
b101101111111 H
b1011111110111001 "
b1011111110111001 I
b101100011111001 +
b101100011111001 8
b111010010010 ,
b111010010010 9
b111000111000001 )
b111000111000001 6
b1000000111000011 *
b1000000111000011 7
r-0.073211669921875 X
r-0.124114990234375 Y
r-0.4171142578125 V
r0.266143798828125 W
b1011101 2
b100001 5
b1011101 4
r1.343339681625366e-05 R
r9.909272193908691e-07 S
r0.232696533203125 P
r0.148101806640625 Q
b100 1
b11101 3
r0.2326830998063087 T
r0.1481027975678444 U
1-
#1090000
0-
#1095000
b111110010101000000000110001100110 J
b1100110110110010110111000000 K
b111110010100111111100110001100110 L
b1100110110101110110111000000 M
b1010001001001100 #
b1010001001001100 H
b1110000011110010 "
b1110000011110010 I
b10001100100001000000000 E
b11110010010110011000101001100110 F
b11111111101100111001111111100000 D
b1100100011101000110110100000 G
b101100011111001 B
b111010010010 C
b111000111000001 @
b1000000111000011 A
b1111011010100001 +
b1111011010100001 8
b1111000000011101 ,
b1111000000011101 9
b1100101010011100 )
b1100101010011100 6
b10001000010001 *
b10001000010001 7
r-0.676788330078125 X
r0.5535888671875 Y
r0.96966552734375 V
r0.32403564453125 W
b1011110 2
b100010 5
b1011110 4
r5.038455128669739e-06 R
r1.638196408748627e-06 S
r0.089813232421875 P
r-0.502166748046875 Q
b100 1
b11110 3
r0.08981827087700367 T
r-0.5021683862432837 U
1-
#1100000
0-
#1105000
b111011010100110011110110010111101 J
b111010001010001111110111001111101 K
b111011010100110011010110010111101 L
b111010001010001111010111001111101 M
b1111011010100001 B
b1111000000011101 C
b1100101010011100 @
b10001000010001 A
b110011110010110111000010010 E
b11010100001000000011111010101011 F
b100111100010001111110010111001 D
b11111000110100001010101100110110 G
b1110010101000000 #
b1110010101000000 H
b1100110110110 "
b1100110110110 I
b1010100101011111 +
b1010100101011111 8
b100011011011100 ,
b100011011011100 9
b111110000011110 )
b111110000011110 6
b10100101111010 *
b10100101111010 7
r0.564697265625 X
r-0.45135498046875 Y
r0.27667236328125 V
r0.516387939453125 W
b1011111 2
b100011 5
b1011111 4
r3.524124622344971e-06 R
r5.349516868591309e-06 S
r-0.7320556640625 P
r-0.24261474609375 Q
b100 1
b11111 3
r-0.7320591881871223 T
r-0.2426200956106186 U
1-
#1110000
0-
#1115000
b10000100010011011001011101 J
b111111011111011101011011111010001 K
b10000100001111011001011101 L
b111111011111011100111011111010001 M
b1011010100110011 #
b1011010100110011 H
b1010001010001111 "
b1010001010001111 I
b11010100000011001110101100 E
b11111110110000001100001010110001 F
b1111101000101010000011100 D
b11111101111000101100101111101101 G
b1010100101011111 B
b100011011011100 C
b111110000011110 @
b10100101111010 A
b100100001001000 +
b100100001001000 8
b1100011000111010 ,
b1100011000111010 9
b10001101101010 )
b10001101101010 6
b100001000011001 *
b100001000011001 7
r-0.333160400390625 X
r0.519378662109375 Y
r0.415435791015625 V
r0.09307861328125 W
b1100000 2
b100100 5
b1100000 4
r1.230277121067047e-05 R
r4.351139068603516e-06 S
r-0.208984375 P
r0.20086669921875 Q
b100 1
b100000 3
r-0.2089966777712107 T
r0.2008623480796814 U
1-
#1120000
0-
#1125000
b10100010100100000110000001110 J
b110101011110110110001110110110 K
b10100010100011100110000001110 L
b110101011110110010001110110110 M
b100100001001000 B
b1100011000111010 C
b10001101101010 @
b100001000011001 A
b100010010110101101110111001000 E
b11110001111101101110111001000110 F
b11010101111111111101110100100010 D
b1011011110110000000011011000 G
b10000100010 #
b10000100010 H
b1111011111011101 "
b1111011111011101 I
b1101010101011011 +
b1101010101011011 8
b100001001111011 ,
b100001001111011 9
b11010100101101 )
b11010100101101 6
b101111101010 *
b101111101010 7
r-0.456024169921875 X
r0.72882080078125 Y
r-0.62249755859375 V
r0.487762451171875 W
b1100001 2
b100101 5
b1100001 4
r1.066643744707108e-05 R
r1.108366996049881e-05 S
r-0.584381103515625 P
r-0.730010986328125 Q
b100 1
b100001 3
r-0.5843704370781779 T
r-0.7299999026581645 U
1-
#1130000
0-
#1135000
b1010101010111110000100001100 J
b111100111000101011100100111011010 K
b1010101010111010000100001100 L
b111100111000101011000100111011010 M
b10100010100100 #
b10100010100100 H
b110101011110110 "
b110101011110110 I
b11111000000000100000001000000100 E
b10010101010011001111100001000 F
b1001111111111100010111010000 D
b11110001000101010100111110101010 G
b1101010101011011 B
b100001001111011 C
b11010100101101 @
b101111101010 A
b1100010110100001 +
b1100010110100001 8
b101110101001010 ,
b101110101001010 9
b1011000001010010 )
b1011000001010010 6
b11111001101111 *
b11111001101111 7
r-0.367034912109375 X
r0.195465087890625 Y
r-0.855377197265625 V
r-0.350677490234375 W
b1100010 2
b100110 5
b1100010 4
r2.297572791576385e-06 R
r1.951120793819427e-06 S
r0.03228759765625 P
r-0.063568115234375 Q
b100 1
b100010 3
r0.03228530008345842 T
r-0.06357006635516882 U
1-
#1140000
0-
#1145000
b1011110100110101010011001101 J
b1011111100111111010101101111 K
b1011110100110001010011001101 L
b1011111100111011010101101111 M
b1100010110100001 B
b101110101001010 C
b1011000001010010 @
b11111001101111 A
b1101110011110010011010011111 E
b11111110000000111110111000101110 F
b11110111001001000101011111111111 D
b11000110000000110101101110 G
b1010101010111 #
b1010101010111 H
b1100111000101011 "
b1100111000101011 I
b1101000100000101 +
b1101000100000101 8
b1100100000101 ,
b1100100000101 9
b1001001010000011 )
b1001001010000011 6
b1101001100011101 *
b1101001100011101 7
r0.29644775390625 X
r-0.759490966796875 Y
r-0.9188232421875 V
r-0.714385986328125 W
b1100011 2
b100111 5
b1100011 4
r1.238472759723663e-05 R
r8.514150977134705e-06 S
r0.3175048828125 P
r0.83563232421875 Q
b100 1
b100011 3
r0.3174924980849028 T
r0.8356408383697271 U
1-
#1150000
0-
#1155000
b111010100101110101011000010000011 J
b100100101011010000110000100 K
b111010100101110100111000010000011 L
b100100101010110000110000100 M
b1011110100110 #
b1011110100110 H
b1011111100111 "
b1011111100111 I
b11100010111101101100000110110100 E
b11110001110000111010111011001111 F
b10010001010101111110110010010 D
b10110110000000101111100010110 G
b1101000100000101 B
b1100100000101 C
b1001001010000011 @
b1101001100011101 A
b10010111110010 +
b10010111110010 8
b1001111011001001 ,
b1001111011001001 9
b1000101001100100 )
b1000101001100100 6
b1010010010001111 *
b1010010010001111 7
r-0.775909423828125 X
r0.52532958984375 Y
r0.27783203125 V
r-0.637451171875 W
b1100100 2
b101000 5
b1100100 4
r7.878988981246948e-06 R
r2.348795533180237e-06 S
r0.166717529296875 P
r-0.389312744140625 Q
b100 1
b100100 3
r0.1667254082858562 T
r-0.3893103953450918 U
1-
#1160000
0-
#1165000
b111111101100010011011010000100000 J
b111100111100001010110010100000010 K
b111111101100010010111010000100000 L
b111100111100001010010010100000010 M
b10010111110010 B
b1001111011001001 C
b1000101001100100 @
b1010010010001111 A
b11110101010011001010011110001111 E
b1000001111001100110010010001 F
b10100000101111100111110001111 D
b11111011100111001111010010010001 G
b1010100101110101 #
b1010100101110101 H
b100100101011 "
b100100101011 I
b1001110010101111 +
b1001110010101111 8
b100001100111110 ,
b100001100111110 9
b10001110010000 )
b10001110010000 6
b1010111001101000 *
b1010111001101000 7
r0.5506591796875 X
r-0.82708740234375 Y
r0.814971923828125 V
r-0.296722412109375 W
b1100101 2
b101001 5
b1100101 4
r4.959292709827423e-06 R
r1.273956149816513e-05 S
r0.18475341796875 P
r0.186737060546875 Q
b100 1
b100101 3
r0.1847583772614598 T
r0.1867498001083732 U
1-
#1170000
0-
#1175000
b11111000110111101101010110010 J
b110100001010000110111110111111 K
b11111000110111001101010110010 L
b110100001010000010111110111111 M
b1111101100010011 #
b1111101100010011 H
b1100111100001010 "
b1100111100001010 I
b101100101010010110000010000100 E
b11110010011100100011101000101110 F
b11101110100100010100011010001000 D
b100010101110010111011001000111 G
b1001110010101111 B
b100001100111110 C
b10001110010000 @
b1010111001101000 A
b100011001111100 +
b100011001111100 8
b1001011000100010 ,
b1001011000100010 9
b110100001010001 )
b110100001010001 6
b1101101000000101 *
b1101101000000101 7
r0.90948486328125 X
r0.067047119140625 Y
r-0.58489990234375 V
r0.030548095703125 W
b1100110 2
b101010 5
b1100110 4
r3.692694008350372e-06 R
r7.268041372299194e-06 S
r-0.676116943359375 P
r0.071624755859375 Q
b100 1
b100110 3
r-0.6761206360533834 T
r0.0716174878180027 U
1-
#1180000
0-
#1185000
b101000111111110010010111111000 J
b111111000010111011010010111000000 K
b101000111111101110010111111000 L
b111111000010111010110010111000000 M
b100011001111100 B
b1001011000100010 C
b110100001010001 @
b1101101000000101 A
b1001010101110100110011100000 E
b11111101001111001100100011000 F
b11110010001101000000111101110000 D
b11101010100100010111010100110000 G
b11111000110111 #
b11111000110111 H
b110100001010000 "
b110100001010000 I
b111010001101010 +
b111010001101010 8
b100010010101 ,
b100010010101 9
b1011010100100010 )
b1011010100100010 6
b1111101001 *
b1111101001 7
r0.14056396484375 X
r0.923126220703125 Y
r0.4522705078125 V
r-0.703887939453125 W
b1100111 2
b101011 5
b1100111 4
r2.831220626831055e-06 R
r8.823350071907043e-06 S
r-0.038482666015625 P
r-0.38250732421875 Q
b100 1
b100111 3
r-0.03848549723625183 T
r-0.3824985008686781 U
1-
#1190000
0-
#1195000
b111001010011001111000100100101110 J
b111110010111111000111010101101110 K
b111001010011001110100100100101110 L
b111110010111111000011010101101110 M
b101000111111110 #
b101000111111110 H
b1111000010111011 "
b1111000010111011 I
b11010100110111000101000011000010 E
b11110101100010101111100001101100 F
b11100101110001010110100111100 D
b1111101101001110001010101010 G
b111010001101010 B
b100010010101 C
b1011010100100010 @
b1111101001 A
b1000111111110 +
b1000111111110 8
b111011000101001 ,
b111011000101001 9
b11100111100100 )
b11100111100100 6
b1010010111100111 *
b1010010111100111 7
r-0.128814697265625 X
r-0.776153564453125 Y
r0.788116455078125 V
r0.64105224609375 W
b1101000 2
b101100 5
b1101000 4
r6.36465847492218e-06 R
r1.138355582952499e-05 S
r0.486053466796875 P
r0.81494140625 Q
b100 1
b101000 3
r0.4860598314553499 T
r0.8149527898058295 U
1-
#1200000
0-
#1205000
b111111111010001001110111101000100 J
b100010001011010110011010001001 K
b111111111010001001010111101000100 L
b100010001011010010011010001001 M
b1000111111110 B
b111011000101001 C
b11100111100100 @
b1010010111100111 A
b11111101011111010111110011001010 E
b1110001110011001001111010 F
b11011101111101000110100000010100 D
b1000011000111010011101 G
b1001010011001111 #
b1001010011001111 H
b1110010111111000 "
b1110010111111000 I
b1110111110000011 +
b1110111110000011 8
b1001110010100111 ,
b1001110010100111 9
b110010011100001 )
b110010011100001 6
b101001000001110 *
b101001000001110 7
r0.688995361328125 X
r0.6142578125 Y
r0.402435302734375 V
r-0.169189453125 W
b1101001 2
b101101 5
b1101001 4
r6.206333637237549e-06 R
r6.258487701416016e-06 S
r0.64056396484375 P
r-0.119293212890625 Q
b100 1
b101001 3
r0.6405577585101128 T
r-0.1192994713783264 U
1-
#1210000
0-
#1215000
b10100011000111000111110110110 J
b111010010010110001011011111000111 K
b10100011000110100111110110110 L
b111010010010110000111011111000111 M
b1111111010001001 #
b1111111010001001 H
b100010001011010 "
b100010001011010 I
b11010101110000101110110000100 E
b11111001101010101111001000110010 F
b100000100011001010000111000 D
b11010110011010100000101111111111 G
b1110111110000011 B
b1001110010100111 C
b110010011100001 @
b101001000001110 A
b101100000110001 +
b101100000110001 8
b100111010100000 ,
b100111010100000 9
b11001110000011 )
b11001110000011 6
b1110101001011000 *
b1110101001011000 7
r0.125 X
r-0.150604248046875 Y
r0.28765869140625 V
r0.50830078125 W
b1101010 2
b101110 5
b1101010 4
r1.307018101215363e-05 R
r1.273863017559052e-05 S
r-0.837432861328125 P
r-0.203369140625 Q
b100 1
b101010 3
r-0.8374459315091372 T
r-0.2033564019948244 U
1-
#1220000
0-
#1225000
b111010011100100010011100111110001 J
b111100110101001111010000011111111 K
b111010011100100001111100111110001 L
b111100110101001110110000011111111 M
b101100000110001 B
b100111010100000 C
b11001110000011 @
b1110101001011000 A
b11011000110110011110101011000111 E
b11111010101101110000111100101010 F
b11111001100000001010111000100011 D
b11100000001010000000111100100010 G
b10100011000111 #
b10100011000111 H
b1010010010110001 "
b1010010010110001 I
b1000000000000 +
b1000000000000 8
b1110110010111001 ,
b1110110010111001 9
b10010011010010 )
b10010011010010 6
b100000100010000 *
b100000100010000 7
r-0.833648681640625 X
r0.8883056640625 Y
r0.575714111328125 V
r-0.890472412109375 W
b1101011 2
b101111 5
b1101011 4
r1.126900315284729e-05 R
r9.187497198581696e-06 S
r-0.011444091796875 P
r0.53399658203125 Q
b100 1
b101011 3
r-0.01143282279372215 T
r0.5340057695284486 U
1-
#1230000
0-
#1235000
b1000010111000111011010111000 J
b111100111100110101010001011101101 K
b1000010111000011011010111000 L
b111100111100110100110001011101101 M
b1010011100100010 #
b1010011100100010 H
b1100110101001111 "
b1100110101001111 I
b1111110100100001101111100000 E
b11111000100010100001101011011000 F
b10001101111101110010000010011 D
b11111001010110010100011100000000 G
b1000000000000 B
b1110110010111001 C
b10010011010010 @
b100000100010000 A
b1001010101001011 +
b1001010101001011 8
b111000110110100 ,
b111000110110100 9
b100100110110001 )
b100100110110001 6
b1000111000000101 *
b1000111000000101 7
r0.51678466796875 X
r0.228485107421875 Y
r-0.634063720703125 V
r-0.215301513671875 W
b1101100 2
b110000 5
b1101100 4
r1.151300966739655e-05 R
r1.960434019565582e-06 S
r0.318572998046875 P
r-0.713348388671875 Q
b100 1
b101100 3
r0.3185614850372076 T
r-0.7133503491058946 U
1-
#1240000
0-
#1245000
b1010010110111001111000010 J
b111111000110011001110010010010000 K
b1010010110011001111000010 L
b111111000110011001010010010010000 M
b1001010101001011 B
b111000110110100 C
b100100110110001 @
b1000111000000101 A
b11111101001110100011001111000010 E
b100000100010000000000000000 F
b10010011010010000000000000 D
b11111011000110011100010010010000 G
b1000010111000 #
b1000010111000 H
b1100111100110101 "
b1100111100110101 I
b100001000100110 +
b100001000100110 8
b1110100111111 ,
b1110100111111 9
b1010111011010111 )
b1010111011010111 6
b1110010001110001 *
b1110010001110001 7
r-0.675811767578125 X
r-0.925811767578125 Y
r0.223052978515625 V
r-0.830780029296875 W
b1101101 2
b110001 5
b1101101 4
r1.444481313228607e-06 R
r7.391907274723053e-06 S
r-0.69427490234375 P
r-0.396026611328125 Q
b100 1
b101101 3
r-0.6942763468250632 T
r-0.3960340032353997 U
1-
#1250000
0-
#1255000
b1010000001111011011010111101011 J
b111101100000101111011010010101001 K
b1010000001111010111010111101011 L
b111101100000101110111010010101001 M
b1010010110 #
b1010010110 H
b1111000110011001 "
b1111000110011001 I
b100000101110101111000101110100 E
b101111100000101000010001110111 F
b11100001010010001001101111011011 D
b11001101011000000001000010000100 G
b100001000100110 B
b1110100111111 C
b1010111011010111 @
b1110010001110001 A
b1010100101111111 +
b1010100101111111 8
b1000100101111111 ,
b1000100101111111 9
b1110010001101 )
b1110010001101 6
b1001010110101001 *
b1001010110101001 7
r0.593414306640625 X
r-0.567596435546875 Y
r-0.186187744140625 V
r0.3477783203125 W
b1101110 2
b110010 5
b1101110 4
r1.304596662521362e-05 R
r6.931833922863007e-06 S
r0.130615234375 P
r-0.381195068359375 Q
b100 1
b101110 3
r0.1306282803416252 T
r-0.3812020001932979 U
1-
#1260000
0-
#1265000
b111101111100110111010110010101111 J
b10001110100101110001011100101 K
b111101111100110110110110010101111 L
b10001110100101010001011100101 M
b1010100101111111 B
b1000100101111111 C
b1110010001101 @
b1001010110101001 A
b11110110101110100110000111101001 E
b11111000111000010000101011000110 F
b11101011000001110110000111101010 D
b11111100110110100000010011001111 G
b111111111111111 #
b111111111111111 H
b1101100000101111 "
b1101100000101111 I
b100101111110101 +
b100101111110101 8
b1011011101011001 ,
b1011011101011001 9
b1110100000101011 )
b1110100000101011 6
b10110010000100 *
b10110010000100 7
r-0.996307373046875 X
r0.730621337890625 Y
r0.65093994140625 V
r0.855804443359375 W
b1101111 2
b110011 5
b1101111 4
r1.234002411365509e-05 R
r8.717179298400879e-06 S
r0.02020263671875 P
r-0.112518310546875 Q
b100 1
b101111 3
r0.02021497674286366 T
r-0.1125095933675766 U
1-
#1270000
0-
#1275000
b10110101101111010111011001010 J
b111010110111111011000011100100 K
b10110101101110110111011001010 L
b111010110111110111000011100100 M
b1101111100110111 #
b1101111100110111 H
b10001110100101 "
b10001110100101 I
b11110010110010001001111011110011 E
b100011111011101100111111010111 F
b11110110010110100011111011110011 D
b110001001110011010111111010111 G
b100101111110101 B
b1011011101011001 C
b1110100000101011 @
b10110010000100 A
b1000000001111001 +
b1000000001111001 8
b101110110000101 ,
b101110110000101 9
b101001101010010 )
b101001101010010 6
b110110110001011 *
b110110110001011 7
r0.348876953125 X
r-0.950592041015625 Y
r-0.586669921875 V
r-0.9383544921875 W
b1110000 2
b110100 5
b1110000 4
r0 R
r2.703629434108734e-06 S
r0.999969482421875 P
r-0.311065673828125 Q
b100 1
b110000 3
r0.999969482421875 T
r-0.3110683774575591 U
1-
#1280000
0-
#1285000
b10011111110001111101001000111 J
b111111010011100000100101110111101 K
b10011111110001011101001000111 L
b111111010011100000000101110111101 M
b1000000001111001 B
b101110110000101 C
b101001101010010 @
b110110110001011 A
b110110000110111001111110011 E
b1101001101010100011001010100 F
b11111000111011011100101000100111 D
b11110011010111011101010111100100 G
b10110101101111 #
b10110101101111 H
b111010110111111 "
b111010110111111 I
b10110010101000 +
b10110010101000 8
b1000011001010011 ,
b1000011001010011 9
b1011010011101000 )
b1011010011101000 6
b1000011111100100 *
b1000011111100100 7
r-0.6805419921875 X
r0.564239501953125 Y
r0.811248779296875 V
r0.773345947265625 W
b1110001 2
b110101 5
b1110001 4
r4.605390131473541e-06 R
r8.31950455904007e-06 S
r-0.256134033203125 P
r0.278472900390625 Q
b100 1
b110001 3
r-0.2561386385932565 T
r0.278481219895184 U
1-
#1290000
0-
#1295000
b111100111110111101001101001001101 J
b1010001100001100100011001110101 K
b111100111110111100101101001001101 L
b1010001100001100000011001110101 M
b10011111110001 #
b10011111110001 H
b1111010011100000 "
b1111010011100000 I
b11110011100000001001110011010 E
b11001001011011100100011010110011 F
b11010110011111100110000111000010 D
b101000000001000110100000110111 G
b10110010101000 B
b1000011001010011 C
b1011010011101000 @
b1000011111100100 A
b1010100011100100 +
b1010100011100100 8
b100100000111001 ,
b100100000111001 9
b110011111010111 )
b110011111010111 6
b110001011111101 *
b110001011111101 7
r-0.154571533203125 X
r0.290130615234375 Y
r0.464935302734375 V
r-0.586151123046875 W
b1110010 2
b110110 5
b1110010 4
r4.103407263755798e-06 R
r3.602355718612671e-06 S
r0.354949951171875 P
r0.919891357421875 Q
b100 1
b110010 3
r0.3549458477646112 T
r0.9198877550661564 U
1-
#1300000
0-
#1305000
b1110101111011011010011011000 J
b1000110001100000000111010101100 K
b1110101111010111010011011000 L
b1000110001011111100111010101100 M
b1010100011100100 B
b100100000111001 C
b110011111010111 @
b110001011111101 A
b100011101100010001011100111000 E
b11101011000011000101110110100000 F
b11110010111001101001100001000000 D
b111001000101100110011011101100 G
b1100111110111101 #
b1100111110111101 H
b111111111111111 "
b111111111111111 I
b1110110000110111 +
b1110110000110111 8
b10010100100011 ,
b10010100100011 9
b11101110000011 )
b11101110000011 6
b1011010011111001 *
b1011010011111001 7
r-0.28204345703125 X
r0.722412109375 Y
r-0.23394775390625 V
r0.608306884765625 W
b1110011 2
b110111 5
b1110011 4
r1.389440149068832e-05 R
r2.798624336719513e-06 S
r0.312042236328125 P
r-0.0869140625 Q
b100 1
b110011 3
r0.3120561307296157 T
r-0.08691126387566328 U
1-
#1310000
0-
#1315000
b111111011100111010000100000110011 J
b111111010000101101111011011001 K
b111111011100111001100100000110011 L
b111111010000101001111011011001 M
b1110101111011 #
b1110101111011 H
b11101010010111001011011011111 E
b11011110010100010011000101010100 F
b11011100101010101001001101111100 D
b11011111011010011001001010101 G
b1110110000110111 B
b10010100100011 C
b11101110000011 @
b1011010011111001 A
b1101101111100110 +
b1101101111100110 8
b101110001111000 ,
b101110001111000 9
b1110001000001110 )
b1110001000001110 6
b100110111011101 *
b100110111011101 7
r0.70965576171875 X
r0.468170166015625 Y
r-0.810150146484375 V
r-0.472900390625 W
b1110100 2
b111000 5
b1110100 4
r8.988194167613983e-06 R
r0 S
r-0.377044677734375 P
r0.999969482421875 Q
b100 1
b110100 3
r-0.3770536659285426 T
r0.999969482421875 U
1-
#1320000
0-
#1325000
b1110011011101011111101101000 J
b111111001101101110110110111100110 K
b1110011011100111111101101000 L
b111111001101101110010110111100110 M
b1101101111100110 B
b101110001111000 C
b1110001000001110 @
b100110111011101 A
b1000101000100001000111101001 E
b101110011000110110101111111 F
b11111011011001101000110100100101 D
b11110101000111011011101100001011 G
b1111011100111010 #
b1111011100111010 H
b111111010000101 "
b111111010000101 I
b101101011010110 +
b101101011010110 8
b11101111101101 ,
b11101111101101 9
b1001100001001101 )
b1001100001001101 6
b1100001101111000 *
b1100001101111000 7
r0.911163330078125 X
r0.461273193359375 Y
r0.027557373046875 V
r0.828765869140625 W
b1110101 2
b111001 5
b1110101 4
r2.659857273101807e-06 R
r0.230316162109375 P
b100 1
b110101 3
r0.2303135022521019 T
1-
#1330000
0-
#1335000
b111101010001101000100001000011110 J
b10111111001110001100100000100 K
b111101010001101000000001000011110 L
b10111111001101101100100000100 M
b1110011011101 #
b1110011011101 H
b1111001101101110 "
b1111001101101110 I
b11110101001011101111111010010000 E
b11110101000001010000001110001110 F
b100001110010001001010010100 D
b11100000111111110101110011000 G
b101101011010110 B
b11101111101101 C
b1001100001001101 @
b1100001101111000 A
b111010010100001 +
b111010010100001 8
b11101100001011 ,
b11101100001011 9
b1110000111 )
b1110000111 6
b110101000010101 *
b110101000010101 7
r-0.49639892578125 X
r0.85546875 Y
r0.00738525390625 V
r0.54595947265625 W
b1110110 2
b111010 5
b1110110 4
r1.330394297838211e-05 R
r7.354654371738434e-06 S
r-0.06854248046875 P
r0.988433837890625 Q
b100 1
b110110 3
r-0.06855578441172838 T
r0.9884411925449967 U
1-
#1340000
0-
#1345000
b111010010001111111001010010011001 J
b10110101000000111101110111010 K
b111010010001111110101010010011001 L
b10110101000000011101110111010 M
b111010010100001 B
b11101100001011 C
b1110000111 @
b110101000010101 A
b11100111101110011011111001001001 E
b11101010100001011001011001010000 F
b11011011001101000110001001011110 D
b11110001110101001001111000011000 G
b1101010001101000 #
b1101010001101000 H
b10111111001110 "
b10111111001110 I
b1100000001110110 +
b1100000001110110 8
b110110110000000 ,
b110110110000000 9
b11110010 )
b11110010 6
b100010111100010 *
b100010111100010 7
r-0.31488037109375 X
r-0.811309814453125 Y
r-0.2271728515625 V
r0.758697509765625 W
b1110111 2
b111011 5
b1110111 4
r1.415610313415527e-07 R
r1.094304025173187e-05 S
r0.225494384765625 P
r-0.09820556640625 Q
b100 1
b110111 3
r0.2254942432045937 T
r-0.09819462336599827 U
1-
#1350000
0-
#1355000
b110001001001001011111100000010 J
b10110110111000100001000000000 K
b110001001001000111111100000010 L
b10110110111000000001000000000 M
b1010010001111111 #
b1010010001111111 H
b10110101000000 "
b10110101000000 I
b110100000100001111001101 E
b110000010101000011101100110101 F
b1100110110110001111100111 D
b11000011101110110010111100111 G
b1100000001110110 B
b110110110000000 C
b11110010 @
b100010111100010 A
b1101011110110010 +
b1101011110110010 8
b1001100000100111 ,
b1001100000100111 9
b1110001011101100 )
b1110001011101100 6
b110000100011101 *
b110000100011101 7
r0.970733642578125 X
r-0.087158203125 Y
r0.687347412109375 V
r-0.60150146484375 W
b1111000 2
b111100 5
b1111000 4
r5.047768354415894e-07 R
r9.294599294662476e-06 S
r-0.340576171875 P
r0.37347412109375 Q
b100 1
b111000 3
r-0.3405756670981646 T
r0.3734648264944553 U
1-
#1360000
0-
#1365000
b111101111000011110111100100101100 J
b11110001000000111101101110100 K
b111101111000011110011100100101100 L
b11110001000000011101101110100 M
b1101011110110010 B
b1001100000100111 C
b1110001011101100 @
b110000100011101 A
b11001111000001100000000 E
b11101110101001111011011000101100 F
b11111111110000111110111110001100 D
b11101111001000010101100000000 G
b110001001001001 #
b110001001001001 H
b10110110111000 "
b10110110111000 I
b111110001000001 +
b111110001000001 8
b1111010011011000 ,
b1111010011011000 9
b101011111111011 )
b101011111111011 6
b1011001100000010 *
b1011001100000010 7
r-0.4163818359375 X
r0.882293701171875 Y
r-0.066253662109375 V
r-0.97296142578125 W
b1111001 2
b111101 5
b1111001 4
r1.034792512655258e-05 R
r1.423992216587067e-05 S
r-0.714874267578125 P
r0.353515625 Q
b100 1
b111001 3
r-0.7148846155032516 T
r0.3535298649221659 U
1-
#1370000
0-
#1375000
b111111100100000011101001100011110 J
b111010100000001110100011101010011 K
b111111100100000011001001100011110 L
b111010100000001110000011101010011 M
b1101111000011110 #
b1101111000011110 H
b11110001000000 "
b11110001000000 I
b1011110010111011000111110100 E
b11110000101101011110000100101010 F
b100100100111111110000011000 D
b11011000100110110000001101101011 G
b111110001000001 B
b1111010011011000 C
b101011111111011 @
b1011001100000010 A
b1100101010110100 +
b1100101010110100 8
b111000011101111 ,
b111000011101111 9
b1111011110000101 )
b1111011110000101 6
b1000001101110110 *
b1000001101110110 7
r-0.8427734375 X
r-0.1046142578125 Y
r0.37738037109375 V
r-0.06683349609375 W
b1111010 2
b111110 5
b1111010 4
r2.365559339523315e-07 R
r4.76837158203125e-07 S
r0.767852783203125 P
r0.357177734375 Q
b100 1
b111010 3
r0.767852546647191 T
r0.3571782112121582 U
1-
#1380000
0-
#1385000
b111010110110011000010001101001010 J
b111011000101001110100011011110101 K
b111010110110010111110001101001010 L
b111011000101001110000011011110101 M
b1100101010110100 B
b111000011101111 C
b1111011110000101 @
b1000001101110110 A
b11111100001010100111011111001000 E
b11011010101000010110101110000010 F
b101010101100111110101010111011 D
b11010110101111000110110000 G
b1111100100000011 #
b1111100100000011 H
b1010100000001110 "
b1010100000001110 I
b1001010000100000 +
b1001010000100000 8
b1111001010011100 ,
b1111001010011100 9
b11000001001110 )
b11000001001110 6
b1111011101110010 *
b1111011101110010 7
r-0.5333251953125 X
r-0.11773681640625 Y
r0.1617431640625 V
r0.392059326171875 W
b1111011 2
b111111 5
b1111011 4
r1.363083720207214e-05 R
r1.417472958564758e-05 S
r-0.26470947265625 P
r0.470703125 Q
b100 1
b111011 3
r-0.2646958418190479 T
r0.4707172997295856 U
1-
#1390000
0-
#1395000
b10110001100000001000000100011 J
b111000111010010111001111110100110 K
b10110001011111101000000100011 L
b111000111010010110101111110100110 M
b1010110110011000 #
b1010110110011000 H
b1011000101001110 "
b1011000101001110 I
b11111100010000100100010100101011 E
b11001111011011000101011111000 F
b1110000111111101110000100 D
b11001001000011110101101100101010 G
b1001010000100000 B
b1111001010011100 C
b11000001001110 @
b1111011101110010 A
b1011101110111100 +
b1011101110111100 8
b1111000011101110 ,
b1111000011101110 9
b1010010110100 )
b1010010110100 6
b11001000101111 *
b11001000101111 7
r0.407928466796875 X
r0.832977294921875 Y
r0.50518798828125 V
r0.430328369140625 W
b1111100 2
b0 5
b1111100 4
r4.557892680168152e-06 R
r1.746229827404022e-06 S
r-0.054595947265625 P
r-0.68707275390625 Q
b100 1
b111100 3
r-0.05459138937294483 T
r-0.6870710076764226 U
1-
#1400000
0-
#1405000
b1000101000100000111001000 J
b10100110011011010101110111000 K
b1000101000000000111001000 L
b10100110011010110101110111000 M
b1011101110111100 B
b1111000011101110 C
b1010010110100 @
b11001000101111 A
b11111101011110010010101110001000 E
b11100110101101011001000000 F
b11101011101001010010000111000000 D
b11100101000110101111000 G
b10110001100000 #
b10110001100000 H
b1000111010010111 "
b1000111010010111 I
b11010000110111 +
b11010000110111 8
b110101010011111 ,
b110101010011111 9
b100000010101010 )
b100000010101010 6
b11011100010101 *
b11011100010101 7
r-0.0557861328125 X
r0.059539794921875 Y
r-0.332275390625 V
r0.94049072265625 W
b1111101 2
b1 5
b1111101 4
r6.845220923423767e-06 R
r1.658685505390167e-06 S
r-0.643798828125 P
r-0.61480712890625 Q
b100 1
b111101 3
r-0.6438056733459234 T
r-0.6148054702207446 U
1-
#1410000
0-
#1415000
b111110001011001100110111011011100 J
b10100100010100011110000010 K
b111110001011001100010111011011100 L
b10100100010000011110000010 M
b1000101000 #
b1000101000 H
b10100110011011 "
b10100110011011 I
b11111110110001111111111101011000 E
b11110010100111100010111110000100 F
b11111010011110101011000000110000 D
b11111101000010111011011110110010 G
b11010000110111 B
b110101010011111 C
b100000010101010 @
b11011100010101 A
b1111100011011100 +
b1111100011011100 8
b11110011111 ,
b11110011111 9
b1101010101111000 )
b1101010101111000 6
b111100001100010 *
b111100001100010 7
r0.23748779296875 X
r-0.114227294921875 Y
r0.55609130859375 V
r-0.510894775390625 W
b1111110 2
b10 5
b1111110 4
r1.141149550676346e-05 R
r7.713213562965393e-06 S
r0.3466796875 P
r-0.886016845703125 Q
b100 1
b111110 3
r0.3466682760044932 T
r-0.886024558916688 U
1-
#1420000
0-
#1425000
b100110001010101110011100011001 J
b1001110000001011101110000101 K
b100110001010101010011100011001 L
b1001110000000111101110000101 M
b1111100011011100 B
b11110011111 C
b1101010101111000 @
b111100001100010 A
b11010111011101000110110010110 E
b1011001111000001100110000011 F
b1101001100000110110010000110 D
b10110111100001110100000001011 G
b1110001011001100 #
b1110001011001100 H
b10100100010 "
b10100100010 I
b1111001100110 +
b1111001100110 8
b1111000101100001 ,
b1111000101100001 9
b100011100101110 )
b100011100101110 6
b1011111010011011 *
b1011111010011011 7
r-0.31536865234375 X
r-0.641387939453125 Y
r0.936859130859375 V
r-0.338226318359375 W
b1111111 2
b11 5
b1111111 4
r4.246830940246582e-07 R
r4.835426807403564e-06 S
r0.016845703125 P
r0.325042724609375 Q
b100 1
b111111 3
r0.01684612780809402 T
r0.3250378891825676 U
1-
#1430000
0-
#1435000
b111111011011000001000000111000000 J
b10011001011111111110111110 K
b111111011011000000100000111000000 L
b10011001011011111110111110 M
b100110001010101 #
b100110001010101 H
b1001110000001 "
b1001110000001 I
b11111110101110111101110110001000 E
b11111100101001000110010000111000 F
b1001011111011001100100000 D
b11100101010111001011011110 G
b1111001100110 B
b1111000101100001 C
b100011100101110 @
b1011111010011011 A
b1101011110100010 +
b1101011110100010 8
b1010110111100111 ,
b1010110111100111 9
b111011111101011 )
b111011111101011 6
b1101010010110101 *
b1101010010110101 7
r0.076416015625 X
r0.07464599609375 Y
r0.72515869140625 V
r0.28912353515625 W
b10000000 2
b100 5
b10000000 4
r1.117214560508728e-05 R
r1.79000198841095e-06 S
r-0.2281494140625 P
r0.04010009765625 Q
b100 1
b0 3
r-0.2281382419168949 T
r0.04010188765823841 U
1-
#1440000
0-
#1445000
b111110100001010111010001000110000 J
b111111011010010001010001101100111 K
b111110100001010110110001000110000 L
b111111011010010000110001101100111 M
b1101011110100010 B
b1010110111100111 C
b111011111101011 @
b1101010010110101 A
b11111011111011110100011001101110 E
b11111000001111000001101111000010 F
b1000011100111100000001010100 D
b11101111000010001110111011 G
b1111011011000001 #
b1111011011000001 H
b10011001011 "
b10011001011 I
b100111001000 +
b100111001000 8
b100110001110 ,
b100110001110 9
b101110011010010 )
b101110011010010 6
b10010100000010 *
b10010100000010 7
r-0.401611328125 X
r-0.284423828125 Y
r0.31854248046875 V
r0.3973388671875 W
b10000001 2
b101 5
b10000001 4
r9.321607649326324e-06 R
r1.068226993083954e-06 S
r0.596343994140625 P
r0.152374267578125 Q
b100 1
b1 3
r0.5963533157482743 T
r0.1523731993511319 U
1-
#1450000
0-
#1455000
b111100000010111101110000110010111 J
b100000110010110100000010011101 K
b111100000010111101010000110010111 L
b100000110010110000000010011101 M
b1110100001010111 #
b1110100001010111 H
b1111011010010001 "
b1111011010010001 I
b11011001100010110000010000001101 E
b110110100111001110110001010 F
b11101101000101110011111110110110 D
b1101111000100100000001010011 G
b100111001000 B
b100110001110 C
b101110011010010 @
b10010100000010 A
b1100110010011000 +
b1100110010011000 8
b1101101110011000 ,
b1101101110011000 9
b10100011000110 )
b10100011000110 6
b11001011011100 *
b11001011011100 7
r-0.107757568359375 X
r0.3865966796875 Y
r-0.55535888671875 V
r-0.77288818359375 W
b10000010 2
b110 5
b10000010 4
r1.484155654907227e-05 R
r1.519732177257538e-05 S
r-0.072235107421875 P
r0.037445068359375 Q
b100 1
b10 3
r-0.07224994897842407 T
r0.03746026568114758 U
1-
#1460000
0-
#1465000
b100111000010001101000001100 J
b111111101110101011111001100001100 K
b100111000001101101000001100 L
b111111101110101011011001100001100 M
b1100110010011000 B
b1101101110011000 C
b10100011000110 @
b11001011011100 A
b11011101101101111001111100 E
b1011010011111101110010000 F
b11100010111110011000010000 D
b1011000011001100100011100 G
b1100000010111101 #
b1100000010111101 H
b100000110010110 "
b100000110010110 I
b1111001000110101 +
b1111001000110101 8
b11000101111100 ,
b11000101111100 9
b1011100011101010 )
b1011100011101010 6
b1001110100010010 *
b1001110100010010 7
r0.896575927734375 X
r0.35101318359375 Y
r-0.50897216796875 V
r0.164642333984375 W
b10000011 2
b111 5
b10000011 4
r7.107853889465332e-06 R
r6.818212568759918e-06 S
r-0.184844970703125 P
r-0.073699951171875 Q
b100 1
b11 3
r-0.1848520785570145 T
r-0.07370676938444376 U
1-
#1470000
0-
#1475000
b111101111111111010101101000110000 J
b111101001010100100010000 K
b111101111111111010001101000110000 L
b111101000110100100010000 M
b100111000010 #
b100111000010 H
b1111101110101011 "
b1111101110101011 I
b11111010001100111001011110010000 E
b11110101110010011000001010100000 F
b11110111110011111111110110010000 D
b11111000110001000110011010100000 G
b1111001000110101 B
b11000101111100 C
b1011100011101010 @
b1001110100010010 A
b111001011000011 +
b111001011000011 8
b10110011101110 ,
b10110011101110 9
b1011111011011010 )
b1011111011011010 6
b1010100010011 *
b1010100010011 7
r0.685577392578125 X
r-0.74468994140625 Y
r-0.213623046875 V
r0.92864990234375 W
b10000100 2
b1000 5
b10000100 4
r8.0084428191185e-06 R
r1.462176442146301e-07 S
r-0.494232177734375 P
r0.51239013671875 Q
b100 1
b100 3
r-0.4942241692915559 T
r0.5123902829363942 U
1-
#1480000
0-
#1485000
b111110111100101110010010000010010 J
b111101001000011000100101001000110 K
b111110111100101101110010000010010 L
b111101001000011000000101001000110 M
b111001011000011 B
b10110011101110 C
b1011111011011010 @
b1010100010011 A
b11110010010000100101101101011000 E
b101010101001000100010111010 F
b11110101000111110001110010 D
b11101100111000001000011010111000 G
b1101111111111010 #
b1101111111111010 H
b111101001 "
b111101001 I
b101011111000001 +
b101011111000001 8
b1010000010101110 ,
b1010000010101110 9
b1110010010101000 )
b1110010010101000 6
b111011011011110 *
b111011011011110 7
r-0.97540283203125 X
r0.438079833984375 Y
r-0.19854736328125 V
r-0.143341064453125 W
b10000101 2
b1001 5
b10000101 4
r9.048730134963989e-06 R
r1.217052340507507e-05 S
r0.07623291015625 P
r-0.033843994140625 Q
b100 1
b101 3
r0.07622386142611504 T
r-0.03383182361721992 U
1-
#1490000
0-
#1495000
b111111110000000111010101000100101 J
b100000111001111010011110011100 K
b111111110000000110110101000100101 L
b100000111001110110011110011100 M
b1110111100101110 #
b1110111100101110 H
b1101001000011000 "
b1101001000011000 I
b11110100100100001110011010101100 E
b1001011100101000001101111001 F
b11100010110010110111010000001110 D
b11101100101101101110101010 G
b101011111000001 B
b1010000010101110 C
b1110010010101000 @
b111011011011110 A
b1000001100100110 +
b1000001100100110 8
b11100000010011 ,
b11100000010011 9
b1110011010010110 )
b1110011010010110 6
b1110110110100111 *
b1110110110100111 7
r0.861236572265625 X
r-0.583343505859375 Y
r0.739013671875 V
r-0.364990234375 W
b10000110 2
b1010 5
b10000110 4
r6.243586540222168e-06 R
r5.46872615814209e-06 S
r-0.25018310546875 P
r0.014923095703125 Q
b100 1
b110 3
r-0.2501768618822098 T
r0.01491762697696686 U
1-
#1500000
0-
#1505000
b110010111011011011100110001110 J
b111011101000111010101000000111100 K
b110010111011010111100110001110 L
b111011101000111010001000000111100 M
b1000001100100110 B
b11100000010011 C
b1110011010010110 @
b1110110110100111 A
b1010001011100110101000110000 E
b101000101111110000111101011110 F
b11110110101000000111101010101000 D
b11010011101111011000101011100100 G
b1111110000000111 #
b1111110000000111 H
b100000111001111 "
b100000111001111 I
b110111000111101 +
b110111000111101 8
b1011010101010101 ,
b1011010101010101 9
b101111010011000 )
b101111010011000 6
b1101000101001000 *
b1101000101001000 7
r-0.529327392578125 X
r-0.854583740234375 Y
r-0.51934814453125 V
r-0.6842041015625 W
b10000111 2
b1011 5
b10000111 4
r6.658956408500671e-06 R
r2.449378371238708e-06 S
r-0.13140869140625 P
r-0.358642578125 Q
b100 1
b111 3
r-0.1314153503626585 T
r-0.3586401287466288 U
1-
#1510000
0-
#1515000
b11011000011110100011101100 J
b111101111100101100110111100100001 K
b11011000011010100011101100 L
b111101111100101100010111100100001 M
b110010111011011 #
b110010111011011 H
b1011101000111010 "
b1011101000111010 I
b11111010011011101110110100100010 E
b1000111100101011101111001010 F
b1100011001001111110001000100 D
b11111011111110110010101101100101 G
b110111000111101 B
b1011010101010101 C
b101111010011000 @
b1101000101001000 A
b1011110000111111 +
b1011110000111111 8
b1001001010011101 ,
b1001001010011101 9
b1011110110000110 )
b1011110110000110 6
b1010100001101100 *
b1010100001101100 7
r0.474212646484375 X
r0.1390380859375 Y
r-0.639556884765625 V
r0.964691162109375 W
b10001000 2
b1100 5
b10001000 4
r5.210749804973602e-06 R
r5.815178155899048e-06 S
r-0.031036376953125 P
r0.514129638671875 Q
b100 1
b1000 3
r-0.03104158770292997 T
r0.5141238234937191 U
1-
#1520000
0-
#1525000
b111010000010010101110111010100000 J
b111100100111001001100101010110000 K
b111010000010010101010111010100000 L
b111100100111001001000101010110000 M
b1011110000111111 B
b1001001010011101 C
b1011110110000110 @
b1010100001101100 A
b11100100011010001110000001111000 E
b11101011111000011100111000101000 F
b101000101110111101101000111000 D
b1101101000000110010011101000 G
b11011000011 #
b11011000011 H
b1101111100101100 "
b1101111100101100 I
b11110010110011 +
b11110010110011 8
b1000111001100 ,
b1000111001100 9
b1010111000100011 )
b1010111000100011 6
b111101101111011 *
b111101101111011 7
r-0.550567626953125 X
r-0.9449462890625 Y
r-0.267059326171875 V
r0.78338623046875 W
b10001001 2
b1101 5
b10001001 4
r1.53668224811554e-06 R
r3.870576620101929e-06 S
r0.795745849609375 P
r-0.54510498046875 Q
b100 1
b1001 3
r0.7957443129271269 T
r-0.5451011098921299 U
1-
#1530000
0-
#1535000
b110011100101011010100111000010 J
b10011110101000001011001000010 K
b110011100101010110100111000010 L
b10011110100111101011001000010 M
b1010000010010101 #
b1010000010010101 H
b1100100111001001 "
b1100100111001001 I
b11100011001111010011100101110 E
b10111001011011100001010010100 F
b10001100110000000101111111010 D
b100101011010111110001000111100 G
b11110010110011 B
b1000111001100 C
b1010111000100011 @
b111101101111011 A
b1011100110000111 +
b1011100110000111 8
b1000011100001100 ,
b1000011100001100 9
b1101110111010001 )
b1101110111010001 6
b110010001000110 *
b110010001000110 7
r-0.6490478515625 X
r0.82891845703125 Y
r-0.194854736328125 V
r0.050323486328125 W
b10001010 2
b1110 5
b10001010 4
r9.756535291671753e-06 R
r1.123640686273575e-05 S
r0.052825927734375 P
r-0.2564697265625 Q
b100 1
b1010 3
r0.05283568426966667 T
r-0.2564584901556373 U
1-
#1540000
0-
#1545000
b10111100101101000000111100101 J
b11011111111101101101010001011 K
b10111100101100100000111100101 L
b11011111111101001101010001011 M
b1011100110000111 B
b1000011100001100 C
b1101110111010001 @
b110010001000110 A
b11111010010011110001011011100100 E
b11101010001110010101100000001 F
b11101100100101101111011001111001 D
b1000100101011001000100000100 G
b110011100101011 #
b110011100101011 H
b10011110101000 "
b10011110101000 I
b1010110011101100 +
b1010110011101100 8
b110101000011010 ,
b110101000011010 9
b1110011100001111 )
b1110011100001111 6
b11001110001 *
b11001110001 7
r-0.5394287109375 X
r0.955535888671875 Y
r-0.299072265625 V
r0.72369384765625 W
b10001011 2
b1111 5
b10001011 4
r1.111626625061035e-05 R
r2.548098564147949e-06 S
r-0.745452880859375 P
r-0.423553466796875 Q
b100 1
b1011 3
r-0.7454417645931244 T
r-0.4235509186983109 U
1-
#1550000
0-
#1555000
b111110100100011000101001110110110 J
b111000111001101101101101100010001 K
b111110100100011000001001110110110 L
b111000111001101101001101100010001 M
b10111100101101 #
b10111100101101 H
b11011111111101 "
b11011111111101 I
b10000001001101001110011001100 E
b11100100011001010111011011101010 F
b1001011010010000001000110111 D
b11010000100111111001110101001000 G
b1010110011101100 B
b110101000011010 C
b1110011100001111 @
b11001110001 A
b1011101011110100 +
b1011101011110100 8
b111101001001111 ,
b111101001001111 9
b1101100110111000 )
b1101100110111000 6
b101110010100010 *
b101110010100010 7
r-0.9146728515625 X
r0.01129150390625 Y
r-0.7735595703125 V
r0.0501708984375 W
b10001100 2
b10000 5
b10001100 4
r5.302950739860535e-06 R
r9.952113032341003e-06 S
r0.805999755859375 P
r0.309814453125 Q
b100 1
b1100 3
r0.8059944529086351 T
r0.3098045010119677 U
1-
#1560000
0-
#1565000
b111110011100100101100100110110010 J
b111111010100100111001101110100110 K
b111110011100100101000100110110010 L
b111111010100100110101101110100110 M
b1011101011110100 B
b111101001001111 C
b1101100110111000 @
b101110010100010 A
b11110101101010011010110110000110 E
b11111101111010001101110000101100 F
b1000000110000001010111010100 D
b10101010110111000101111010 G
b1110100100011000 #
b1110100100011000 H
b1000111001101101 "
b1000111001101101 I
b1000101011101100 +
b1000101011101100 8
b101110010 ,
b101110010 9
b1001110011111100 )
b1001110011111100 6
b11001101100 *
b11001101100 7
r0.722442626953125 X
r0.009735107421875 Y
r0.3055419921875 V
r0.023284912109375 W
b10001101 2
b10001 5
b10001101 4
r1.480709761381149e-05 R
r6.328336894512177e-06 S
r0.368560791015625 P
r0.437408447265625 Q
b100 1
b1101 3
r0.3685459839180112 T
r0.4374147756025195 U
1-
#1570000
0-
#1575000
b111010100101110100001111000110000 J
b100001111011101101011010011110 K
b111010100101110011101111000110000 L
b100001111011101001011010011110 M
b1110011100100101 #
b1110011100100101 H
b1111010100100111 "
b1111010100100111 I
b11101101101101011101111111001000 E
b11100111000000111111111001101000 F
b1010010100110011001101100000 D
b101100010000011100100111111110 G
b1000101011101100 B
b101110010 C
b1001110011111100 @
b11001101100 A
b101110001111001 +
b101110001111001 8
b100111111 ,
b100111111 9
b10011100011100 )
b10011100011100 6
b1011111011 *
b1011111011 7
r0.909759521484375 X
r-0.3148193359375 Y
r0.553924560546875 V
r-0.964874267578125 W
b10001110 2
b10010 5
b10001110 4
r4.699453711509705e-06 R
r6.453134119510651e-06 S
r-0.178955078125 P
r-0.887298583984375 Q
b100 1
b1110 3
r-0.1789503786712885 T
r-0.8872921308502555 U
1-
#1580000
0-
#1585000
b111111100100000010100011111001000 J
b111010010110000001111011111001000 K
b111111100100000010000011111001000 L
b111010010110000001011011111001000 M
b101110001111001 B
b100111111 C
b10011100011100 @
b1011111011 A
b11111111011100001110010000111000 E
b11111101000100000010001110010000 F
b101101010010001001000001010000 D
b10010100100000011000 G
b1010100101110100 #
b1010100101110100 H
b100001111011101 "
b100001111011101 I
b111010001110011 +
b111010001110011 8
b1101011110110100 ,
b1101011110110100 9
b100011011100111 )
b100011011100111 6
b1000010001111111 *
b1000010001111111 7
r0.48052978515625 X
r-0.7021484375 Y
r0.96063232421875 V
r0.565216064453125 W
b10001111 2
b10011 5
b10001111 4
r2.311542630195618e-06 R
r8.666887879371643e-06 S
r-0.194183349609375 P
r-0.084747314453125 Q
b100 1
b1111 3
r-0.1941810380667448 T
r-0.08475598134100437 U
1-
#1590000
0-
#1595000
b1010001001001100010000111 J
b111110001111000110110101010001001 K
b1010001000101100010000111 L
b111110001111000110010101010001001 M
b1111100100000010 #
b1111100100000010 H
b1010010110000001 "
b1010010110000001 I
b1100001011101111100100 E
b1000100111001110010100011 F
b1110001000001000110000111100 D
b111011011011000101 G
b111010001110011 B
b1101011110110100 C
b100011011100111 @
b1000010001111111 A
b11110110000010 +
b11110110000010 8
b1010011000100000 ,
b1010011000100000 9
b111101011110110 )
b111101011110110 6
b100100001011001 *
b100100001011001 7
r-0.5587158203125 X
r-0.945953369140625 Y
r0.145782470703125 V
r-0.749847412109375 W
b10010000 2
b10100 5
b10010000 4
r8.061528205871582e-06 R
r5.392357707023621e-06 S
r-0.6761474609375 P
r0.530181884765625 Q
b100 1
b10000 3
r-0.6761555224657059 T
r0.530187277123332 U
1-
#1600000
0-
#1605000
b110111100101010010010110001111001 J
b111110011001100001000110010000111 K
b110111100101010001110110001111001 L
b111110011001100000100110010000111 M
b11110110000010 B
b1010011000100000 C
b111101011110110 @
b100100001011001 A
b11110100110101101101101101101100 E
b11000111110100100001000100001101 F
b100000010000001000010111000101 D
b10011011100001101001001001100 G
b1010001001 #
b1010001001 H
b1110001111000110 "
b1110001111000110 I
b1011100001111100 +
b1011100001111100 8
b1000011011101011 ,
b1000011011101011 9
b1001010101001 )
b1001010101001 6
b1010000000000101 *
b1010000000000101 7
r-0.808746337890625 X
r0.735504150390625 Y
r-0.83697509765625 V
r0.178070068359375 W
b10010001 2
b10101 5
b10010001 4
r1.855194568634033e-06 R
r1.329928636550903e-05 S
r-0.05462646484375 P
r-0.707000732421875 Q
b100 1
b10001 3
r-0.05462460964918137 T
r-0.7069874331355095 U
1-
#1610000
0-
#1615000
b111100110001101110001010011110010 J
b111001001000011101111001000110100 K
b111100110001101101101010011110010 L
b111001001000011101011001000110100 M
b1000000000000000 #
b1000000000000000 H
b1110011001100001 "
b1110011001100001 I
b11010100110101001110001011000000 E
b10001011000011111001000110010 F
b11101100010110000111011101100 D
b11100110100110011100000100100000 G
b1011100001111100 B
b1000011011101011 C
b1001010101001 @
b1010000000000101 A
b1001100001111011 +
b1001100001111011 8
b101111000100101 ,
b101111000100101 9
b1001010011011110 )
b1001010011011110 6
b1011011001011 *
b1011011001011 7
r0.302703857421875 X
r-0.368682861328125 Y
r0.31610107421875 V
r0.751190185546875 W
b10010010 2
b10110 5
b10010010 4
r9.41101461648941e-06 R
r1.014117151498795e-05 S
r0.019805908203125 P
r-0.22052001953125 Q
b100 1
b10010 3
r0.01979649718850851 T
r-0.220509878359735 U
1-
#1620000
0-
#1625000
b10001111111001111000110001111 J
b110010100111000100000010111011 K
b10001111111001011000110001111 L
b110010100111000000000010111011 M
b1001100001111011 B
b101111000100101 C
b1001010011011110 @
b1011011001011 A
b11110111001011001001011100100011 E
b11010110100000001101001101100 F
b11111010110010011000000111011100 D
b101101011001011000001010010111 G
b1100110001101110 #
b1100110001101110 H
b1001001000011101 "
b1001001000011101 I
b10011010111111 +
b10011010111111 8
b1101000011001111 ,
b1101000011001111 9
b10100001110110 )
b10100001110110 6
b110000000100111 *
b110000000100111 7
r-0.419677734375 X
r-0.63348388671875 Y
r0.957244873046875 V
r-0.039459228515625 W
b10010011 2
b10111 5
b10010011 4
r0 R
r1.227203756570816e-05 S
r-1 P
r-0.200164794921875 Q
b100 1
b10011 3
r-1 T
r-0.2001770669594407 U
1-
#1630000
0-
#1635000
b111001111011000101100001110011111 J
b111011101000011111011111010101101 K
b111001111011000101000001110011111 L
b111011101000011110111111010101101 M
b10001111111001 #
b10001111111001 H
b110010100111000 "
b110010100111000 I
b11011000100110100000100000010110 E
b11110110110010000111101110001001 F
b101011010100100101011010101010 D
b1000011000011101010101010111 G
b10011010111111 B
b1101000011001111 C
b10100001110110 @
b110000000100111 A
b1100101001001000 +
b1100101001001000 8
b1010111011101010 ,
b1010111011101010 9
b111101010000111 )
b111101010000111 6
b1111101011110011 *
b1111101011110011 7
r-0.38134765625 X
r-0.279205322265625 Y
r0.7373046875 V
r-0.583251953125 W
b10010100 2
b11000 5
b10010100 4
r1.02650374174118e-05 R
r1.196935772895813e-05 S
r-0.40289306640625 P
r-0.858489990234375 Q
b100 1
b10100 3
r-0.4029033314436674 T
r-0.858478020876646 U
1-
#1640000
0-
#1645000
b111000110000101111010000011 J
b111101000001001101111101101111111 K
b111000110000001111010000011 L
b111101000001001101011101101111111 M
b1100101001001000 B
b1010111011101010 C
b111101010000111 @
b1111101011110011 A
b11111000100010101001011101101010 E
b1110100011011000011100011001 F
b110000111111011010000001010 D
b11101110010001100110111110001001 G
b1001111011000101 #
b1001111011000101 H
b1011101000011111 "
b1011101000011111 I
b1100111100110000 +
b1100111100110000 8
b1101110001000011 ,
b1101110001000011 9
b101111001100000 )
b101111001100000 6
b1011010101011000 *
b1011010101011000 7
r-0.423492431640625 X
r-0.96893310546875 Y
r0.275390625 V
r-0.019744873046875 W
b10010101 2
b11001 5
b10010101 4
r1.181568950414658e-05 R
r1.741573214530945e-07 S
r0.281036376953125 P
r0.790771484375 Q
b100 1
b10101 3
r0.2810481926426291 T
r0.7907716585323215 U
1-
#1650000
0-
#1655000
b111011010010000000101001110111110 J
b11011010011111101000000100110 K
b111011010010000000001001110111110 L
b11011010011111001000000100110 M
b111000110000 #
b111000110000 H
b1101000001001101 "
b1101000001001101 I
b11011001001100001100000101100110 E
b1000011110101001001011000 F
b11100110010010011111101111111000 D
b1100110011000110000011110 G
b1100111100110000 B
b1101110001000011 C
b101111001100000 @
b1011010101011000 A
b1100100111001011 +
b1100100111001011 8
b1000001111111010 ,
b1000001111111010 9
b10001101000000 )
b10001101000000 6
b1111110101111001 *
b1111110101111001 7
r-0.61328125 X
r0.272125244140625 Y
r0.717376708984375 V
r-0.66522216796875 W
b10010110 2
b11010 5
b10010110 4
r8.633360266685486e-07 R
r3.157183527946472e-07 S
r-0.759613037109375 P
r-0.545928955078125 Q
b100 1
b10110 3
r-0.7596121737733483 T
r-0.5459292707964778 U
1-
#1660000
0-
#1665000
b1000011111001101110100000 J
b11100011010110000010000001000 K
b1000011110101101110100000 L
b11100011010101100010000001000 M
b1100100111001011 B
b1000001111111010 C
b10001101000000 @
b1111110101111001 A
b11110010110100110011001100100000 E
b1110001111000010100010000000 F
b11101110000000010101001000000000 D
b1010011011000001011000001000 G
b1011010010000000 #
b1011010010000000 H
b11011010011111 "
b11011010011111 I
b1011000110000000 +
b1011000110000000 8
b10001011010101 ,
b10001011010101 9
b101101111010011 )
b101101111010011 6
b1010101011011010 *
b1010101011011010 7
r-0.879791259765625 X
r-0.591522216796875 Y
r-0.84808349609375 V
r-0.651763916015625 W
b10010111 2
b11011 5
b10010111 4
r7.274560630321503e-06 R
r1.418497413396835e-05 S
r0.11083984375 P
r-0.372650146484375 Q
b100 1
b10111 3
r0.1108471183106303 T
r-0.372635961510241 U
1-
#1670000
0-
#1675000
b111101111011101010110110001110011 J
b1000101100000111111101101010 K
b111101111011101010010110001110011 L
b1000101100000011111101101010 M
b1000011111 #
b1000011111 H
b11100011010110 "
b11100011010110 I
b11101110111011000010110010000000 E
b100010001111111111110011 F
b11111000100010010011001111000000 D
b1001110010111001100101010 G
b1011000110000000 B
b10001011010101 C
b101101111010011 @
b1010101011011010 A
b1000111101100011 +
b1000111101100011 8
b1011010001001001 ,
b1011010001001001 9
b1001001101110010 )
b1001001101110010 6
b1010110010010011 *
b1010110010010011 7
r0.723419189453125 X
r0.111419677734375 Y
r0.352325439453125 V
r-0.435791015625 W
b10011000 2
b11100 5
b10011000 4
r4.706904292106628e-06 R
r3.850087523460388e-06 S
r-0.58984375 P
r0.426727294921875 Q
b100 1
b11000 3
r-0.5898390430957079 T
r0.4267311450093985 U
1-
#1680000
0-
#1685000
b100110100110101101001110001111 J
b10000100100101000111011100010 K
b100110100110101001001110001111 L
b10000100100100100111011100010 M
b1000111101100011 B
b1011010001001001 C
b1001001101110010 @
b1010110010010011 A
b1100011111100110110010001111 E
b11010000111000010011100000000 F
b11100011110101111100110010000000 D
b11110100011010100001101101100010 G
b1101111011101010 #
b1101111011101010 H
b1000101100000 "
b1000101100000 I
b101110010011001 +
b101110010011001 8
b111001000011 ,
b111001000011 9
b10110100011001 )
b10110100011001 6
b1100100000111000 *
b1100100000111000 7
r0.84698486328125 X
r0.435333251953125 Y
r0.81365966796875 V
r0.66815185546875 W
b10011001 2
b11101 5
b10011001 4
r8.672475814819336e-06 R
r1.429766416549683e-05 S
r0.016571044921875 P
r0.44403076171875 Q
b100 1
b11001 3
r0.01656237244606018 T
r0.4440164640545845 U
1-
#1690000
0-
#1695000
b1000100110011100100110101011011 J
b111101000111011000001111011010101 K
b1000100110011100000110101011011 L
b111101000111010111101111011010101 M
b100110100110101 #
b100110100110101 H
b10000100100101 "
b10000100100101 I
b100000000110110011001110000010 E
b100100101100101101100111011001 F
b101111110000001011001100010110 D
b11000101011001001000111101011 G
b101110010011001 B
b111001000011 C
b10110100011001 @
b1100100000111000 A
b110110001101010 +
b110110001101010 8
b11011110111001 ,
b11011110111001 9
b110100000100110 )
b110100000100110 6
b101010110000110 *
b101010110000110 7
r0.9854736328125 X
r0.546478271484375 Y
r0.55340576171875 V
r-0.7281494140625 W
b10011010 2
b11110 5
b10011010 4
r1.059751957654953e-05 R
r1.511909067630768e-05 S
r-0.25848388671875 P
r0.1357421875 Q
b100 1
b11010 3
r-0.2584732891991735 T
r0.1357573065906763 U
1-
#1700000
0-
#1705000
b111101110010101100011010100000011 J
b111101100100101001100011010110111 K
b111101110010101011111010100000011 L
b111101100100101001000011010110111 M
b110110001101010 B
b11011110111001 C
b110100000100110 @
b101010110000110 A
b10100000110010101110001011 E
b11101011110100101100100101111000 F
b10000010011111110111111110001 D
b11111100111001000111011010101000 G
b111111111111111 #
b111111111111111 H
b1101000111011000 "
b1101000111011000 I
b111111000100100 +
b111111000100100 8
b100010111110011 ,
b100010111110011 9
b100011011010110 )
b100011011010110 6
b1010001011001100 *
b1010001011001100 7
r0.646148681640625 X
r0.098358154296875 Y
r-0.355499267578125 V
r0.86029052734375 W
b10011011 2
b11111 5
b10011011 4
r4.663132131099701e-06 R
r1.171045005321503e-05 S
r0.603179931640625 P
r0.258941650390625 Q
b100 1
b11011 3
r0.6031845947727561 T
r0.2589299399405718 U
1-
#1710000
0-
#1715000
b111010111000111001111011110010 J
b111100110100000101011000000011010 K
b111010111000110101111011110010 L
b111100110100000100111000000011010 M
b1101110010101100 #
b1101110010101100 H
b1101100100101001 "
b1101100100101001 I
b10110101010110110110101110110 E
b100100001101111111000101111100 F
b101100000110110010011110111100 D
b10010100111011001011111010110 G
b111111000100100 B
b100010111110011 C
b100011011010110 @
b1010001011001100 A
b101001010110101 +
b101001010110101 8
b110010010111 ,
b110010010111 9
b1101001001111111 )
b1101001001111111 6
b110111000011110 *
b110111000011110 7
r0.765777587890625 X
r-0.652587890625 Y
r-0.050445556640625 V
r-0.756072998046875 W
b10011100 2
b100000 5
b10011100 4
r0 R
r7.907859981060028e-06 S
r0.999969482421875 P
r-0.360595703125 Q
b100 1
b11100 3
r0.999969482421875 T
r-0.3606036109849811 U
1-
#1720000
0-
#1725000
b111100101011011100111011111010010 J
b111000011101000010111100110001100 K
b111100101011011100011011111010010 L
b111000011101000010011100110001100 M
b101001010110101 B
b110010010111 C
b1101001001111111 @
b110111000011110 A
b10011010110101110101100100010 E
b11010010000100110100110010110000 F
b100010111001110100101000011000 D
b11100110100010001000001110100100 G
b111010111000111 #
b111010111000111 H
b1100110100000101 "
b1100110100000101 I
b110001000000101 +
b110001000000101 8
b1010110001111000 ,
b1010110001111000 9
b1111100110001011 )
b1111100110001011 6
b1001111100111001 *
b1001111100111001 7
r0.09442138671875 X
r-0.397552490234375 Y
r0.02520751953125 V
r0.36102294921875 W
b10011101 2
b100001 5
b10011101 4
r2.619810402393341e-06 R
r1.600943505764008e-06 S
r-0.2760009765625 P
r-0.303436279296875 Q
b100 1
b11101 3
r-0.2760035963729024 T
r-0.3034346783533692 U
1-
#1730000
0-
#1735000
b100001010101101101010000011111 J
b10100000111100001100111100111 K
b100001010101101001010000011111 L
b10100000111011101100111100111 M
b1100101011011100 #
b1100101011011100 H
b1000011101000010 "
b1000011101000010 I
b11111101110000110001110011101001 E
b100011100100110111011100110110 F
b11110001010011001000000111001011 D
b101011010100101101110110010 G
b110001000000101 B
b1010110001111000 C
b1111100110001011 @
b1001111100111001 A
b110000010110 +
b110000010110 8
b1100110100011101 ,
b1100110100011101 9
b1100111010 )
b1100111010 6
b10111000110110 *
b10111000110110 7
r0.764495849609375 X
r0.10211181640625 Y
r0.664703369140625 V
r-0.22705078125 W
b10011110 2
b100010 5
b10011110 4
r7.880851626396179e-06 R
r3.790482878684998e-06 S
r0.920135498046875 P
r-0.398284912109375 Q
b100 1
b11110 3
r0.9201276171952486 T
r-0.3982887025922537 U
1-
#1740000
0-
#1745000
b111011101000011011000101101000101 J
b100010000011010001100100000001 K
b111011101000011010100101101000101 L
b100010000011001101100100000001 M
b110000010110 B
b1100110100011101 C
b1100111010 @
b10111000110110 A
b10000110110101110100101000 E
b11011010111100011110111000011101 F
b11111101100001110001010110110111 D
b11111100100111110111010111000 G
b100001010101101 #
b100001010101101 H
b10100000111100 "
b10100000111100 I
b110000111011011 +
b110000111011011 8
b110100010010 ,
b110100010010 9
b101010100010101 )
b101010100010101 6
b1110001011110000 *
b1110001011110000 7
r0.76446533203125 X
r-0.08642578125 Y
r0.048431396484375 V
r0.6968994140625 W
b10011111 2
b100011 5
b10011111 4
r1.330859959125519e-05 R
r1.372024416923523e-05 S
r-0.4151611328125 P
r-0.94329833984375 Q
b100 1
b11111 3
r-0.4151478242129087 T
r-0.9432846195995808 U
1-
#1750000
0-
#1755000
b1100010101001000000110110 J
b111110110101010011011101100100010 K
b1100010100101000000110110 L
b111110110101010010111101100100010 M
b1011101000011011 #
b1011101000011011 H
b100010000011010 "
b100010000011010 I
b11111111010110111100111110010010 E
b10001011101000000010100100 F
b1001101111111011111100 D
b11110110110100000111101000011110 G
b110000111011011 B
b110100010010 C
b101010100010101 @
b1110001011110000 A
b110000111011010 +
b110000111011010 8
b1111010011110000 ,
b1111010011110000 9
b11000110011 )
b11000110011 6
b101100100110100 *
b101100100110100 7
r0.535247802734375 X
r0.9466552734375 Y
r0.970123291015625 V
r0.919342041015625 W
b10100000 2
b100100 5
b10100000 4
r4.79724258184433e-06 R
r9.083189070224762e-06 S
r0.520904541015625 P
r0.3143310546875 Q
b100 1
b100000 3
r0.5209093382582068 T
r0.3143219714984298 U
1-
#1760000
0-
#1765000
b111111001001111000101111111001010 J
b111011101111111101010011011101001 K
b111111001001111000001111111001010 L
b111011101111111100110011011101001 M
b110000111011010 B
b1111010011110000 C
b11000110011 @
b101100100110100 A
b100010110000000110001111010 E
b11110100111001000001001101010000 F
b100000100001011011110111110111 D
b11111110100001000010010011100000 G
b1100010101 #
b1100010101 H
b1110110101010011 "
b1110110101010011 I
b100010010000011 +
b100010010000011 8
b111100100101100 ,
b111100100101100 9
b111110000101101 )
b111110000101101 6
b111010110101101 *
b111010110101101 7
r0.408599853515625 X
r-0.323211669921875 Y
r0.108428955078125 V
r0.4339599609375 W
b10100001 2
b100101 5
b10100001 4
r1.257192343473434e-05 R
r9.297393262386322e-06 S
r-0.546051025390625 P
r0.53204345703125 Q
b100 1
b100001 3
r-0.5460635973140597 T
r0.5320341596379876 U
1-
#1770000
0-
#1775000
b100001110101000101011000011000 J
b111111001110001101101011001010010 K
b100001110101000001011000011000 L
b111111001110001101001011001010010 M
b1111001001111000 #
b1111001001111000 H
b1011101111111101 "
b1011101111111101 I
b11111111101110110110101111010000 E
b100010000110001010101001001000 F
b10010111101001101001101110 D
b11111100001001010011000011000000 G
b100010010000011 B
b111100100101100 C
b111110000101101 @
b111010110101101 A
b11010001001101 +
b11010001001101 8
b1101011010100001 ,
b1101011010100001 9
b110111100001 )
b110111100001 6
b11011110001100 *
b11011110001100 7
r-0.8939208984375 X
r0.670806884765625 Y
r0.811767578125 V
r-0.851776123046875 W
b10100010 2
b100110 5
b10100010 4
r1.139380037784576e-05 R
r1.160427927970886e-06 S
r0.024078369140625 P
r-0.145904541015625 Q
b100 1
b100010 3
r0.02406697534024715 T
r-0.145905701443553 U
1-
#1780000
0-
#1785000
b1011010010001010000100001000011 J
b10110011101111011111110110101 K
b1011010010001001100100001000011 L
b10110011101110111111110110101 M
b11010001001101 B
b1101011010100001 C
b110111100001 @
b11011110001100 A
b111010110001101001110010111100 E
b11111011111100010101110000111 F
b100001001110110111111100000111 D
b110111101100101111111010111100 G
b100001110101000 #
b100001110101000 H
b1111001110001101 "
b1111001110001101 I
b1000110110010100 +
b1000110110010100 8
b101010111011101 ,
b101010111011101 9
b110011111101000 )
b110011111101000 6
b1001001011111001 *
b1001001011111001 7
r-0.9827880859375 X
r0.509185791015625 Y
r0.36590576171875 V
r-0.498199462890625 W
b10100011 2
b100111 5
b10100011 4
r7.579103112220764e-06 R
r5.981884896755219e-06 S
r-0.105712890625 P
r-0.531341552734375 Q
b100 1
b100011 3
r-0.1057053115218878 T
r-0.5313475346192718 U
1-
#1790000
0-
#1795000
b1001000110110011010110011101 J
b111110100001100000101011001011111 K
b1001000110101111010110011101 L
b111110100001100000001011001011111 M
b111111111111111 #
b111111111111111 H
b10110011101111 "
b10110011101111 I
b11111101110000011101000010000001 E
b1011010110010010010100011100 F
b10110101011110000010101101 D
b11110111000001011111011100001100 G
b1000110110010100 B
b101010111011101 C
b110011111101000 @
b1001001011111001 A
b1000001000110100 +
b1000001000110100 8
b100000100101101 ,
b100000100101101 9
b10111011010110 )
b10111011010110 6
b1100000000111011 *
b1100000000111011 7
r-0.524322509765625 X
r0.19854736328125 Y
r0.21258544921875 V
r0.341033935546875 W
b10100100 2
b101000 5
b10100100 4
r5.267560482025146e-06 R
r5.321577191352844e-06 S
r0.528564453125 P
r-0.097259521484375 Q
b100 1
b100100 3
r0.528569720685482 T
r-0.09725419990718365 U
1-
#1800000
0-
#1805000
b1010011100101010001100000111100 J
b1001110111111111001111010101 K
b1010011100101001101100000111100 L
b1001110111111011001111010101 M
b1000001000110100 B
b100000100101101 C
b10111011010110 @
b1100000000111011 A
b100010110110011011101101001000 E
b110000101110110001110011110100 F
b11010001100011101101101000100000 D
b11011011011011101000110111110101 G
b1001000110110 #
b1001000110110 H
b1110100001100000 "
b1110100001100000 I
b1011110011100011 +
b1011110011100011 8
b1100101101010 ,
b1100101101010 9
b1101100110110 )
b1101100110110 6
b10101110100111 *
b10101110100111 7
r0.75244140625 X
r-0.332061767578125 Y
r-0.91204833984375 V
r-0.107086181640625 W
b10100101 2
b101001 5
b10100101 4
r0 R
r6.984919309616089e-08 S
r0.999969482421875 P
r0.351043701171875 Q
b100 1
b100101 3
r0.999969482421875 T
r0.3510436313226819 U
1-
#1810000
0-
#1815000
b101011010000101101001110011010 J
b110110001111101010111100111 K
b101011010000101001001110011010 L
b110110001111001010111100111 M
b111111111111111 #
b111111111111111 H
b1001110111111 "
b1001110111111 I
b1011111011001001000110011110 E
b11111010101100000000111111100 F
b11101000111111000010111101111000 D
b11101111110000111100010101011111 G
b1011110011100011 B
b1100101101010 C
b1101100110110 @
b10101110100111 A
b110000001010000 +
b110000001010000 8
b1101010101111111 ,
b1101010101111111 9
b1000101101000010 )
b1000101101000010 6
b1111001001001011 *
b1111001001001011 7
r0.98431396484375 X
r-0.556640625 Y
r0.549957275390625 V
r-0.817596435546875 W
b10100110 2
b101010 5
b10100110 4
r2.476386725902557e-06 R
r5.333684384822845e-06 S
r0.14227294921875 P
r-0.1845703125 Q
b100 1
b100110 3
r0.1422704728320241 T
r-0.1845649788156152 U
1-
#1820000
0-
#1825000
b111110111010000100010001101110001 J
b1011011101111101100101000100 K
b111110111010000011110001101110001 L
b1011011101111001100101000100 M
b110000001010000 B
b1101010101111111 C
b1000101101000010 @
b1111001001001011 A
b10101100111000101001011100 E
b11110100100011100101100100010101 F
b11111000110111011100100011100010 D
b100010101010110001000100110 G
b101011010000101 #
b101011010000101 H
b110110001111 "
b110110001111 I
b111110111111110 +
b111110111111110 8
b1011100011000000 ,
b1011100011000000 9
b100011001100101 )
b100011001100101 6
b1001011101011001 *
b1001011101011001 7
r-0.2431640625 X
r0.0931396484375 Y
r-0.13720703125 V
r0.7369384765625 W
b10100111 2
b101011 5
b10100111 4
r0 R
r1.235771924257278e-05 S
r0.999969482421875 P
r0.154266357421875 Q
b100 1
b100111 3
r0.999969482421875 T
r0.1542787151411176 U
1-
#1830000
0-
#1835000
b1110001110100001011100101110 J
b101110001100101001010110010101 K
b1110001110011101011100101110 L
b101110001100100101010110010101 M
b1110111010000100 #
b1110111010000100 H
b1011011101111 "
b1011011101111 I
b10011011000011111111110111110 E
b11111010110101111101011101110000 F
b11010100000101000100010010100000 D
b10010001101001101000110101 G
b111110111111110 B
b1011100011000000 C
b100011001100101 @
b1001011101011001 A
b1110000011100000 +
b1110000011100000 8
b101111101100 ,
b101111101100 9
b1110111001110000 )
b1110111001110000 6
b101111001010100 *
b101111001010100 7
r-0.43988037109375 X
r-0.461029052734375 Y
r0.707916259765625 V
r0.921722412109375 W
b10101000 2
b101100 5
b10101000 4
r4.673376679420471e-06 R
r5.221925675868988e-06 S
r0.675933837890625 P
r0.105926513671875 Q
b100 1
b101000 3
r0.6759385112673044 T
r0.1059317355975509 U
1-
#1840000
0-
#1845000
b110111000111001110100001100001110 J
b111111010011110111001000110001010 K
b110111000111001110000001100001110 L
b111111010011110110101000110001010 M
b1110000011100000 B
b101111101100 C
b1110111001110000 @
b101111001010100 A
b11101100011010000110001111000000 E
b11001100011111101001111101001110 F
b100010101001010010100100110110 D
b11101001000000111101011000000 G
b1110001110100 #
b1110001110100 H
b101110001100101 "
b101110001100101 I
b1100011110110010 +
b1100011110110010 8
b1100010011111101 ,
b1100010011111101 9
b101101010011101 )
b101101010011101 6
b111010111111011 *
b111010111111011 7
r-0.163177490234375 X
r-0.1741943359375 Y
r-0.31036376953125 V
r-0.25030517578125 W
b10101001 2
b101101 5
b10101001 4
r6.808899343013763e-06 R
r6.023794412612915e-06 S
r-0.1365966796875 P
r0.179168701171875 Q
b100 1
b101001 3
r-0.136603488586843 T
r0.1791747249662876 U
1-
#1850000
0-
#1855000
b111110011101101101110100011000000 J
b10010000100010111101110000 K
b111110011101101101010100011000000 L
b10010000011110111101110000 M
b1000000000000000 #
b1000000000000000 H
b1111010011110111 "
b1111010011110111 I
b11111111001011101001111101000000 E
b11110100100010000000100110000000 F
b10001000101010001000000000 D
b100011001001001000101110000 G
b1100011110110010 B
b1100010011111101 C
b101101010011101 @
b111010111111011 A
b1110101100011101 +
b1110101100011101 8
b1110100110110100 ,
b1110100110110100 9
b1101100001000110 )
b1101100001000110 6
b1101111111110110 *
b1101111111110110 7
r-0.159912109375 X
r0.44451904296875 Y
r0.104583740234375 V
r-0.4901123046875 W
b10101010 2
b101110 5
b10101010 4
r9.73232090473175e-06 R
r1.011323183774948e-05 S
r0.2222900390625 P
r0.721832275390625 Q
b100 1
b101010 3
r0.2222803067415953 T
r0.7218221621587873 U
1-
#1860000
0-
#1865000
b111010001001010100010011010101111 J
b111111000101110111111100011100101 K
b111010001001010011110011010101111 L
b111111000101110111011100011100101 M
b1110101100011101 B
b1110100110110100 C
b1101100001000110 @
b1101111111110110 A
b11101011000111001100000100101001 E
b11100110000011010010010110000110 F
b11101100000100100000110000101010 D
b11100100110011011100010100001111 G
b1110011101101101 #
b1110011101101101 H
b10010000100 "
b10010000100 I
b1110101110001000 +
b1110101110001000 8
b11100011100110 ,
b11100011100110 9
b110101100011 )
b110101100011 6
b1100000101000100 *
b1100000101000100 7
r0.021392822265625 X
r0.80096435546875 Y
r-0.056427001953125 V
r-0.94232177734375 W
b10101011 2
b101111 5
b10101011 4
r0 R
r1.10771507024765e-05 S
r-1 P
r-0.086212158203125 Q
b100 1
b101011 3
r-1 T
r-0.08622323535382748 U
1-
#1870000
0-
#1875000
b110000100110011100000010110 J
b111111111100011001101110100001010 K
b110000100101111100000010110 L
b111111111100011001001110100001010 M
b1010001001010100 #
b1010001001010100 H
b1111000101110111 "
b1111000101110111 I
b11011101011100011100111000 E
b10100111010011000011011110 F
b11001111011100000111101110 D
b10110010100101111011111000 G
b1110101110001000 B
b11100011100110 C
b110101100011 @
b1100000101000100 A
b1010111101 +
b1010111101 8
b110011010000110 ,
b110011010000110 9
b1111100011000111 )
b1111100011000111 6
b1000011101100010 *
b1000011101100010 7
r-0.833953857421875 X
r-0.07470703125 Y
r0.594482421875 V
r0.11114501953125 W
b10101100 2
b110000 5
b10101100 4
r9.715557098388672e-06 R
r3.948807716369629e-06 S
r-0.191986083984375 P
r0.0352783203125 Q
b100 1
b101100 3
r-0.1919763684272766 T
r0.03527437150478363 U
1-
#1880000
0-
#1885000
b111111111100000011100010010 J
b111110011001000001100010110000000 K
b111111111011100011100010010 L
b111110011001000001000010110000000 M
b1010111101 B
b110011010000110 C
b1111100011000111 @
b1000011101100010 A
b10111110011010111011110010 E
b101000001000001100000100000 F
b11111110111011011111110110011000 D
b11110010000011101000001100011000 G
b110000100110 #
b110000100110 H
b1111111100011001 "
b1111111100011001 I
b1001010101000001 +
b1001010101000001 8
b1111011001110000 ,
b1111011001110000 9
b100110000011000 )
b100110000011000 6
b111000111010 *
b111000111010 7
r-0.00433349609375 X
r-0.98455810546875 Y
r0.21539306640625 V
r-0.602996826171875 W
b10101101 2
b110001 5
b10101101 4
r6.035901606082916e-06 R
r1.356471329927444e-05 S
r-0.7318115234375 P
r-0.113555908203125 Q
b100 1
b101101 3
r-0.7318175593391061 T
r-0.1135423434898257 U
1-
#1890000
0-
#1895000
b111111011110100010111100110000100 J
b111001111110001011111000001100001 K
b111111011110100010011100110000100 L
b111001111110001011011000001100001 M
b111111111100 #
b111111111100 H
b1110011001000001 "
b1110011001000001 I
b11111101000110111000001000101010 E
b11111110101101011011011101011010 F
b11111111111011000011100011101011 D
b11001111101100011110100101001100 G
b1001010101000001 B
b1111011001110000 C
b100110000011000 @
b111000111010 A
b1111111101110010 +
b1111111101110010 8
b1000000111111010 ,
b1000000111111010 9
b1101110010010 )
b1101110010010 6
b1011001011010001 *
b1011001011010001 7
r-0.5439453125 X
r-0.09197998046875 Y
r-0.75408935546875 V
r-0.010345458984375 W
b10101110 2
b110010 5
b10101110 4
r1.886859536170959e-06 R
r6.923452019691467e-06 S
r0.09490966796875 P
r-0.007049560546875 Q
b100 1
b101110 3
r0.09490778110921383 T
r-0.007042637094855309 U
1-
#1900000
0-
#1905000
b111110111001110011111100100111010 J
b11111001100101110101101001000 K
b111110111001110011011100100111010 L
b11111001100101010101101001000 M
b1111111101110010 B
b1000000111111010 C
b1101110010010 @
b1011001011010001 A
b11111101001010000101101010000000 E
b11111010000100010101111010111010 F
b11100000010001010100101000011000 D
b11111111011101111111010101100000 G
b1111011110100010 #
b1111011110100010 H
b1001111110001011 "
b1001111110001011 I
b1011101001100000 +
b1011101001100000 8
b1111010000111010 ,
b1111010000111010 9
b1001111101111010 )
b1001111101111010 6
b1111111010101101 *
b1111111010101101 7
r-0.59051513671875 X
r0.07098388671875 Y
r-0.973602294921875 V
r0.687774658203125 W
b10101111 2
b110011 5
b10101111 4
r1.357309520244598e-05 R
r1.311302185058594e-06 S
r0.1248779296875 P
r-0.201141357421875 Q
b100 1
b101111 3
r0.1248643565922976 T
r-0.2011400461196899 U
1-
#1910000
0-
#1915000
b111110010100110001000111010100110 J
b100110000011100111110000010110 K
b111110010100110000100111010100110 L
b100110000011100011110000010110 M
b1110111001110011 #
b1110111001110011 H
b11111001100101 "
b11111001100101 I
b11110010011011010111111010010100 E
b1010101101000000010010 F
b11111111111100001011010100000100 D
b100101111111101111000100011010 G
b1011101001100000 B
b1111010000111010 C
b1001111101111010 @
b1111111010101101 A
b1011010001101010 +
b1011010001101010 8
b100100010110 ,
b100100010110 9
b1000001101100001 )
b1000001101100001 6
b101100000001001 *
b101100000001001 7
r0.950164794921875 X
r0.211395263671875 Y
r-0.0068359375 V
r-0.22869873046875 W
b10110000 2
b110100 5
b10110000 4
r1.371279358863831e-05 R
r1.15344300866127e-05 S
r-0.06536865234375 P
r-0.753570556640625 Q
b100 1
b110000 3
r-0.06535493955016136 T
r-0.7535590222105384 U
1-
#1920000
0-
#1925000
b100110011001101110010000100 J
b111100101110011110110010101110010 K
b100110011001001110010000100 L
b111100101110011110010010101110010 M
b1011010001101010 B
b100100010110 C
b1000001101100001 @
b101100000001001 A
b100011100000110100110100100 E
b10111000011001011100000 F
b11010010000000111000111000000 D
b11111001011100110010 G
b1110010100110001 #
b1110010100110001 H
b100110000011100 "
b100110000011100 I
b111100110011111 +
b111100110011111 8
b1101100001111 ,
b1101100001111 9
b1111111100100000 )
b1111111100100000 6
b1110001010111010 *
b1110001010111010 7
r-0.93896484375 X
r0.092132568359375 Y
r-0.581634521484375 V
r0.983306884765625 W
b10110001 2
b110101 5
b10110001 4
r1.364387571811676e-05 R
r1.03190541267395e-05 S
r-0.137115478515625 P
r0.487457275390625 Q
b100 1
b110001 3
r-0.1371018346399069 T
r0.4874675944447517 U
1-
#1930000
0-
#1935000
b111100001100101011011101100010000 J
b111011110010101001000011110011100 K
b111100001100101010111101100010000 L
b111011110010101000100011110011100 M
b100110011001 #
b100110011001 H
b1100101110011110 "
b1100101110011110 I
b11111011100100111011001101010110 E
b11100110000000011100011110111010 F
b100100110010111001101000101010 D
b11000111111110000111000110 G
b111100110011111 B
b1101100001111 C
b1111111100100000 @
b1110001010111010 A
b1000011111010000 +
b1000011111010000 8
b101111001011 ,
b101111001011 9
b1011010110001101 )
b1011010110001101 6
b111110111011101 *
b111110111011101 7
r-0.16827392578125 X
r-0.34844970703125 Y
r0.1640625 V
r-0.919708251953125 W
b10110010 2
b110110 5
b10110010 4
r1.176632940769196e-05 R
r1.432560384273529e-05 S
r-0.209442138671875 P
r0.5946044921875 Q
b100 1
b110010 3
r-0.2094539050012827 T
r0.5946188177913427 U
1-
#1940000
0-
#1945000
b111110010000000000100111001100110 J
b111111101010100101001001000000110 K
b111110010000000000000111001100110 L
b111111101010100100101001000000110 M
b1000011111010000 B
b101111001011 C
b1011010110001101 @
b111110111011101 A
b11111111111010000101001011100000 E
b11110010000101111011101110000110 F
b11111111100101011001010011100000 D
b11111100111001111110011011100110 G
b1100001100101011 #
b1100001100101011 H
b1011110010101001 "
b1011110010101001 I
b1110101001110110 +
b1110101001110110 8
b1101001101100110 ,
b1101001101100110 9
b1010100000000 )
b1010100000000 6
b1000101001000111 *
b1000101001000111 7
r-0.044677734375 X
r0.019256591796875 Y
r-0.581817626953125 V
r-0.2056884765625 W
b10110011 2
b110111 5
b10110011 4
r6.798654794692993e-06 R
r8.927658200263977e-06 S
r0.074981689453125 P
r-0.40924072265625 Q
b100 1
b110011 3
r0.07498848810791969 T
r-0.4092317949980497 U
1-
#1950000
0-
#1955000
b111000001011110110001010001011111 J
b111100010110110001010111110101111 K
b111000001011110101101010001011111 L
b111100010110110000110111110101111 M
b1110010000000000 #
b1110010000000000 H
b1111101010100101 "
b1111101010100101 I
b11111100100100100000010111001111 E
b11000100111010001100111010010000 F
b100010111100111101110110010000 D
b101110011000100110100111111 G
b1110101001110110 B
b1101001101100110 C
b1010100000000 @
b1000101001000111 A
b1111101001001000 +
b1111101001001000 8
b1001110111 ,
b1001110111 9
b1011010110000111 )
b1011010110000111 6
b1110010110101100 *
b1110010110101100 7
r-0.276580810546875 X
r0.522552490234375 Y
r-0.11785888671875 V
r0.551116943359375 W
b10110100 2
b111000 5
b10110100 4
r1.177191734313965e-06 R
r1.344457268714905e-05 S
r-0.475250244140625 P
r-0.526092529296875 Q
b100 1
b110100 3
r-0.4752514213323593 T
r-0.5261059738695621 U
1-
#1960000
0-
#1965000
b110001111110100000010111010 J
b10110010001110010111101001010 K
b110001111110000000010111010 L
b10110010001101110111101001010 M
b1111101001001000 B
b1001110111 C
b1011010110000111 @
b1110010110101100 A
b11111100010101110101111000000000 E
b1001111001111010001010111010 F
b11111110001110111010111000000000 D
b10100100000101001110101001010 G
b1000001011110110 #
b1000001011110110 H
b1100010110110001 "
b1100010110110001 I
b1101110010011001 +
b1101110010011001 8
b100001011100011 ,
b100001011100011 9
b1111000011101010 )
b1111000011101010 6
b100011010001011 *
b100011010001011 7
r0.2379150390625 X
r-0.7235107421875 Y
r-0.622100830078125 V
r-0.211944580078125 W
b10110101 2
b111001 5
b10110101 4
r3.432855010032654e-06 R
r1.096166670322418e-05 S
r-0.21875 P
r-0.041839599609375 Q
b100 1
b110101 3
r-0.21874656714499 T
r-0.04185056127607822 U
1-
#1970000
0-
#1975000
b111111111110111110100000000100001 J
b111111110000101010111011011111100 K
b111111111110111110000000000100001 L
b111111110000101010011011011111100 M
b110001111110 #
b110001111110 H
b10110010001110 "
b10110010001110 I
b11111111010010000110111111000001 E
b100101101001000001100000 F
b1101010011110001111111000 D
b11111111101111110001101011110100 G
b1101110010011001 B
b100001011100011 C
b1111000011101010 @
b100011010001011 A
b1111001110100 +
b1111001110100 8
b1010001101100100 ,
b1010001101100100 9
b1011000001011111 )
b1011000001011111 6
b1110010011011111 *
b1110010011011111 7
r-0.941650390625 X
r0.45184326171875 Y
r0.3441162109375 V
r0.214996337890625 W
b10110110 2
b111010 5
b10110110 4
r1.040194183588028e-05 R
r3.890134394168854e-06 S
r-0.97686767578125 P
r-0.455535888671875 Q
b100 1
b110110 3
r-0.9768780777230859 T
r-0.4555397788062692 U
1-
#1980000
0-
#1985000
b111110010010011011101000010010001 J
b10000010110001000111101100111 K
b111110010010011011001000010010001 L
b10000010110000100111101100111 M
b1111001110100 B
b1010001101100100 C
b1011000001011111 @
b1110010011011111 A
b11111100000011101111001101111110 E
b11110110001111101001110100010011 F
b10000101100001001111011010 D
b10010011011100110001101000001 G
b1111111110111110 #
b1111111110111110 H
b1111110000101010 "
b1111110000101010 I
b1000011101111000 +
b1000011101111000 8
b11100111010110 ,
b11100111010110 9
b10110000001100 )
b10110000001100 6
b1101110000101 *
b1101110000101 7
r0.003509521484375 X
r0.814605712890625 Y
r0.189422607421875 V
r0.862701416015625 W
b10110111 2
b111011 5
b10110111 4
r1.73225998878479e-07 R
r3.984197974205017e-06 S
r0.09759521484375 P
r0.34808349609375 Q
b100 1
b110111 3
r0.09759538806974888 T
r0.3480795118957758 U
1-
#1990000
0-
#1995000
b11001100101000111100100101000 J
b10011010010011001011100010000 K
b11001100101000011100100101000 L
b10011010010010101011100010000 M
b1110010010011011 #
b1110010010011011 H
b10000010110001 "
b10000010110001 I
b11100110011100110001000011100 E
b11111100110001011101011100001100 F
b11110110100001110000110100001100 D
b1001110100000110010000011100 G
b1000011101111000 B
b11100111010110 C
b10110000001100 @
b1101110000101 A
b1110011 +
b1110011 8
b110100001000101 ,
b110100001000101 9
b1100000111111 )
b1100000111111 6
b110111001101101 *
b110111001101101 7
r0.326171875 X
r-0.369354248046875 Y
r0.97210693359375 V
r0.26177978515625 W
b10111000 2
b111100 5
b10111000 4
r3.073364496231079e-08 R
r1.310929656028748e-05 S
r-0.00201416015625 P
r-0.02996826171875 Q
b100 1
b111000 3
r-0.002014129422605038 T
r-0.02995515242218971 U
1-
#2000000
0-
#2005000
b111111100111111101100011101100000 J
b11010111101001110010010001110 K
b111111100111111101000011101100000 L
b11010111101001010010010001110 M
b1110011 B
b110100001000101 C
b1100000111111 @
b110111001101101 A
b1001111100110111111000001000 E
b11110011000010110000100101011000 F
b11101011010000101111100110100000 D
b110001101111001111000101110 G
b11001100101000 #
b11001100101000 H
b10011010010011 "
b10011010010011 I
b10100111000000 +
b10100111000000 8
b1101000010111001 ,
b1101000010111001 9
b111110001101110 )
b111110001101110 6
b10000110000010 *
b10000110000010 7
r-0.020538330078125 X
r-0.47076416015625 Y
r0.374481201171875 V
r0.596435546875 W
b10111001 2
b111101 5
b10111001 4
r3.949739038944244e-06 R
r1.158658415079117e-05 S
r-0.214019775390625 P
r0.255401611328125 Q
b100 1
b111001 3
r-0.2140158256515861 T
r0.2553900247439742 U
1-
#2010000
0-
#2015000
b1010000100011111101111110010 J
b101100111011110110011100010100 K
b1010000100011011101111110010 L
b101100111011110010011100010100 M
b1111100111111101 #
b1111100111111101 H
b11010111101001 "
b11010111101001 I
b1001111000000010000011111011 E
b1100011001101011110111 F
b10101110010001001101 D
b101100111110100000101101100001 G
b10100111000000 B
b1101000010111001 C
b111110001101110 @
b10000110000010 A
b1111110101011111 +
b1111110101011111 8
b1100001110111110 ,
b1100001110111110 9
b10111111101111 )
b10111111101111 6
b100110001011000 *
b100110001011000 7
r-0.805938720703125 X
r-0.5804443359375 Y
r-0.55889892578125 V
r0.176544189453125 W
b10111010 2
b111110 5
b10111010 4
r1.362711191177368e-05 R
r9.760260581970215e-06 S
r0.399658203125 P
r0.301361083984375 Q
b100 1
b111010 3
r0.3996718302369118 T
r0.301351323723793 U
1-
#2020000
0-
#2025000
b111101110011111000111111011111110 J
b111100101100001010010011001110010 K
b111101110011111000011111011111110 L
b111100101100001001110011001110010 M
b1111110101011111 B
b1100001110111110 C
b10111111101111 @
b100110001011000 A
b11101001000001010100101101111110 E
b101011101101111001110000000 F
b10100010010101111000010000000 D
b11111001110011111101011011110010 G
b1010000100011 #
b1010000100011 H
b101100111011110 "
b101100111011110 I
b1001100011010111 +
b1001100011010111 8
b1011010110110100 ,
b1011010110110100 9
b1011100001110110 )
b1011100001110110 6
b1011010011001 *
b1011010011001 7
r0.084381103515625 X
r0.053558349609375 Y
r0.04931640625 V
r-0.928253173828125 W
b10111011 2
b111111 5
b10111011 4
r1.758337020874023e-06 R
r8.715316653251648e-06 S
r-0.046966552734375 P
r0.421173095703125 Q
b100 1
b111011 3
r-0.04696479439735413 T
r0.4211818110197783 U
1-
#2030000
0-
#2035000
b111110011111011110010110100001010 J
b111101110100001011111010010011111 K
b111110011111011101110110100001010 L
b111101110100001011011010010011111 M
b1101110011111000 #
b1101110011111000 H
b1100101100001010 "
b1100101100001010 I
b11110100101101111010000001100010 E
b11111111001101110100110010101000 F
b11111111100000011111110010110001 D
b11101110000001111011000101010000 G
b1001100011010111 B
b1011010110110100 C
b1011100001110110 @
b1011010011001 A
b101011001101 +
b101011001101 8
b11011011011 ,
b11011011011 9
b11001010000 )
b11001010000 6
b1000100100101111 *
b1000100100101111 7
r-0.49700927734375 X
r0.328948974609375 Y
r0.581146240234375 V
r0.251495361328125 W
b10111100 2
b0 5
b10111100 4
r1.429207623004913e-05 R
r9.316951036453247e-06 S
r0.157318115234375 P
r0.70208740234375 Q
b100 1
b111100 3
r0.157332407310605 T
r0.7020967192947865 U
1-
#2040000
0-
#2045000
b1011101010000011001101110111 J
b111011100100111010101010101111010 K
b1011101001111111001101110111 L
b111011100100111010001010101111010 M
b101011001101 B
b11011011011 C
b11001010000 @
b1000100100101111 A
b10100110000110010000011111000 E
b11110110111001001101001001111111 F
b11100110100111111101100011010 D
b11111001011100010001000010010100 G
b1110011111011110 #
b1110011111011110 H
b1101110100001011 "
b1101110100001011 I
b1100000001100010 +
b1100000001100010 8
b10101000011011 ,
b10101000011011 9
b100101001100011 )
b100101001100011 6
b10000000110001 *
b10000000110001 7
r-0.13824462890625 X
r-0.073577880859375 Y
r-0.235260009765625 V
r0.074615478515625 W
b10111101 2
b1 5
b10111101 4
r1.501850783824921e-05 R
r6.09271228313446e-06 S
r-0.273681640625 P
r-0.41375732421875 Q
b100 1
b111101 3
r-0.2736666221171618 T
r-0.4137634169310331 U
1-
#2050000
0-
#2055000
b111111011001010000011011100010011 J
b111111100100011011000011100100101 K
b111111011001001111111011100010011 L
b111111100100011010100011100100101 M
b1011101010000 #
b1011101010000 H
b1011100100111010 "
b1011100100111010 I
b1010110100011001110000 E
b11111010111111001011000010100011 F
b10001000010111000010000 D
b11111100110100010111010100110101 G
b1100000001100010 B
b10101000011011 C
b100101001100011 @
b10000000110001 A
b1110111001001110 +
b1110111001001110 8
b1111011010010101 ,
b1111011010010101 9
b1110000111100011 )
b1110000111100011 6
b100110001101 *
b100110001101 7
r0.138671875 X
r-0.625579833984375 Y
r0.1549072265625 V
r-0.527587890625 W
b10111110 2
b10 5
b10111110 4
r4.520639777183533e-06 R
r1.254584640264511e-05 S
r-0.18853759765625 P
r-0.273101806640625 Q
b100 1
b111110 3
r-0.1885421182960272 T
r-0.2730892607942224 U
1-
#2060000
0-
#2065000
b100001111000110100100110011 J
b10111110001111111010101000101 K
b100001111000010100100110011 L
b10111110001111011010101000101 M
b1110111001001110 B
b1111011010010101 C
b1110000111100011 @
b100110001101 A
b1100001111000001011001110001 E
b11111000000000000001001011000010 F
b11101101100000111011100111100110 D
b101010010110110111100101011 G
b1111011001010000 #
b1111011001010000 H
b1111100100011011 "
b1111100100011011 I
b1000111000000 +
b1000111000000 8
b1010111111101101 ,
b1010111111101101 9
b1001111010100 )
b1001111010100 6
b1011110001111000 *
b1011110001111000 7
r0.78863525390625 X
r0.135345458984375 Y
r0.22076416015625 V
r0.66864013671875 W
b10111111 2
b11 5
b10111111 4
r2.988614141941071e-06 R
r5.120411515235901e-06 S
r0.18212890625 P
r-0.55291748046875 Q
b100 1
b111111 3
r0.1821259176358581 T
r-0.5529123600572348 U
1-
#2070000
0-
#2075000
b11100101101101000010101 J
b111111101100100010110111111100111 K
b11100101001101000010101 L
b111111101100100010010111111100111 M
b100001111000 #
b100001111000 H
b10111110001111 "
b10111110001111 I
b1000110111001101100011111 E
b11111111010101101111111011110110 F
b10000101001101110100101010 D
b11111111101001100000110100010001 G
b1000111000000 B
b1010111111101101 C
b1001111010100 @
b1011110001111000 A
b110010011110010 +
b110010011110010 8
b1000101010011 ,
b1000101010011 9
b1110001000010 )
b1110001000010 6
b101010110010110 *
b101010110010110 7
r-0.22222900390625 X
r0.8072509765625 Y
r-0.490234375 V
r-0.219390869140625 W
b11000000 2
b100 5
b11000000 4
r2.128072082996368e-06 R
r1.355540007352829e-05 S
r-0.07568359375 P
r-0.053863525390625 Q
b100 1
b0 3
r-0.075685721822083 T
r-0.05387708079069853 U
1-
#2080000
0-
#2085000
b111110101000111011101100101000100 J
b10011101111111101000000011000 K
b111110101000111011001100101000100 L
b10011101111111001000000011000 M
b110010011110010 B
b1000101010011 C
b1110001000010 @
b101010110010110 A
b11111001110011000100011101000100 E
b11111011010100010101001000000000 F
b1010111111111001100000000 D
b10101000111111000001100011000 G
b11100101 #
b11100101 H
b1111101100100010 "
b1111101100100010 I
b1110001110001110 +
b1110001110001110 8
b110011101010100 ,
b110011101010100 9
b1100000101000000 )
b1100000101000000 6
b1110001111101011 *
b1110001111101011 7
r0.45904541015625 X
r-0.965667724609375 Y
r0.856536865234375 V
r-0.855499267578125 W
b11000001 2
b101 5
b11000001 4
r9.822659194469452e-06 R
r1.270044595003128e-05 S
r0.066162109375 P
r0.371551513671875 Q
b100 1
b1 3
r0.06617193203419447 T
r0.371564214117825 U
1-
#2090000
0-
#2095000
b100011101010010100101100110010 J
b111111010101001100111011100111110 K
b100011101010010000101100110010 L
b111111010101001100011011100111110 M
b1110101000111011 #
b1110101000111011 H
b10011101111111 "
b10011101111111 I
b1111010011000101101100110 E
b100001101111110111111111001100 F
b1011001001000111111001100100 D
b101110010101011010110100010 G
b1110001110001110 B
b110011101010100 C
b1100000101000000 @
b1110001111101011 A
b11101011000010 +
b11101011000010 8
b1000010001100101 ,
b1000010001100101 9
b110110110100011 )
b110110110100011 6
b1001001001111111 *
b1001001001111111 7
r-0.491119384765625 X
r0.22003173828125 Y
r-0.894622802734375 V
r0.709564208984375 W
b11000010 2
b110 5
b11000010 4
r6.21844083070755e-06 R
r1.142080873250961e-05 S
r0.006988525390625 P
r-0.03802490234375 Q
b100 1
b10 3
r0.006994743831455708 T
r-0.03801348153501749 U
1-
#2100000
0-
#2105000
b111101001110010110011011001011010 J
b111101101101100011010010010011100 K
b111101001110010101111011001011010 L
b111101101101100010110010010011100 M
b11101011000010 B
b1000010001100101 C
b110110110100011 @
b1001001001111111 A
b11100110101011000010100100000000 E
b11000111101100110101011010 F
b110111110001111000110000000 D
b11110100101010100101011000011100 G
b100011101010010 #
b100011101010010 H
b1111010101001100 "
b1111010101001100 I
b1100000100100011 +
b1100000100100011 8
b1110000101010 ,
b1110000101010 9
b1000110101111101 )
b1000110101111101 6
b101101011010011 *
b101101011010011 7
r0.642669677734375 X
r-0.363037109375 Y
r-0.68475341796875 V
r-0.656097412109375 W
b11000011 2
b111 5
b11000011 4
r6.023794412612915e-06 R
r3.837049007415771e-06 S
r-0.170074462890625 P
r0.308563232421875 Q
b100 1
b11 3
r-0.1700684390962124 T
r0.3085670694708824 U
1-
#2110000
0-
#2115000
b110110001111011100101011110001101 J
b11011101101011000010010010101 K
b110110001111011100001011110001101 L
b11011101101010100010010010101 M
b1101001110010110 #
b1101001110010110 H
b1101101101100011 "
b1101101101100011 I
b11001011000100000100110101001111 E
b11100110110111011100101000111110 F
b11001001010100000001110000110 D
b110100110111110100100000011011 G
b1100000100100011 B
b1110000101010 C
b1000110101111101 @
b101101011010011 A
b101001001000011 +
b101001001000011 8
b1101000110001000 ,
b1101000110001000 9
b1010100001011010 )
b1010100001011010 6
b1010110000000101 *
b1010110000000101 7
r-0.671295166015625 X
r0.02685546875 Y
r0.9158935546875 V
r0.396575927734375 W
b11000100 2
b1000 5
b11000100 4
r2.669170498847961e-06 R
r1.31707638502121e-05 S
r0.55718994140625 P
r-0.0836181640625 Q
b100 1
b100 3
r0.5571926105767488 T
r-0.08360499329864979 U
1-
#2120000
0-
#2125000
b111011101000110011010000001011011 J
b111101101110111111010010110000111 K
b111011101000110010110000001011011 L
b111101101110111110110010110000111 M
b101001001000011 B
b1101000110001000 C
b1010100001011010 @
b1010110000000101 A
b11110011011001101110001010000010 E
b11101001101100100111110111011001 F
b11100000111101001010100010111 D
b1001111111011111101010011110 G
b1000000000000000 #
b1000000000000000 H
b11011101101011 "
b11011101101011 I
b1010101000010011 +
b1010101000010011 8
b1101110000 ,
b1101110000 9
b111010100111100 )
b111010100111100 6
b11001011000011 *
b11001011000011 7
r-0.781494140625 X
r0.284393310546875 Y
r-0.216156005859375 V
r-0.641021728515625 W
b11000101 2
b1001 5
b11000101 4
r2.300366759300232e-06 R
r6.530433893203735e-06 S
r-0.34698486328125 P
r-0.286041259765625 Q
b100 1
b101 3
r-0.3469871636480093 T
r-0.2860477901995182 U
1-
#2130000
0-
#2135000
b111110100111011001100100100011111 J
b101011011010001101010000011010 K
b111110100111011001000100100011111 L
b101011011010001001010000011010 M
b1011101000110011 #
b1011101000110011 H
b1101101110111111 "
b1101101110111111 I
b1111111010001110100111010000 E
b11100101000000111001111101001111 F
b11100011110101011110001110001110 D
b1111001111100111011110101000 G
b1010101000010011 B
b1101110000 C
b111010100111100 @
b11001011000011 A
b1001101111111000 +
b1001101111111000 8
b10010001100111 ,
b10010001100111 9
b1110010001010101 )
b1110010001010101 6
b1010110111110011 *
b1010110111110011 7
r0.51312255859375 X
r0.31903076171875 Y
r-0.292694091796875 V
r0.969635009765625 W
b11000110 2
b1010 5
b11000110 4
r0 R
r1.416634768247604e-05 S
r-1 P
r0.432952880859375 Q
b100 1
b110 3
r-1 T
r0.4329387145116925 U
1-
#2140000
0-
#2145000
b111110000100010011000000010111001 J
b101000000010000011001011011100 K
b111110000100010010100000010111001 L
b101000000001111111001011011100 M
b1001101111111000 B
b10010001100111 C
b1110010001010101 @
b1010110111110011 A
b1100100101111111001000000 E
b11101110111101100100001001111001 F
b11011000101001101000101101110100 D
b101011100111111001010000 G
b1110100111011001 #
b1110100111011001 H
b101011011010001 "
b101011011010001 I
b100000110101110 +
b100000110101110 8
b10100011010110 ,
b10100011010110 9
b1101101010001001 )
b1101101010001001 6
b111110000011101 *
b111110000011101 7
r-0.016632080078125 X
r0.68817138671875 Y
r0.2080078125 V
r0.60638427734375 W
b11000111 2
b1011 5
b11000111 4
r7.544644176959991e-06 R
r6.311573088169098e-06 S
r-0.545318603515625 P
r-0.283233642578125 Q
b100 1
b111 3
r-0.545326148159802 T
r-0.2832399541512132 U
1-
#2150000
0-
#2155000
b11100001000001011011010011011 J
b111101001100001011011111101101101 K
b11100001000000111011010011011 L
b111101001100001010111111101101101 M
b1110000100010011 #
b1110000100010011 H
b101000000010000 "
b101000000010000 I
b11111100000100001101001000110011 E
b100000000011111010010001101000 F
b1010110011111010100101011000 D
b11110100010101010010100011000101 G
b100000110101110 B
b10100011010110 C
b1101101010001001 @
b111110000011101 A
b1111110111011111 +
b1111110111011111 8
b101100000010110 ,
b101100000010110 9
b1101010100000 )
b1101010100000 6
b100110110011110 *
b100110110011110 7
r-0.136688232421875 X
r-0.904541015625 Y
r-0.810150146484375 V
r0.308990478515625 W
b11001000 2
b1100 5
b11001000 4
r2.174638211727142e-06 R
r4.792585968971252e-06 S
r-0.173065185546875 P
r0.678253173828125 Q
b100 1
b1000 3
r-0.1730630109086633 T
r0.678257966414094 U
1-
#2160000
0-
#2165000
b11001110111100000111100111100 J
b11101011010010011011000100000 K
b11001110111011100111100111100 L
b11101011010001111011000100000 M
b1111110111011111 B
b101100000010110 C
b1101010100000 @
b100110110011110 A
b11111010000001100001011010000110 E
b11111110101111011100010110110 F
b11110110011000110101001000011110 D
b10011110011000100100000111110 G
b11100001000001 #
b11100001000001 H
b1101001100001011 "
b1101001100001011 I
b1110111010000001 +
b1110111010000001 8
b1000110000111000 ,
b1000110000111000 9
b1001100001001101 )
b1001100001001101 6
b10011110001101 *
b10011110001101 7
r0.335479736328125 X
r-0.651641845703125 Y
r0.38189697265625 V
r-0.72332763671875 W
b11001001 2
b1101 5
b11001001 4
r1.508649438619614e-05 R
r3.13296914100647e-06 S
r-0.241607666015625 P
r0.62548828125 Q
b100 1
b1001 3
r-0.2416227525100112 T
r0.625485148280859 U
1-
#2170000
0-
#2175000
b1000100001000100110001100010 J
b11010111011011110101000110100 K
b1000100001000000110001100010 L
b11010111011011010101000110100 M
b11001110111100 #
b11001110111100 H
b11101011010010 "
b11101011010010 I
b1001001010010100100111000000 E
b11111111010110101100001010100010 F
b11111111110001110101000101100000 D
b11010101101001111101110010100 G
b1110111010000001 B
b1000110000111000 C
b1001100001001101 @
b10011110001101 A
b10101011110001 +
b10101011110001 8
b1010110010010111 ,
b1010110010010111 9
b11000011100010 )
b11000011100010 6
b1010001101101010 *
b1010001101101010 7
r-0.17327880859375 X
r-0.131927490234375 Y
r-0.95465087890625 V
r0.183929443359375 W
b11001010 2
b1110 5
b11001010 4
r2.239830791950226e-06 R
r1.369044184684753e-07 S
r0.439483642578125 P
r-0.351226806640625 Q
b100 1
b1010 3
r0.439481402747333 T
r-0.3512269435450435 U
1-
#2180000
0-
#2185000
b101100001100101011000011100101 J
b111100111000001101010111000001011 K
b101100001100100111000011100101 L
b111100111000001100110111000001011 M
b10101011110001 B
b1010110010010111 C
b11000011100010 @
b1010001101101010 A
b101110111001100110110011011000 E
b11111101010011000000010000001101 F
b111000101100101010011001101 D
b11101110000111001100001011011000 G
b1000100001000 #
b1000100001000 H
b11010111011011 "
b11010111011011 I
b1110100111010010 +
b1110100111010010 8
b1110111100011101 ,
b1110111100011101 9
b1000010111001110 )
b1000010111001110 6
b1011110001011 *
b1011110001011 7
r0.8331298828125 X
r0.346405029296875 Y
r0.9129638671875 V
r0.158355712890625 W
b11001011 2
b1111 5
b11001011 4
r1.162663102149963e-05 R
r2.35438346862793e-06 S
r0.4041748046875 P
r0.45953369140625 Q
b100 1
b1011 3
r0.4041631780564785 T
r0.4595313370227814 U
1-
#2190000
0-
#2195000
b111100000100010110010100000011000 J
b10101111101111100001011000100 K
b111100000100010101110100000011000 L
b10101111101111000001011000100 M
b101100001100101 #
b101100001100101 H
b1100111000001101 "
b1100111000001101 I
b11110000000100101010110101001110 E
b11110000011110000011101011001010 F
b1000001100110001100011000010 D
b11110001010101001101110000110 G
b1110100111010010 B
b1110111100011101 C
b1000010111001110 @
b1011110001011 A
b110101010100100 +
b110101010100100 8
b10110001010111 ,
b10110001010111 9
b111010011011100 )
b111010011011100 6
b1010001000101 *
b1010001000101 7
r0.493316650390625 X
r0.642364501953125 Y
r0.8294677734375 V
r0.764495849609375 W
b11001100 2
b10000 5
b11001100 4
r2.952292561531067e-06 R
r1.006200909614563e-05 S
r0.133056640625 P
r0.420745849609375 Q
b100 1
b1100 3
r0.1330595929175615 T
r0.4207559116184711 U
1-
#2200000
0-
#2205000
b110000001011000110101011100 J
b111110011110111000110111011000011 K
b110000001010100110101011100 L
b111110011110111000010111011000011 M
b110101010100100 B
b10110001010111 C
b111010011011100 @
b1010001000101 A
b1000000011110111101001010110 E
b11111101111101011101001100000110 F
b1010100101100100000011111100 D
b11111110011100100110111110111111 G
b1100000100010110 #
b1100000100010110 H
b10101111101111 "
b10101111101111 I
b11111100100101 +
b11111100100101 8
b101001000111001 ,
b101001000111001 9
b110101000101100 )
b110101000101100 6
b110000111011011 *
b110000111011011 7
r0.62823486328125 X
r-0.48681640625 Y
r-0.93804931640625 V
r0.837188720703125 W
b11001101 2
b10001 5
b11001101 4
r3.601424396038055e-06 R
r4.281289875507355e-06 S
r0.690582275390625 P
r-0.390228271484375 Q
b100 1
b1101 3
r0.690578673966229 T
r-0.3902325527742505 U
1-
#2210000
0-
#2215000
b11100101011110101010011111000 J
b111010010110101010000101010000011 K
b11100101011110001010011111000 L
b111010010110101001100101010000011 M
b110000001011 #
b110000001011 H
b1110011110111000 "
b1110011110111000 I
b10100001111011000011011000100 E
b1000011100011000111000110100 F
b110000101011011111010011110000 D
b11100000101011111101110011 G
b11111100100101 B
b101001000111001 C
b110101000101100 @
b110000111011011 A
b101000001101010 +
b101000001101010 8
b1100000110110000 ,
b1100000110110000 9
b1000011111101110 )
b1000011111101110 6
b110101100101001 *
b110101100101001 7
r-0.5333251953125 X
r0.27276611328125 Y
r0.749114990234375 V
r-0.491729736328125 W
b11001110 2
b10010 5
b11001110 4
r5.699694156646729e-06 R
r6.593763828277588e-07 S
r-0.49151611328125 P
r0.343231201171875 Q
b100 1
b1110 3
r-0.4915218129754066 T
r0.3432318605482578 U
1-
#2220000
0-
#2225000
b111010001111010000010101110011 J
b101001111100000001101100111 K
b111010001111001100010101110011 L
b101001111011100001101100111 M
b101000001101010 B
b1100000110110000 C
b1000011111101110 @
b110101100101001 A
b100010000110011011101111001100 E
b11000001000110000100110100111 F
b11010001100000010110001011100 D
b11111011011011110111111000011 G
b11100101011110 #
b11100101011110 H
b1010010110101010 "
b1010010110101010 I
b1011101110111100 +
b1011101110111100 8
b10001011101010 ,
b10001011101010 9
b101111111100011 )
b101111111100011 6
b1100000100001111 *
b1100000100001111 7
r0.77496337890625 X
r-0.028106689453125 Y
r-0.5423583984375 V
r0.270416259765625 W
b11001111 2
b10011 5
b11001111 4
r1.207366585731506e-05 R
r1.114886254072189e-05 S
r0.094085693359375 P
r-0.189697265625 Q
b100 1
b1111 3
r0.09407361969351768 T
r-0.1896861167624593 U
1-
#2230000
0-
#2235000
b111110111000110101000010011010 J
b1011101000100010110010100100 K
b111110111000110001000010011010 L
b1011101000011110110010100100 M
b111010001111010 #
b111010001111010 H
b101001111100 "
b101001111100 I
b11101001110011110000110100000 E
b100001101010010010111011111010 F
b11011010010010001010100010001100 D
b11100101111010101001010100110000 G
b1011101110111100 B
b10001011101010 C
b101111111100011 @
b1100000100001111 A
b110001100110010 +
b110001100110010 8
b1111110001100111 ,
b1111110001100111 9
b1011101010010100 )
b1011101010010100 6
b10001010011101 *
b10001010011101 7
r-0.39013671875 X
r0.193267822265625 Y
r-0.68511962890625 V
r0.421905517578125 W
b11010000 2
b10100 5
b11010000 4
r4.999339580535889e-06 R
r1.275260001420975e-05 S
r0.44818115234375 P
r-0.70574951171875 Q
b100 1
b10000 3
r0.4481861516833305 T
r-0.7057622643187642 U
1-
#2240000
0-
#2245000
b11101110111001100011110000010 J
b10000111111000111101000000010 K
b11101110111001000011110000010 L
b10000111111000011101000000010 M
b110001100110010 B
b1111110001100111 C
b1011101010010100 @
b10001010011101 A
b1101000100111100101101111110 E
b10000110010001011110000000100 F
b11100110011011100011101110110100 D
b11110111011010100111010110110110 G
b111110111000110 #
b111110111000110 H
b1011101000100 "
b1011101000100 I
b1100111000010000 +
b1100111000010000 8
b1100010111101 ,
b1100010111101 9
b1010100001001110 )
b1010100001001110 6
b11011000000001 *
b11011000000001 7
r-0.5867919921875 X
r-0.943939208984375 Y
r-0.313385009765625 V
r-0.26409912109375 W
b11010001 2
b10101 5
b11010001 4
r1.395959407091141e-05 R
r1.444760710000992e-05 S
r0.90997314453125 P
r0.0819091796875 Q
b100 1
b10001 3
r0.9099591849371791 T
r0.08189473208039999 U
1-
#2250000
0-
#2255000
b1110011000110111101100110110 J
b11010011010100000110001000011 K
b1110011000110011101100110110 L
b11010011010011100110001000011 M
b11101110111001 #
b11101110111001 H
b10000111111000 "
b10000111111000 I
b111110011100000110001100 E
b1101011010010111100110101010 F
b11100101000110011010110011101000 D
b11111111100000110111100100101011 G
b1100111000010000 B
b1100010111101 C
b1010100001001110 @
b11011000000001 A
b1011010011100100 +
b1011010011100100 8
b1000011100101101 ,
b1000011100101101 9
b1101011111100011 )
b1101011111100011 6
b1101111000110010 *
b1101111000110010 7
r0.6668701171875 X
r-0.477294921875 Y
r-0.1318359375 V
r-0.301910400390625 W
b11010010 2
b10110 5
b11010010 4
r3.958120942115784e-06 R
r4.615634679794312e-06 S
r0.98260498046875 P
r0.1817626953125 Q
b100 1
b10010 3
r0.9826089385896921 T
r0.1817580796778202 U
1-
#2260000
0-
#2265000
b111101100111111011111111110100110 J
b111110100000111001110110111011101 K
b111101100111111011011111110100110 L
b111110100000111001010110111011101 M
b1011010011100100 B
b1000011100101101 C
b1101011111100011 @
b1101111000110010 A
b11110111100001101001000110010110 E
b11110101011101110010111000010000 F
b10001000110110100100011100000 D
b101001101111111011010111101 G
b1110011000110 #
b1110011000110 H
b11010011010100 "
b11010011010100 I
b101010101011100 +
b101010101011100 8
b1100001011101000 ,
b1100001011101000 9
b1110111100100000 )
b1110111100100000 6
b1101100101011011 *
b1101100101011011 7
r0.827362060546875 X
r0.6025390625 Y
r0.75823974609375 V
r0.156463623046875 W
b11010011 2
b10111 5
b11010011 4
r1.79000198841095e-06 R
r1.383014023303986e-05 S
r0.466583251953125 P
r0.265380859375 Q
b100 1
b10011 3
r0.4665850419551134 T
r0.265394689515233 U
1-
#2270000
0-
#2275000
b11100110110011111010001101111 J
b100001011111100101010011110 K
b11100110110011011010001101111 L
b100001011111000101010011110 M
b1101100111111011 #
b1101100111111011 H
b1110100000111001 "
b1110100000111001 I
b10010111011101010011111100111 E
b1001111010110000110010001000 F
b1011110001001110001000101100 D
b1111111101000110110011001010 G
b101010101011100 B
b1100001011101000 C
b1110111100100000 @
b1101100101011011 A
b110100111100111 +
b110100111100111 8
b100110100100000 ,
b100110100100000 9
b110000100001110 )
b110000100001110 6
b1010000000111 *
b1010000000111 7
r0.758331298828125 X
r-0.454620361328125 Y
r-0.016265869140625 V
r-0.272918701171875 W
b11010100 2
b11000 5
b11010100 4
r1.411698758602142e-05 R
r1.233536750078201e-05 S
r0.22479248046875 P
r0.4127197265625 Q
b100 1
b10100 3
r0.224806597456336 T
r0.4127073911949992 U
1-
#2280000
0-
#2285000
b111110111001001001000100010110100 J
b1110110110011010000011111000 K
b111110111001001000100100010110100 L
b1110110110010110000011111000 M
b110100111100111 B
b100110100100000 C
b110000100001110 @
b1010000000111 A
b100000001101111010100000000 E
b11110011000111010101001110110100 F
b11111010010111111000111110000000 D
b1001001110001111000001111000 G
b11100110110011 #
b11100110110011 H
b100001011111 "
b100001011111 I
b110000100010001 +
b110000100010001 8
b1100010111001111 ,
b1100010111001111 9
b1111110111101011 )
b1111110111101011 6
b1101110100010001 *
b1101110100010001 7
r0.3797607421875 X
r0.619415283203125 Y
r0.44451904296875 V
r-0.200927734375 W
b11010101 2
b11001 5
b11010101 4
r1.517497003078461e-05 R
r1.093465834856033e-05 S
r-0.297027587890625 P
r-0.185760498046875 Q
b100 1
b10101 3
r-0.2970124129205942 T
r-0.1857495633885264 U
1-
#2290000
0-
#2295000
b100101100001101000100100010001 J
b111011101111000101000101000111110 K
b100101100001100100100100010001 L
b111011101111000100100101000111110 M
b1110111001001001 #
b1110111001001001 H
b1110110110011 "
b1110110110011 I
b11101001111010101011111000000 E
b1000010010001111000101010001 F
b101000001001100101000110100010 D
b110000010001001101111100000 G
b110000100010001 B
b1100010111001111 C
b1111110111101011 @
b1101110100010001 A
b11000010011100 +
b11000010011100 8
b100111101001001 ,
b100111101001001 9
b11100011100110 )
b11100011100110 6
b1110011001001000 *
b1110011001001000 7
r-0.2470703125 X
r-0.433563232421875 Y
r-0.253082275390625 V
r-0.516510009765625 W
b11010110 2
b11010 5
b11010110 4
r1.250114291906357e-05 R
r2.531334757804871e-06 S
r0.450775146484375 P
r0.065399169921875 Q
b100 1
b10110 3
r0.4507876476272941 T
r0.0654017012566328 U
1-
#2300000
0-
#2305000
b111110011001110101000011100100110 J
b1000101110110010111000100100 K
b111110011001110100100011100100110 L
b1000101110101110111000100100 M
b11000010011100 B
b100111101001001 C
b11100011100110 @
b1110011001001000 A
b11110010010100000000101 E
b11110010110000010001111100100001 F
b11111111001101011110011110011011 D
b111111100001101010110111111 G
b100101100001101 #
b100101100001101 H
b1011101111000101 "
b1011101111000101 I
b1110000001100000 +
b1110000001100000 8
b1100100010000001 ,
b1100100010000001 9
b1101111110011011 )
b1101111110011011 6
b1011110111100011 *
b1011110111100011 7
r-0.68060302734375 X
r0.329010009765625 Y
r-0.505279541015625 V
r0.348907470703125 W
b11010111 2
b11011 5
b11010111 4
r1.318380236625671e-05 R
r7.398426532745361e-06 S
r-0.138397216796875 P
r0.232025146484375 Q
b100 1
b10111 3
r-0.1384104005992413 T
r0.2320177480578423 U
1-
#2310000
0-
#2315000
b1100101111010100011101110110 J
b111101101001110110101011001100000 K
b1100101111010000011101110110 L
b111101101001110110001011001100000 M
b1110011001110101 #
b1110011001110101 H
b1000101110110 "
b1000101110110 I
b10001100111110011001110010110 E
b11111011000111011101001111100000 F
b1010110011011100110000101000 D
b11111000000010001110001010001000 G
b1110000001100000 B
b1100100010000001 C
b1101111110011011 @
b1011110111100011 A
b1010100011100010 +
b1010100011100010 8
b10101000011101 ,
b10101000011101 9
b1011111101010011 )
b1011111101010011 6
b10110010101001 *
b10110010101001 7
r0.513336181640625 X
r0.14239501953125 Y
r0.90606689453125 V
r-0.71197509765625 W
b11011000 2
b11100 5
b11011000 4
r1.309718936681747e-05 R
r1.281686127185822e-05 S
r0.586334228515625 P
r-0.533050537109375 Q
b100 1
b11000 3
r0.5863211313262582 T
r-0.5330633539706469 U
1-
#2320000
0-
#2325000
b1111001100001101101000111011 J
b1010010101001100110101000011 K
b1111001100001001101000111011 L
b1010010101001000110101000011 M
b1010100011100010 B
b10101000011101 C
b1011111101010011 @
b10110010101001 A
b111000001011100010100011011 E
b1000001010101101010100100000 F
b100000000000111101000100000 D
b1110010101010000011101100011 G
b1100101111010 #
b1100101111010 H
b1101101001110110 "
b1101101001110110 I
b100000110110101 +
b100000110110101 8
b1001000111010 ,
b1001000111010 9
b111001111111010 )
b111001111111010 6
b1010010011011110 *
b1010010011011110 7
r-0.534576416015625 X
r0.58587646484375 Y
r0.72552490234375 V
r-0.64117431640625 W
b11011001 2
b11101 5
b11011001 4
r1.355446875095367e-05 R
r4.258006811141968e-06 S
r-0.199554443359375 P
r0.13641357421875 Q
b100 1
b11001 3
r-0.199567997828126 T
r0.1364093162119389 U
1-
#2330000
0-
#2335000
b111100110001010011101111110011001 J
b111110001010101101010100111011111 K
b111100110001010011001111110011001 L
b111110001010101100110100111011111 M
b1111001100001 #
b1111001100001 H
b1010010101001 "
b1010010101001 I
b11110101010111000100101001100111 E
b11110000110011010101010100110010 F
b10110000000100101111101000110 D
b111010110001100100100100101 G
b100000110110101 B
b1001000111010 C
b111001111111010 @
b1010010011011110 A
b1011101110010011 +
b1011101110010011 8
b100101011111110 ,
b100101011111110 9
b101110011011110 )
b101110011011110 6
b1010110111101110 *
b1010110111101110 7
r0.017333984375 X
r-0.313446044921875 Y
r0.8997802734375 V
r-0.05584716796875 W
b11011010 2
b11110 5
b11011010 4
r1.778826117515564e-06 R
r5.334615707397461e-06 S
r0.19903564453125 P
r-0.29327392578125 Q
b100 1
b11010 3
r0.1990374233573675 T
r-0.2932685911655426 U
1-
#2340000
0-
#2345000
b111110000110111100000100110011010 J
b111011011101111101011110010001010 K
b111110000110111011100100110011010 L
b111011011101111100111110010001010 M
b1011101110010011 B
b100101011111110 C
b101110011011110 @
b1010110111101110 A
b1000010000011101101010100100 E
b11101000100110111110111011110110 F
b11101110001000111100111000010 D
b11111001100000101111011001001100 G
b1100110001010011 #
b1100110001010011 H
b1110001010101101 "
b1110001010101101 I
b1000111000 +
b1000111000 8
b1101011111100001 ,
b1101011111100001 9
b111001100101100 )
b111001100101100 6
b1111100011011010 *
b1111100011011010 7
r-0.234283447265625 X
r-0.33026123046875 Y
r0.985626220703125 V
r-0.9266357421875 W
b11011011 2
b11111 5
b11011011 4
r6.253831088542938e-06 R
r3.16184014081955e-06 S
r0.237335205078125 P
r0.161407470703125 Q
b100 1
b11011 3
r0.2373414589092135 T
r0.1614106325432658 U
1-
#2350000
0-
#2355000
b110001001001000100100111101110 J
b110010000010000010101010 K
b110001001001000000100111101110 L
b110001111110000010101010 M
b1110000110111100 #
b1110000110111100 H
b1011011101111101 "
b1011011101111101 I
b11011001101000101000001000100 E
b10101111011111011100110101010 F
b11100111001011010111110101111010 D
b11100111111101010101111000100100 G
b1000111000 B
b1101011111100001 C
b111001100101100 @
b1111100011011010 A
b1110001000000011 +
b1110001000000011 8
b1101010110111010 ,
b1101010110111010 9
b111111000101001 )
b111111000101001 6
b1000100101100100 *
b1000100101100100 7
r0.353912353515625 X
r0.44952392578125 Y
r-0.24066162109375 V
r0.249847412109375 W
b11011100 2
b100000 5
b11011100 4
r7.533468306064606e-06 R
r5.275942385196686e-06 S
r-0.403717041015625 P
r-0.229095458984375 Q
b100 1
b11100 3
r-0.4037095075473189 T
r-0.2291007349267602 U
1-
#2360000
0-
#2365000
b111101101111000111001000101011100 J
b111111000001111111010 K
b111101101111000110101000101011100 L
b111110100001111111010 M
b1110001000000011 B
b1101010110111010 C
b111111000101001 @
b1000100101100100 A
b11101101111100110010110110101100 E
b11111111111100000010001110110000 F
b111111111000100110100000 D
b1000111101100110110011010 G
b110001001001000 #
b110001001001000 H
b110010000 "
b110010000 I
b10110101001101 +
b10110101001101 8
b11100110001010 ,
b11100110001010 9
b1110000100110010 )
b1110000100110010 6
b1111111111011 *
b1111111111011 7
r0.73065185546875 X
r0.453399658203125 Y
r-0.004302978515625 V
r-0.37188720703125 W
b11011101 2
b100001 5
b11011101 4
r1.296959817409515e-05 R
r8.25151801109314e-07 S
r-0.2364501953125 P
r-0.566497802734375 Q
b100 1
b11101 3
r-0.2364631649106741 T
r-0.5664986278861761 U
1-
#2370000
0-
#2375000
b111111001000011111110101011110110 J
b100010010111011001101000101101 K
b111111001000011111010101011110110 L
b100010010111010101101000101101 M
b1101101111000111 #
b1101101111000111 H
b111111 "
b111111 I
b11101011001010101100011011001010 E
b1101111001001110010000101100 F
b11110001001110001010110001111011 D
b10011100101100000011010101000 G
b10110101001101 B
b11100110001010 C
b1110000100110010 @
b1111111111011 A
b101110110000110 +
b101110110000110 8
b11101000001001 ,
b11101000001001 9
b1111111101110011 )
b1111111101110011 6
b1101000001100110 *
b1101000001100110 7
r-0.405670166015625 X
r-0.125396728515625 Y
r-0.113983154296875 V
r0.88433837890625 W
b11011110 2
b100010 5
b11011110 4
r2.367421984672546e-06 R
r7.471069693565369e-06 S
r0.767822265625 P
r0.01220703125 Q
b100 1
b11110 3
r0.7678246330469847 T
r0.01219956018030643 U
1-
#2380000
0-
#2385000
b111111110101111001000010001110011 J
b1100101000111101101001000100 K
b111111110101111000100010001110011 L
b1100101000111001101001000100 M
b101110110000110 B
b11101000001001 C
b1111111101110011 @
b1101000001100110 A
b11111001000100111000011011110100 E
b101101010001011110101111111 F
b11111010100011001000011000001010 D
b111001100000010000001001110 G
b1111001000011111 #
b1111001000011111 H
b100010010111011 "
b100010010111011 I
b1100110000010011 +
b1100110000010011 8
b1110111111110011 ,
b1110111111110011 9
b1111000101101001 )
b1111000101101001 6
b111000100110010 *
b111000100110010 7
r0.741485595703125 X
r0.945831298828125 Y
r0.063201904296875 V
r0.623870849609375 W
b11011111 2
b100011 5
b11011111 4
r1.111999154090881e-05 R
r1.431070268154144e-05 S
r-0.282989501953125 P
r0.001922607421875 Q
b100 1
b11111 3
r-0.2830006219446659 T
r0.001908296719193459 U
1-
#2390000
0-
#2395000
b111101110011111000110110001101111 J
b111110101011010010011001001100100 K
b111101110011111000010110001101111 L
b111110101011010001111001001100100 M
b1111110101111001 #
b1111110101111001 H
b1100101000111 "
b1100101000111 I
b11111111111000000000100100001011 E
b11101110100111000010001101100100 F
b11111111110011000111110100110010 D
b11110101001101010110111110010110 G
b1100110000010011 B
b1110111111110011 C
b1111000101101001 @
b111000100110010 A
b101111011101001 +
b101111011101001 8
b111100100010001 ,
b111100100010001 9
b100000010111 )
b100000010111 6
b100111111011011 *
b100111111011011 7
r0.538299560546875 X
r-0.671630859375 Y
r0.70343017578125 V
r0.6697998046875 W
b11100000 2
b100100 5
b11100000 4
r1.024268567562103e-05 R
r9.017996490001678e-06 S
r-0.108428955078125 P
r0.536956787109375 Q
b100 1
b100000 3
r-0.1084187123924494 T
r0.536947769112885 U
1-
#2400000
0-
#2405000
b111101001111101001010110001100001 J
b111110101111100011100100110101011 K
b111101001111101000110110001100001 L
b111110101111100011000100110101011 M
b101111011101001 B
b111100100010001 C
b100000010111 @
b100111111011011 A
b111010100010110110101011 E
b11101001000010100011111010110110 F
b10111101011001011011001011 D
b11111000111001110010000001110110 G
b1101110011111000 #
b1101110011111000 H
b1110101011010010 "
b1110101011010010 I
b100010011100111 +
b100010011100111 8
b1010101000001000 ,
b1010101000001000 9
b101101000001010 )
b101101000001010 6
b101010110111100 *
b101010110111100 7
r0.23406982421875 X
r0.2100830078125 Y
r0.6722412109375 V
r-0.924163818359375 W
b11100001 2
b100101 5
b11100001 4
r1.419801265001297e-05 R
r6.262212991714478e-06 S
r-0.019744873046875 P
r0.197479248046875 Q
b100 1
b100001 3
r-0.01975907105952501 T
r0.1974855102598667 U
1-
#2410000
0-
#2415000
b100001011011101100000011011010 J
b100010110001000100000110011100 K
b100001011011101000000011011010 L
b100010110001000000000110011100 M
b1101001111101001 #
b1101001111101001 H
b1110101111100011 "
b1110101111100011 I
b11110100110110100010000111 E
b11101100110110001100001010011 F
b10111111111100111011101111 D
b100101110000111101000010001011 G
b100010011100111 B
b1010101000001000 C
b101101000001010 @
b101010110111100 A
b1110111110110 +
b1110111110110 8
b1101011100100 ,
b1101011100100 9
b101011000001100 )
b101011000001100 6
b1000100110110101 *
b1000100110110101 7
r-0.6650390625 X
r0.206085205078125 Y
r0.184844970703125 V
r-0.7919921875 W
b11100010 2
b100110 5
b11100010 4
r1.059379428625107e-05 R
r3.244727849960327e-06 S
r-0.273681640625 P
r-0.16546630859375 Q
b100 1
b100010 3
r-0.2736710468307137 T
r-0.1654695533216 U
1-
#2420000
0-
#2425000
b111111000110101110000000011110100 J
b111001010111110011101111011011010 K
b111111000110101101100000011110100 L
b111001010111110011001111011011010 M
b1110111110110 B
b1101011100100 C
b101011000001100 @
b1000100110110101 A
b11100001110000110111010001010000 E
b10111000100110100110010100100 F
b11000001110111110011100000110 D
b11100011001101011000010111100000 G
b100001011011101 #
b100001011011101 H
b100010110001000 "
b100010110001000 I
b1010101011100000 +
b1010101011100000 8
b1101001100001 ,
b1101001100001 9
b1011110101001 )
b1011110101001 6
b1001101010100000 *
b1001101010100000 7
r-0.24261474609375 X
r-0.34381103515625 Y
r-0.0516357421875 V
r-0.262115478515625 W
b11100011 2
b100111 5
b11100011 4
r4.678033292293549e-06 R
r2.305023372173309e-06 S
r-0.344451904296875 P
r-0.157135009765625 Q
b100 1
b100011 3
r-0.3444565823301673 T
r-0.1571327047422528 U
1-
#2430000
0-
#2435000
b111111011001100011110111110011110 J
b111101001100000010011101110101100 K
b111111011001100011010111110011110 L
b111101001100000001111101110101100 M
b1111000110101110 #
b1111000110101110 H
b1001010111110011 "
b1001010111110011 I
b1001000010011101101010110000 E
b11110010001001111101010011101110 F
b1010000100100000101110001000 D
b11110011100100110000011100110100 G
b1010101011100000 B
b1101001100001 C
b1011110101001 @
b1001101010100000 A
b1110000011110010 +
b1110000011110010 8
b1101001111111110 ,
b1101001111111110 9
b1111100101100100 )
b1111100101100100 6
b1101111001110011 *
b1101111001110011 7
r-0.02093505859375 X
r-0.587860107421875 Y
r-0.744384765625 V
r-0.107818603515625 W
b11100100 2
b101000 5
b11100100 4
r2.030283212661743e-07 R
r3.837049007415771e-07 S
r0.522369384765625 P
r0.543212890625 Q
b100 1
b100100 3
r0.5223695877939463 T
r0.5432132743299007 U
1-
#2440000
0-
#2445000
b100100001001011110110100001001 J
b111111101011011000010100011000000 K
b100100001001011010110100001001 L
b111111101011010111110100011000000 M
b1110000011110010 B
b1101001111111110 C
b1111100101100100 @
b1101111001110011 A
b10011100000010000100001001 E
b100001101101011000110000000000 F
b11111000001000011110110111100000 D
b11110101100011011101011010100000 G
b1111011001100011 #
b1111011001100011 H
b1101001100000010 "
b1101001100000010 I
b1111110101010010 +
b1111110101010010 8
b1011010011000001 ,
b1011010011000001 9
b1010000010111000 )
b1010000010111000 6
b1111001000110011 *
b1111001000110011 7
r-0.0927734375 X
r-0.290740966796875 Y
r0.998504638671875 V
r-0.198333740234375 W
b11100101 2
b101001 5
b11100101 4
r1.503154635429382e-05 R
r7.355585694313049e-06 S
r-0.11187744140625 P
r-0.828521728515625 Q
b100 1
b100101 3
r-0.1118924729526043 T
r-0.8285143729299307 U
1-
#2450000
0-
#2455000
b101001101010000010111101110 J
b100111101110111111010010010 K
b101001101001100010111101110 L
b100111101110011111010010010 M
b100100001001011 #
b100100001001011 H
b1111101011011000 "
b1111101011011000 I
b1001000101101110100111000 E
b100000100011110100010110110 F
b110011010100000010001000 D
b101110001000111111100011010 G
b1111110101010010 B
b1011010011000001 C
b1010000010111000 @
b1111001000110011 A
b1111010000100000 +
b1111010000100000 8
b1101101011001001 ,
b1101101011001001 9
b111111111001111 )
b111111111001111 6
b1110011010011101 *
b1110011010011101 7
r0.68206787109375 X
r0.215545654296875 Y
r-0.9295654296875 V
r-0.706390380859375 W
b11100110 2
b101010 5
b11100110 4
r1.135282218456268e-05 R
r1.03190541267395e-06 S
r-0.075103759765625 P
r-0.35150146484375 Q
b100 1
b100110 3
r-0.07509240694344044 T
r-0.3515024967491627 U
1-
#2460000
0-
#2465000
b11100001001101100011000001110 J
b11000011110110000110000011 K
b11100001001101000011000001110 L
b11000011110010000110000011 M
b1111010000100000 B
b1101101011001001 C
b111111111001111 @
b1110011010011101 A
b11100000000011000101010111000 E
b1001001111101101010110 F
b111111110101001011110000 D
b100000011100111010001110011 G
b101001101010 #
b101001101010 H
b100111101110 "
b100111101110 I
b101011101001110 +
b101011101001110 8
b1101110010111 ,
b1101110010111 9
b1000100100000100 )
b1000100100000100 6
b1010010110010101 *
b1010010110010101 7
r-0.86529541015625 X
r-0.147613525390625 Y
r-0.874267578125 V
r-0.0289306640625 W
b11100111 2
b101011 5
b11100111 4
r1.073721796274185e-05 R
r5.543231964111328e-06 S
r0.564788818359375 P
r-0.040283203125 Q
b100 1
b100111 3
r0.5647995555773377 T
r-0.04028874635696411 U
1-
#2470000
0-
#2475000
b111101110100110010101011100100111 J
b1001100111101011110101100101 K
b111101110100110010001011100100111 L
b1001100111100111110101100101 M
b11100001001101 #
b11100001001101 H
b11000011110 "
b11000011110 I
b11101101011010111001111110000111 E
b1001011010111011110100000 F
b11111010000100100100010111100000 D
b11101100001100001101000101 G
b101011101001110 B
b1101110010111 C
b1000100100000100 @
b1010010110010101 A
b1001000100111110 +
b1001000100111110 8
b1110110100011011 ,
b1110110100011011 9
b1001000000011000 )
b1001000000011000 6
b1111110001001100 *
b1111110001001100 7
r0.11810302734375 X
r0.480438232421875 Y
r-0.834320068359375 V
r0.923431396484375 W
b11101000 2
b101100 5
b11101000 4
r1.38450413942337e-05 R
r1.491792500019073e-05 S
r0.08135986328125 P
r0.07757568359375 Q
b100 1
b101000 3
r0.08134601823985577 T
r0.07759060151875019 U
1-
#2480000
0-
#2485000
b111010100010101111001001111000010 J
b11110110101011000011010101011 K
b111010100010101110101001111000010 L
b11110110101010100011010101011 M
b1001000100111110 B
b1110110100011011 C
b1001000000011000 @
b1111110001001100 A
b11110011001011010011110101011100 E
b11100001001010100001011001100110 F
b11010111011011000001101100111000 D
b11110110010000010110000111100011 G
b1101110100110010 #
b1101110100110010 H
b1001100111101 "
b1001100111101 I
b111100011110 +
b111100011110 8
b11110101111111 ,
b11110101111111 9
b1001010100110101 )
b1001010100110101 6
b111011000110011 *
b111011000110011 7
r-0.5701904296875 X
r0.0445556640625 Y
r-0.0809326171875 V
r-0.088836669921875 W
b11101001 2
b101101 5
b11101001 4
r1.443549990653992e-06 R
r7.98981636762619e-06 S
r0.439849853515625 P
r0.04779052734375 Q
b100 1
b101001 3
r0.4398512970656157 T
r0.04779851716011763 U
1-
#2490000
0-
#2495000
b1001110111001101000011110000 J
b111001111110110111011101000110100 K
b1001110111001001000011110000 L
b111001111110110110111101000110100 M
b1010100010101111 #
b1010100010101111 H
b11110110101011 "
b11110110101011 I
b1000010000100110101010001000 E
b1100110100010011001101000 F
b110000011010100111110111010000 D
b10001011111100000000100 G
b111100011110 B
b11110101111111 C
b1001010100110101 @
b111011000110011 A
b1011011100000100 +
b1011011100000100 8
b10110110100 ,
b10110110100 9
b1111010110100100 )
b1111010110100100 6
b1111010010100001 *
b1111010010100001 7
r-0.454742431640625 X
r0.271484375 Y
r0.48681640625 V
r-0.630706787109375 W
b11101010 2
b101110 5
b11101010 4
r5.519948899745941e-06 R
r6.211921572685242e-07 S
r-0.27191162109375 P
r0.150299072265625 Q
b100 1
b101010 3
r-0.2719061011448503 T
r0.1502984510734677 U
1-
#2500000
0-
#2505000
b111101101010100111011110101000101 J
b100010101100110111001100010111 K
b111101101010100110111110101000101 L
b100010101100110011001100010111 M
b1011011100000100 B
b10110110100 C
b1111010110100100 @
b1111010010100001 A
b11100110010110001010011001001011 E
b110111110101101011011111010 F
b11111001101100011001011100110110 D
b11100011001001100101001001101 G
b1001110111001 #
b1001110111001 H
b1001111110110111 "
b1001111110110111 I
b1100010111001011 +
b1100010111001011 8
b10001011000000 ,
b10001011000000 9
b11111001010000 )
b11111001010000 6
b1010111101000101 *
b1010111101000101 7
r-0.119781494140625 X
r-0.486236572265625 Y
r0.218505859375 V
r0.072601318359375 W
b11101011 2
b101111 5
b11101011 4
r1.054815948009491e-05 R
r1.366902142763138e-05 S
r-0.682159423828125 P
r0.481781005859375 Q
b100 1
b101011 3
r-0.6821699719876051 T
r0.4817673368379474 U
1-
#2510000
0-
#2515000
b11000000110001010011010100 J
b111111100110010110101001110100100 K
b11000000101101010011010100 L
b111111100110010110001001110100100 M
b1101101010100111 #
b1101101010100111 H
b100010101100110 "
b100010101100110 I
b11111111110001001110101101010000 E
b11001111011110100110000100 F
b10111101000001001010010000 D
b11111111101111110010011000110100 G
b1100010111001011 B
b10001011000000 C
b11111001010000 @
b1010111101000101 A
b1111000010101011 +
b1111000010101011 8
b1100000111000011 ,
b1100000111000011 9
b1101111111000 )
b1101111111000 6
b100101001011 *
b100101001011 7
r0.801544189453125 X
r0.834381103515625 Y
r-0.70928955078125 V
r0.807098388671875 W
b11101100 2
b110000 5
b11101100 4
r4.038214683532715e-06 R
r1.38208270072937e-06 S
r0.154083251953125 P
r-0.752227783203125 Q
b100 1
b101100 3
r0.1540872901678085 T
r-0.7522291652858257 U
1-
#2520000
0-
#2525000
b11010110100001011000010110111 J
b11001101011110010001010000 K
b11010110100000111000010110111 L
b11001101011010010001010000 M
b1111000010101011 B
b1100000111000011 C
b1101111111000 @
b100101001011 A
b1000011101010101110000000000 E
b10010010110110001010010110111 F
b11110001110101001111100101110000 D
b11110101000010101001110111000000 G
b11000000110 #
b11000000110 H
b1111100110010110 "
b1111100110010110 I
b110011010011001 +
b110011010011001 8
b110101011001101 ,
b110101011001101 9
b1010010100110110 )
b1010010100110110 6
b110011101001111 *
b110011101001111 7
r0.10455322265625 X
r0.924835205078125 Y
r-0.04534912109375 V
r-0.1092529296875 W
b11101101 2
b110001 5
b11101101 4
r6.509944796562195e-07 R
r1.218076795339584e-05 S
r-0.291778564453125 P
r0.54217529296875 Q
b100 1
b101101 3
r-0.2917792154476047 T
r0.5421874737367034 U
1-
#2530000
0-
#2535000
b111111000101001010000101100000001 J
b111111111011010101011000001111001 K
b111111000101001001100101100000001 L
b111111111011010100111000001111001 M
b11010110100001 #
b11010110100001 H
b11001101011 "
b11001101011 I
b11111001001100110100010111101000 E
b11111111011100011000010100011001 F
b11111110010100110010111010101000 D
b11111101101111011001111100100001 G
b110011010011001 B
b110101011001101 C
b1010010100110110 @
b110011101001111 A
b110101100010 +
b110101100010 8
b111011001100001 ,
b111011001100001 9
b1111101000110010 )
b1111101000110010 6
b1111001000000100 *
b1111001000000100 7
r0.175994873046875 X
r0.95135498046875 Y
r-0.0770263671875 V
r-0.112213134765625 W
b11101110 2
b110010 5
b11101110 4
r1.029297709465027e-05 R
r4.682689905166626e-06 S
r0.04705810546875 P
r-0.05010986328125 Q
b100 1
b101110 3
r0.04704781249165535 T
r-0.05010518059134483 U
1-
#2540000
0-
#2545000
b11100001110010000001110101 J
b1001111011111000110111011111101 K
b11100001101110000001110101 L
b1001111011111000010111011111101 M
b110101100010 B
b111011001100001 C
b1111101000110010 @
b1111001000000100 A
b11011010000111111010100000111110 E
b101001011001110011100000110111 F
b11011011100111010100000101000110 D
b101011000110010111000001000011 G
b1111000101001010 #
b1111000101001010 H
b1111111011010101 "
b1111111011010101 I
b1011010000111 +
b1011010000111 8
b111100111000110 ,
b111100111000110 9
b1111011000100100 )
b1111011000100100 6
b1111000110100011 *
b1111000110100011 7
r-0.438720703125 X
r-0.07757568359375 Y
r0.863677978515625 V
r0.359954833984375 W
b11101111 2
b110011 5
b11101111 4
r3.644265234470367e-06 R
r8.657574653625488e-06 S
r0.418975830078125 P
r0.050140380859375 Q
b100 1
b101111 3
r0.4189721858128905 T
r0.05014903843402863 U
1-
#2550000
0-
#2555000
b111111100100101011111001001111010 J
b111111001110101100111101001100000 K
b111111100100101011011001001111010 L
b111111001110101100011101001100000 M
b11100001110 #
b11100001110 H
b111111111111111 "
b111111111111111 I
b11111101010100001101100011110010 E
b11111111010001001101100110001000 F
b11111111101100100101000100100100 D
b11111001100010001000101110000100 G
b1011010000111 B
b111100111000110 C
b1111011000100100 @
b1111000110100011 A
b1100011111011000 +
b1100011111011000 8
b1111011000010010 ,
b1111011000010010 9
b110111010001101 )
b110111010001101 6
b10111000010011 *
b10111000010011 7
r0.154815673828125 X
r0.67156982421875 Y
r0.470306396484375 V
r0.998870849609375 W
b11110000 2
b110100 5
b11110000 4
r1.26352533698082e-05 R
r3.702007234096527e-06 S
r-0.11492919921875 P
r-0.009124755859375 Q
b100 1
b110000 3
r-0.1149418344721198 T
r-0.009128457866609097 U
1-
#2560000
0-
#2565000
b111111010000011000001001011001101 J
b111111010000010010100101000010110 K
b111111010000010111101001011001101 L
b111111010000010010000101000010110 M
b1100011111011000 B
b1111011000010010 C
b110111010001101 @
b10111000010011 A
b11111011010011110110001111011000 E
b11111110101111000110111011110101 F
b11111111001000011110010011111100 D
b11111001001010101110111100010010 G
b1111100100101011 #
b1111100100101011 H
b1111001110101100 "
b1111001110101100 I
b1001111010001 +
b1001111010001 8
b101010111110110 ,
b101010111110110 9
b11110000110011 )
b11110000110011 6
b111111111011011 *
b111111111011011 7
r0.732147216796875 X
r0.049102783203125 Y
r0.077117919921875 V
r0.98272705078125 W
b11110001 2
b110101 5
b11110001 4
r7.520429790019989e-06 R
r0 S
r0.05511474609375 P
r0.999969482421875 Q
b100 1
b110001 3
r0.05510722566395998 T
r0.999969482421875 U
1-
#2570000
0-
#2575000
b111110001100110110010100011110010 J
b10110011101101101110101011110 K
b111110001100110101110100011110010 L
b10110011101101001110101011110 M
b1111010000011000 #
b1111010000011000 H
b1111010000010010 "
b1111010000010010 I
b11111011101101100100001111101010 E
b11110101111001001010010100001000 F
b11100111101111111110000111111000 D
b11111110001101100111111101010110 G
b1001111010001 B
b101010111110110 C
b11110000110011 @
b111111111011011 A
b101110110110111 +
b101110110110111 8
b11001001001 ,
b11001001001 9
b100111011111 )
b100111011111 6
b111110111001010 *
b111110111001010 7
r-0.95751953125 X
r0.416656494140625 Y
r-0.712158203125 V
r-0.098602294921875 W
b11110010 2
b110110 5
b11110010 4
r1.203455030918121e-05 R
r1.391768455505371e-05 S
r-0.053375244140625 P
r-0.0963134765625 Q
b100 1
b110010 3
r-0.05336320959031582 T
r-0.09629955887794495 U
1-
#2580000
0-
#2585000
b11110000111001010101011001101 J
b100110010001011110010011001111 K
b11110000111000110101011001101 L
b100110010001011010010011001111 M
b101110110110111 B
b11001001001 C
b100111011111 @
b111110111001010 A
b10100001101101100100000000010 E
b1001111001011010001011001011 F
b100101010001110111010100011 D
b101010111011101001001101110010 G
b1110001100110110 #
b1110001100110110 H
b10110011101101 "
b10110011101101 I
b1000010101110000 +
b1000010101110000 8
b11010101010101 ,
b11010101010101 9
b1010010011011000 )
b1010010011011000 6
b1111001101100001 *
b1111001101100001 7
r0.180816650390625 X
r-0.961822509765625 Y
r0.5867919921875 V
r-0.90606689453125 W
b11110011 2
b110111 5
b11110011 4
r1.07763335108757e-05 R
r2.404674887657166e-06 S
r-0.093017578125 P
r-0.09320068359375 Q
b100 1
b110011 3
r-0.09302835445851088 T
r-0.09319827891886234 U
1-
#2590000
0-
#2595000
b101110010010101001011111111101 J
b111111111011110011100100100110001 K
b101110010010100101011111111101 L
b111111111011110011000100100110001 M
b11110000111001 #
b11110000111001 H
b100110010001011 "
b100110010001011 I
b1111100000101010010111 E
b101110000011000100110101100110 F
b11100111010001000101101001 D
b11000101101001101010011010 G
b1000010101110000 B
b11010101010101 C
b1010010011011000 @
b1111001101100001 A
b1011100100101 +
b1011100100101 8
b1000010011100011 ,
b1000010011100011 9
b100101100011100 )
b100101100011100 6
b1000110000000110 *
b1000110000000110 7
r0.457763671875 X
r-0.53887939453125 Y
r0.401458740234375 V
r-0.258514404296875 W
b11110100 2
b111000 5
b11110100 4
r5.496665835380554e-06 R
r7.001683115959167e-06 S
r-0.22491455078125 P
r0.350982666015625 Q
b100 1
b110100 3
r-0.2249200474470854 T
r0.350989667698741 U
1-
#2600000
0-
#2605000
b111110011000011011001001100101000 J
b111010001101110101100110110110101 K
b111110011000011010101001100101000 L
b111010001101110101000110110110101 M
b1011100100101 B
b1000010011100011 C
b100101100011100 @
b1000110000000110 A
b11101101000000100111001110111000 E
b110000010101101111101110000 F
b101011101001000101011010000000 D
b11111101010111101110010000110101 G
b101110010010101 #
b101110010010101 H
b1111111011110011 "
b1111111011110011 I
b11101010011000 +
b11101010011000 8
b1011101100000110 ,
b1011101100000110 9
b11001101100011 )
b11001101100011 6
b1101111011101001 *
b1101111011101001 7
r-0.513580322265625 X
r0.481689453125 Y
r0.584564208984375 V
r-0.4398193359375 W
b11110101 2
b111001 5
b11110101 4
r5.054287612438202e-06 R
r8.775852620601654e-06 S
r0.470489501953125 P
r0.597991943359375 Q
b100 1
b110101 3
r0.4704844476655126 T
r0.5980007192119956 U
1-
#2610000
0-
#2615000
b111010001011001010001000010110010 J
b110000111111000010001001000110 K
b111010001011001001101000010110010 L
b110000111110111110001001000110 M
b1110011000011011 #
b1110011000011011 H
b1010001101110101 "
b1010001101110101 I
b11011011111000010000100111010100 E
b11110101100000111100011011011110 F
b110110010100101111100001100 D
b110111110001100100000101010010 G
b11101010011000 B
b1011101100000110 C
b11001101100011 @
b1101111011101001 A
b1011111001000011 +
b1011111001000011 8
b11110110101000 ,
b11110110101000 9
b100101011010011 )
b100101011010011 6
b1100011110110100 *
b1100011110110100 7
r0.704803466796875 X
r-0.212158203125 Y
r-0.21478271484375 V
r-0.5628662109375 W
b11110110 2
b111010 5
b11110110 4
r9.539537131786346e-06 R
r2.191402018070221e-06 S
r0.723297119140625 P
r-0.008209228515625 Q
b100 1
b110110 3
r0.7232875796034932 T
r-0.00820703711360693 U
1-
#2620000
0-
#2625000
b111101010100101001110100110101010 J
b111111101001001111011101110101110 K
b111101010100101001010100110101010 L
b111111101001001110111101110101110 M
b1011111001000011 B
b11110110101000 C
b100101011010011 @
b1100011110110100 A
b11110010001001111000010101010010 E
b11111000011011010010010001011000 F
b1011110000101111000011001000 D
b1000111010100110110001110110 G
b1010001011001010 #
b1010001011001010 H
b110000111111000 "
b110000111111000 I
b101101000110111 +
b101101000110111 8
b1110010011011000 ,
b1110010011011000 9
b1110010010000010 )
b1110010010000010 6
b1011011111110100 *
b1011011111110100 7
r0.05224609375 X
r0.873504638671875 Y
r-0.32281494140625 V
r0.853759765625 W
b11110111 2
b111011 5
b11110111 4
r1.069158315658569e-05 R
r3.268010914325714e-06 S
r-0.202301025390625 P
r-0.722991943359375 Q
b100 1
b110111 3
r-0.2023117169737816 T
r-0.7229886753484607 U
1-
#2630000
0-
#2635000
b100000011110100111110110010100 J
b101101010000000001011100111 K
b100000011110100011110110010100 L
b101101001111100001011100111 M
b1101010100101001 #
b1101010100101001 H
b1111101001001111 "
b1111101001001111 I
b10010000001010110000101111000 E
b1110011101001101110000011100 F
b11101100110010010010111100111001 D
b11110010011100001111001000100000 G
b101101000110111 B
b1110010011011000 C
b1110010010000010 @
b1011011111110100 A
b11010110000 +
b11010110000 8
b110111111001111 ,
b110111111001111 9
b1101011010101110 )
b1101011010101110 6
b110110101001000 *
b110110101001000 7
r0.01934814453125 X
r-0.68145751953125 Y
r0.513580322265625 V
r0.439849853515625 W
b11111000 2
b111100 5
b11111000 4
r1.127831637859344e-05 R
r7.087364792823792e-06 S
r-0.72821044921875 P
r0.765380859375 Q
b100 1
b111000 3
r-0.7282217275351286 T
r0.7653737720102072 U
1-
#2640000
0-
#2645000
b111101001100001110010001100011100 J
b10001010101001111100111110010 K
b111101001100001101110001100011100 L
b10001010101001011100111110010 M
b11010110000 B
b110111111001111 C
b1101011010101110 @
b110110101001000 A
b10111010101001010110110000 E
b11100110100111000100110101101100 F
b11110110010011111100101111101110 D
b111101001001000010111100000 G
b100000011110100 #
b100000011110100 H
b101101010000 "
b101101010000 I
b1001111010 +
b1001111010 8
b1010100011000110 ,
b1010100011000110 9
b100000110111101 )
b100000110111101 6
b11100001001101 *
b11100001001101 7
r-0.21075439453125 X
r0.027130126953125 Y
r-0.023773193359375 V
r-0.49786376953125 W
b11111001 2
b111101 5
b11111001 4
r9.933486580848694e-06 R
r1.030042767524719e-06 S
r-0.334686279296875 P
r-0.044464111328125 Q
b100 1
b111001 3
r-0.3346763458102942 T
r-0.04446514137089252 U
1-
#2650000
0-
#2655000
b111110000110011110001101000110010 J
b110000110011110010100110011000 K
b111110000110011101101101000110010 L
b110000110011101110100110011000 M
b1101001100001110 #
b1101001100001110 H
b10001010101001 "
b10001010101001 I
b11101101111101000000100010110010 E
b10110110101101000110000000 F
b11111110111010111010101110100000 D
b101111101110101001010100111000 G
b1001111010 B
b1010100011000110 C
b100000110111101 @
b11100001001101 A
b1110010100000110 +
b1110010100000110 8
b1101111001 ,
b1101111001 9
b1111110011110101 )
b1111110011110101 6
b1100000001000110 *
b1100000001000110 7
r-0.310272216796875 X
r0.519317626953125 Y
r0.788848876953125 V
r-0.128509521484375 W
b11111010 2
b111110 5
b11111010 4
r1.46813690662384e-05 R
r1.45668163895607e-05 S
r0.5074462890625 P
r0.08837890625 Q
b100 1
b111010 3
r0.5074609704315662 T
r0.08836433943361044 U
1-
#2660000
0-
#2665000
b111101010001001011000111011100000 J
b111101100001011101000010101111100 K
b111101010001001010100111011100000 L
b111101100001011100100010101111100 M
b1110010100000110 B
b1101111001 C
b1111110011110101 @
b1100000001000110 A
b11101001100110011110000000101110 E
b100010110110111010110010 F
b101000101100111000010010 D
b11101100110100010001001110001110 G
b1110000110011110 #
b1110000110011110 H
b110000110011110 "
b110000110011110 I
b1101100001001001 +
b1101100001001001 8
b100001001111001 ,
b100001001111001 9
b110010011111001 )
b110010011111001 6
b1110111110001101 *
b1110111110001101 7
r-0.325408935546875 X
r0.8687744140625 Y
r0.062774658203125 V
r0.9119873046875 W
b11111011 2
b111111 5
b11111011 4
r6.888061761856079e-06 R
r1.381523907184601e-05 S
r-0.35113525390625 P
r0.270782470703125 Q
b100 1
b111011 3
r-0.3511421419680119 T
r0.2707962859421968 U
1-
#2670000
0-
#2675000
b110101011001100111001110001 J
b111111110110100001101110001011000 K
b110101011001000111001110001 L
b111111110110100001001110001011000 M
b1101010001001011 #
b1101010001001011 H
b1101100001011101 "
b1101100001011101 I
b11111111111101010110111011001101 E
b110101101110001111110100100 F
b10100100001011010111110 D
b11111111001000101011001100010110 G
b1101100001001001 B
b100001001111001 C
b110010011111001 @
b1110111110001101 A
b1101011001011001 +
b1101011001011001 8
b110111100110100 ,
b110111100110100 9
b100000001001 )
b100000001001 6
b111010010111100 *
b111010010111100 7
r-0.947021484375 X
r0.380950927734375 Y
r0.843505859375 V
r0.035888671875 W
b11111100 2
b0 5
b11111100 4
r9.013339877128601e-06 R
r5.342066287994385e-06 S
r-0.23736572265625 P
r0.76263427734375 Q
b100 1
b111100 3
r-0.2373747359961271 T
r0.762628935277462 U
1-
#2680000
0-
#2685000
b11100110001010111001011100110 J
b1011011001001111000010100100 K
b11100110001010011001011100110 L
b1011011001001011000010100100 M
b1101011001011001 B
b110111100110100 C
b100000001001 @
b111010010111100 A
b11010001101111110101110110001 E
b10100011010100011100110101 F
b11110000010101011110001100000001 D
b11111011101110101001001110100101 G
b110101011001 #
b110101011001 H
b1111110110100001 "
b1111110110100001 I
b1000011011001000 +
b1000011011001000 8
b11000011000011 ,
b11000011000011 9
b110101111111000 )
b110101111111000 6
b10010011000 *
b10010011000 7
r0.185455322265625 X
r0.605194091796875 Y
r-0.172515869140625 V
r0.568450927734375 W
b11111101 2
b1 5
b11111101 4
r1.171231269836426e-05 R
r1.395121216773987e-05 S
r-0.341461181640625 P
r-0.309661865234375 Q
b100 1
b111101 3
r-0.3414728939533234 T
r-0.3096758164465427 U
1-
#2690000
0-
#2695000
b111110000011111111000011000110000 J
b110100000001000010100100001111 K
b111110000011111110100011000110000 L
b110100000000111110100100001111 M
b11100110001010 #
b11100110001010 H
b1011011001001 "
b1011011001001 I
b11011111011000100011010100 E
b11101101000000011011110101011100 F
b11111110101100010101000100100001 D
b110010101101010011101000110000 G
b1000011011001000 B
b11000011000011 C
b110101111111000 @
b10010011000 A
b1011110111101 +
b1011110111101 8
b100110101110111 ,
b100110101110111 9
b1110100111101011 )
b1110100111101011 6
b100100011000011 *
b100100011000011 7
r0.36590576171875 X
r-0.2254638671875 Y
r0.717437744140625 V
r0.3056640625 W
b11111110 2
b10 5
b11111110 4
r3.443099558353424e-06 R
r6.757676601409912e-06 S
r0.104278564453125 P
r-0.018524169921875 Q
b100 1
b111110 3
r0.1042820075526834 T
r-0.01851741224527359 U
1-
#2700000
0-
#2705000
b10010011001000010010010101000 J
b110100000000000001011000001000 K
b10010011000111110010010101000 L
b110011111111111101011000001000 M
b1011110111101 B
b100110101110111 C
b1110100111101011 @
b100100011000011 A
b10100100100001011110111101000 E
b11111101110100110010011011000000 F
b11001100111000000010100111000000 D
b110111111111111111001000 G
b1110000011111111 #
b1110000011111111 H
b110100000001000 "
b110100000001000 I
b10111011010110 +
b10111011010110 8
b1110001100100100 ,
b1110001100100100 9
b101101111010101 )
b101101111010101 6
b10011100100000 *
b10011100100000 7
r-0.392608642578125 X
r-0.73309326171875 Y
r0.1851806640625 V
r-0.390533447265625 W
b11111111 2
b11 5
b11111111 4
r1.213513314723969e-05 R
r1.159682869911194e-05 S
r0.44952392578125 P
r0.178009033203125 Q
b100 1
b111111 3
r0.4495360609143972 T
r0.1780206300318241 U
1-
#2710000
0-
#2715000
b100001110100000110100 J
b11000000100001110101000100110 K
b100001010100000110100 L
b11000000100001010101000100110 M
b10010011001000 #
b10010011001000 H
b110100000000000 "
b110100000000000 I
b11111001010100010110101100111101 E
b110101111110011110011110111 F
b11111101111100111100111101111111 D
b10110000001000111100110100101 G
b10111011010110 B
b1110001100100100 C
b101101111010101 @
b10011100100000 A
b1100110110111111 +
b1100110110111111 8
b1010001000101010 ,
b1010001000101010 9
b1011110110100 )
b1011110110100 6
b1100111000000011 *
b1100111000000011 7
r-0.44873046875 X
r0.181854248046875 Y
r0.91046142578125 V
r-0.6162109375 W
b100000000 2
b100 5
b100000000 4
r1.378357410430908e-05 R
r5.469657480716705e-06 S
r-0.242218017578125 P
r0.812744140625 Q
b100 1
b0 3
r-0.2422318011522293 T
r0.8127386709675193 U
1-
#2720000
0-
#2725000
b111111100110011100111110110110100 J
b111101010110010100001011001110010 K
b111111100110011100011110110110100 L
b111101010110010011101011001110010 M
b1100110110111111 B
b1010001000101010 C
b1011110110100 @
b1100111000000011 A
b11110101101001011100100011110100 E
b111001010000111010011000000 F
b10000110011010000101000001110 D
b11111011100101101110000010000000 G
b100001 #
b100001 H
b11000000100001 "
b11000000100001 I
b1100011010010000 +
b1100011010010000 8
b1011101000111 ,
b1011101000111 9
b111010010001010 )
b111010010001010 6
b1011000100100000 *
b1011000100100000 7
r0.218017578125 X
r-0.374114990234375 Y
r-0.3350830078125 V
r0.774871826171875 W
b100000001 2
b101 5
b100000001 4
r6.51925802230835e-06 R
r1.00061297416687e-05 S
r0.287353515625 P
r0.8125 Q
b100 1
b1 3
r0.2873469963669777 T
r0.8124899938702583 U
1-
#2730000
0-
#2735000
b1001000000010011011000101 J
b10110111110100001111100110010 K
b1000111111110011011000101 L
b10110111110011101111100110010 M
b1111100110011100 #
b1111100110011100 H
b1101010110010100 "
b1101010110010100 I
b11110111010011111100101110001000 E
b1001110100000001101100111101 F
b11111011010110001101001101001100 D
b10010010100101011001001111110 G
b1100011010010000 B
b1011101000111 C
b111010010001010 @
b1011000100100000 A
b1101111101000 +
b1101111101000 8
b1101000000011101 ,
b1101000000011101 9
b1101010100011100 )
b1101010100011100 6
b110001100101111 *
b110001100101111 7
r0.818756103515625 X
r-0.1990966796875 Y
r-0.0904541015625 V
r-0.0595703125 W
b100000010 2
b110 5
b100000010 4
r9.585171937942505e-06 R
r1.004897058010101e-05 S
r0.001007080078125 P
r0.376007080078125 Q
b100 1
b10 3
r0.001016665250062943 T
r0.3760171290487051 U
1-
#2740000
0-
#2745000
b11100010010110101101001000110 J
b10010111110011111011001000000 K
b11100010010110001101001000110 L
b10010111110011011011001000000 M
b1101111101000 B
b1101000000011101 C
b1101010100011100 @
b110001100101111 A
b1010100110001011100001000110 E
b10001101100100110001000000000 F
b11100101110110100100100110100000 D
b11111000110100111111111111100000 G
b1001000000 #
b1001000000 H
b10110111110100 "
b10110111110100 I
b110100011001101 +
b110100011001101 8
b1110011010000100 ,
b1110011010000100 9
b1111010001101100 )
b1111010001101100 6
b1111100001100000 *
b1111100001100000 7
r0.345703125 X
r0.48870849609375 Y
r-0.12530517578125 V
r0.730560302734375 W
b100000011 2
b111 5
b100000011 4
r1.47111713886261e-05 R
r9.90740954875946e-06 S
r-0.0499267578125 P
r-0.3314208984375 Q
b100 1
b11 3
r-0.04991204664111137 T
r-0.3314308058470488 U
1-
#2750000
0-
#2755000
b10010110101011111101111000100 J
b111110010000111111001011011110011 K
b10010110101011011101111000100 L
b111110010000111110101011011110011 M
b11100010010110 #
b11100010010110 H
b10010111110011 "
b10010111110011 I
b1000000001011110010000101100 E
b1010110011111101011110011000 F
b11111011010100110001010101100000 D
b11101101011100100110110001010011 G
b110100011001101 B
b1110011010000100 C
b1111010001101100 @
b1111100001100000 A
b10110001000000 +
b10110001000000 8
b11111010001110 ,
b11111010001110 9
b1110111111110110 )
b1110111111110110 6
b101110110000011 *
b101110110000011 7
r-0.838836669921875 X
r-0.973724365234375 Y
r0.5911865234375 V
r-0.375335693359375 W
b100000100 2
b1000 5
b100000100 4
r6.015412509441376e-06 R
r7.821246981620789e-06 S
r0.017578125 P
r0.3590087890625 Q
b100 1
b100 3
r0.01757210958749056 T
r0.3590009678155184 U
1-
#2760000
0-
#2765000
b111111110000010000011010010010000 J
b101011111111111011100000100 K
b111111110000001111111010010010000 L
b101011111111011011100000100 M
b10110001000000 B
b11111010001110 C
b1110111111110110 @
b101110110000011 A
b1001001110000111110110000 E
b11111100111000001110010011100000 F
b11111011010000101001101001111100 D
b110000100101000110000000 G
b10010110101011 #
b10010110101011 H
b1110010000111111 "
b1110010000111111 I
b1001010010100001 +
b1001010010100001 8
b1000001101011101 ,
b1000001101011101 9
b100101110101100 )
b100101110101100 6
b1100111111110101 *
b1100111111110101 7
r0.302947998046875 X
r-0.63555908203125 Y
r-0.15869140625 V
r0.767913818359375 W
b100000101 2
b1001 5
b100000101 4
r6.264075636863708e-06 R
r1.293420791625977e-05 S
r0.44207763671875 P
r0.296478271484375 Q
b100 1
b101 3
r0.4420839007943869 T
r0.2964912056922913 U
1-
#2770000
0-
#2775000
b1100001111101101001100110100 J
b11001100111111001001100101010 K
b1100001111101001001100110100 L
b11001100111110101001100101010 M
b1111110000010000 #
b1111110000010000 H
b101011111111 "
b101011111111 I
b11111100000101001010111001110100 E
b10000001010011110010011000000 F
b11111101001110100100010110000000 D
b10110110110011001100010101010 G
b1001010010100001 B
b1000001101011101 C
b100101110101100 @
b1100111111110101 A
b10011011000111 +
b10011011000111 8
b1010111010100110 ,
b1010111010100110 9
b1110101110110000 )
b1110101110110000 6
b110001001001011 *
b110001001001011 7
r0.7254638671875 X
r-0.695220947265625 Y
r-0.50128173828125 V
r0.451141357421875 W
b100000110 2
b1010 5
b100000110 4
r1.424923539161682e-05 R
r9.787268936634064e-06 S
r0.294281005859375 P
r-0.216827392578125 Q
b100 1
b110 3
r0.2942952550947666 T
r-0.2168371798470616 U
1-
#2780000
0-
#2785000
b111101111010011110010111010010001 J
b110111001000010010001111010101 K
b111101111010011101110111010010001 L
b110111001000001110001111010101 M
b10011011000111 B
b1010111010100110 C
b1110101110110000 @
b110001001001011 A
b11011011001010001000000101111100 E
b10100001001100110110100010101 F
b11100000010000110000011100101100 D
b10111011000111110101100000001 G
b1100001111101 #
b1100001111101 H
b11001100111111 "
b11001100111111 I
b101110011011100 +
b101110011011100 8
b1010011100000011 ,
b1010011100000011 9
b1011111111010110 )
b1011111111010110 6
b11100110111111 *
b11100110111111 7
r0.195159912109375 X
r0.507659912109375 Y
r-0.77471923828125 V
r-0.122161865234375 W
b100000111 2
b1011 5
b100000111 4
r2.726912498474121e-06 R
r1.31167471408844e-05 S
r-0.03076171875 P
r0.085906982421875 Q
b100 1
b111 3
r-0.03076444566249847 T
r0.08592009916901588 U
1-
#2790000
0-
#2795000
b10101010110000011111001101101 J
b111100011110101111010000011010010 K
b10101010101111111111001101101 L
b111100011110101110110000011010010 M
b1101111010011110 #
b1101111010011110 H
b110111001000010 "
b110111001000010 I
b110011101000111010000100000 E
b1110111000111000101001001101 F
b11111100111011000101010111010000 D
b11100000110000111011011010100010 G
b101110011011100 B
b1010011100000011 C
b1011111111010110 @
b11100110111111 A
b1100011111011 +
b1100011111011 8
b100000011111011 ,
b100000011111011 9
b1001110011010110 )
b1001110011010110 6
b1111000001011101 *
b1111000001011101 7
r-0.94110107421875 X
r-0.63427734375 Y
r0.994720458984375 V
r0.561859130859375 W
b100001000 2
b1100 5
b100001000 4
r4.578381776809692e-06 R
r1.068972051143646e-05 S
r0.191314697265625 P
r0.400360107421875 Q
b100 1
b1000 3
r0.1913192756474018 T
r0.4003494177013636 U
1-
#2800000
0-
#2805000
b101011010000000101110110100110 J
b11001100111100001001010101 K
b101011010000000001110110100110 L
b11001100111000001001010101 M
b1100011111011 B
b100000011111011 C
b1001110011010110 @
b1111000001011101 A
b10110010011011101100110000010 E
b10100111100100100010000100100 F
b11101000101110011100001111101000 D
b11101011111011010100011000111101 G
b10101010110000 #
b10101010110000 H
b1100011110101111 "
b1100011110101111 I
b1000011110001010 +
b1000011110001010 8
b1010111011010000 ,
b1010111011010000 9
b111111101010011 )
b111111101010011 6
b100011111101011 *
b100011111101011 7
r-0.395782470703125 X
r0.336334228515625 Y
r0.41058349609375 V
r0.200042724609375 W
b100001001 2
b1101 5
b100001001 4
r4.156492650508881e-06 R
r6.715767085552216e-06 S
r-0.26080322265625 P
r0.86138916015625 Q
b100 1
b1001 3
r-0.2608073791489005 T
r0.8613824443891644 U
1-
#2810000
0-
#2815000
b111100101010011011110100100000001 J
b101101101010101010101011101 K
b111100101010011011010100100000001 L
b101101101010001010101011101 M
b101011010000000 #
b101011010000000 H
b11001100111 "
b11001100111 I
b11100110110101000100010111010010 E
b11111110011110010110001100101111 F
b11110110010100101101010111010010 D
b11111100000001111110101100101111 G
b1000011110001010 B
b1010111011010000 C
b111111101010011 @
b100011111101011 A
b1100110101010111 +
b1100110101010111 8
b10101100001101 ,
b10101100001101 9
b11010010001110 )
b11010010001110 6
b1100110011011 *
b1100110011011 7
r-0.769927978515625 X
r0.826568603515625 Y
r0.288360595703125 V
r0.36285400390625 W
b100001010 2
b1110 5
b100001010 4
r3.753229975700378e-07 R
r7.43381679058075e-06 S
r0.33349609375 P
r-0.439971923828125 Q
b100 1
b1010 3
r0.3334957184270024 T
r-0.4399793576449156 U
1-
#2820000
0-
#2825000
b110110101110001111100111100011110 J
b100101000110110000000100110010 K
b110110101110001111000111100011110 L
b100101000110101100000100110010 M
b1100110101010111 B
b10101100001101 C
b11010010001110 @
b1100110011011 A
b11010111100111101101110101110000 E
b11011110001010001011000110101110 F
b11000100000101100110011110111110 D
b11101001001100010010100011110000 G
b1100101010011011 #
b1100101010011011 H
b101101101010 "
b101101101010 I
b1001110101110011 +
b1001110101110011 8
b110100111001101 ,
b110100111001101 9
b10010011101001 )
b10010011101001 6
b10111001110010 *
b10111001110010 7
r-0.85302734375 X
r0.224945068359375 Y
r-0.5303955078125 V
r0.8472900390625 W
b100001011 2
b1111 5
b100001011 4
r7.068738341331482e-06 R
r5.559995770454407e-07 S
r0.67578125 P
r0.050018310546875 Q
b100 1
b1011 3
r0.6757883187383413 T
r0.05001886654645205 U
1-
#2830000
0-
#2835000
b11110001011001011111100011 J
b1110101101010000001110011101 K
b11110001010101011111100011 L
b1110101101001100001110011101 M
b1000000000000000 #
b1000000000000000 H
b100101000110110 "
b100101000110110 I
b1000110101101000010100110110 E
b11111010111011101101001010101101 F
b11110101100110011001001001000010 D
b100010011100101010111011111 G
b1001110101110011 B
b110100111001101 C
b10010011101001 @
b10111001110010 A
b1001001011010000 +
b1001001011010000 8
b1110011001011 ,
b1110011001011 9
b1011110000011100 )
b1011110000011100 6
b110110001110100 *
b110110001110100 7
r-0.174957275390625 X
r-0.8267822265625 Y
r-0.662384033203125 V
r-0.96417236328125 W
b100001100 2
b10000 5
b100001100 4
r9.776093065738678e-06 R
r5.093403160572052e-06 S
r-0.417144775390625 P
r0.08917236328125 Q
b100 1
b1100 3
r-0.4171349992975593 T
r0.08917745668441057 U
1-
#2840000
0-
#2845000
b111111101011000000010011011001011 J
b100001011001111011100110011111 K
b111111101010111111110011011001011 L
b100001011001110111100110011111 M
b1001001011010000 B
b1110011001011 C
b1011110000011100 @
b110110001110100 A
b1111010000010001111110010101 E
b11101110000111101100011100110110 F
b11110001110010100111100110101011 D
b10011001100011111001101001010 G
b11110001011 #
b11110001011 H
b1110101101010 "
b1110101101010 I
b1110100110011011 +
b1110100110011011 8
b1001011000101100 ,
b1001011000101100 9
b1010101100110111 )
b1010101100110111 6
b1000010010010110 *
b1000010010010110 7
r-0.091064453125 X
r0.672271728515625 Y
r0.002838134765625 V
r0.104583740234375 W
b100001101 2
b10001 5
b100001101 4
r0 R
r1.497380435466766e-05 S
r-1 P
r0.57977294921875 Q
b100 1
b1101 3
r-1 T
r0.5797579754143953 U
1-
#2850000
0-
#2855000
b111001010000110111100000001110100 J
b111101111001111100010000100111100 K
b111001010000110111000000001110100 L
b111101111001111011110000100111100 M
b1111101011000000 #
b1111101011000000 H
b100001011001111 "
b100001011001111 I
b11111000010111010011101000110100 E
b11010001101111100100011001000000 F
b11100111101001100111011000000 D
b1100001100101010111111111100 G
b1110100110011011 B
b1001011000101100 C
b1010101100110111 @
b1000010010010110 A
b1111010001011000 +
b1111010001011000 8
b101011000001101 ,
b101011000001101 9
b1011101 )
b1011101 6
b110101100011 *
b110101100011 7
r0.818389892578125 X
r0.115631103515625 Y
r-0.3731689453125 V
r-0.57489013671875 W
b100001110 2
b10010 5
b100001110 4
r9.563751518726349e-06 R
r1.439731568098068e-05 S
r0.058929443359375 P
r0.22979736328125 Q
b100 1
b1110 3
r0.05891987960785627 T
r0.229782965965569 U
1-
#2860000
0-
#2865000
b101101110110001011010001000110 J
b101011100110100011010001111011 K
b101101110110000111010001000110 L
b101011100110011111010001111011 M
b1111010001011000 B
b101011000001101 C
b1011101 @
b110101100011 A
b100011000011001010011101110100 E
b1010110010111100110011010010 F
b111011010101011100101001101 D
b110011000001001010110111001000 G
b1001010000110111 #
b1001010000110111 H
b1101111001111100 "
b1101111001111100 I
b110100011000001 +
b110100011000001 8
b111011001101 ,
b111011001101 9
b1101000000111100 )
b1101000000111100 6
b1011011001101010 *
b1011011001101010 7
r0.752838134765625 X
r0.844512939453125 Y
r-0.146087646484375 V
r0.003326416015625 W
b100001111 2
b10011 5
b100001111 4
r6.009824573993683e-06 R
r1.520849764347076e-06 S
r-0.041015625 P
r0.521942138671875 Q
b100 1
b1111 3
r-0.04102163482457399 T
r0.5219406178221107 U
1-
#2870000
0-
#2875000
b111111111100000110111100011000001 J
b100100001000110110000001111 K
b111111111100000110011100011000001 L
b100100001000010110000001111 M
b101101110110001 #
b101101110110001 H
b101011100110100 "
b101011100110100 I
b111110100001010111001 E
b11111111011000111111011000001000 F
b11111111111110111100001111111000 D
b100011111111111000000000111 G
b110100011000001 B
b111011001101 C
b1101000000111100 @
b1011011001101010 A
b110000001011101 +
b110000001011101 8
b110110000011001 ,
b110110000011001 9
b1110110101001101 )
b1110110101001101 6
b1101101 *
b1101101 7
r-0.680633544921875 X
r-0.681793212890625 Y
r-0.181182861328125 V
r-0.700897216796875 W
b100010000 2
b10100 5
b100010000 4
r1.080334186553955e-07 R
r7.335096597671509e-06 S
r-0.842071533203125 P
r-0.2618408203125 Q
b100 1
b10000 3
r-0.8420714251697063 T
r-0.2618481554090977 U
1-
#2880000
0-
#2885000
b111011111001000001101110111110110 J
b1111010010101100000110100110 K
b111011111001000001001110111110110 L
b1111010010101000000110100110 M
b110000001011101 B
b110110000011001 C
b1110110101001101 @
b1101101 A
b11111101001111010000100000001100 E
b11100001111000111001010111101010 F
b11101100011101000101110100111100 D
b11111011101111101101111011100010 G
b1111111100000110 #
b1111111100000110 H
b100100001000 "
b100100001000 I
b1010100011100001 +
b1010100011100001 8
b1010100010111011 ,
b1010100010111011 9
b1110100011001111 )
b1110100011001111 6
b1010011001001001 *
b1010011001001001 7
r-0.497772216796875 X
r-0.506805419921875 Y
r0.699310302734375 V
r-0.7293701171875 W
b100010001 2
b10101 5
b100010001 4
r2.795830368995667e-06 R
r2.746470272541046e-06 S
r0.716339111328125 P
r0.6812744140625 Q
b100 1
b10001 3
r0.716336315497756 T
r0.6812716675922275 U
1-
#2890000
0-
#2895000
b111111000010000111111000000011110 J
b111001110000011000110101100 K
b111111000010000111011000000011110 L
b111001101111111000110101100 M
b1011111001000001 #
b1011111001000001 H
b1111010010101 "
b1111010010101 I
b11111000000110101010100010000101 E
b1010010000011110011001 F
b11111000111101100001010011111001 D
b1011100000011010100101 G
b1010100011100001 B
b1010100010111011 C
b1110100011001111 @
b1010011001001001 A
b1100000001001001 +
b1100000001001001 8
b1011111100100001 ,
b1011111100100001 9
b101100110000011 )
b101100110000011 6
b1010001010100100 *
b1010001010100100 7
r-0.8070068359375 X
r-0.494720458984375 Y
r0.28240966796875 V
r0.987152099609375 W
b100010010 2
b10110 5
b100010010 4
r1.353118568658829e-05 R
r1.050438731908798e-05 S
r-0.00762939453125 P
r0.070556640625 Q
b100 1
b10010 3
r-0.007615863345563412 T
r0.07056714501231909 U
1-
#2900000
0-
#2905000
b100110011100000011010101011110 J
b10110101100010010100101100100 K
b100110011011111111010101011110 L
b10110101100001110100101100100 M
b1100000001001001 B
b1011111100100001 C
b101100110000011 @
b1010001010100100 A
b111111001111110011100110101 E
b11110100010000000111000101001 F
b111111001000111010111101111 D
b11110100101010101111101010011 G
b1111000010000111 #
b1111000010000111 H
b111001110000 "
b111001110000 I
b1001100010110100 +
b1001100010110100 8
b1100000010101101 ,
b1100000010101101 9
b10010000100110 )
b10010000100110 6
b111111001011011 *
b111111001011011 7
r6.103515625e-05 X
r-0.751922607421875 Y
r0.513214111328125 V
r0.653564453125 W
b100010011 2
b10111 5
b100010011 4
r7.14324414730072e-06 R
r3.930181264877319e-07 S
r-0.513641357421875 P
r0.238922119140625 Q
b100 1
b10011 3
r-0.5136342141777277 T
r0.2389225121587515 U
1-
#2910000
0-
#2915000
b100011011110011110100111 J
b101101111011111100110011001001 K
b100011011010011110100111 L
b101101111011111000110011001001 M
b100110011100000 #
b100110011100000 H
b10110101100010 "
b10110101100010 I
b11101001010100010100011011100011 E
b10111001111000110000011000100 F
b11101001101110001100011001011011 D
b10111101010000101001100100100 G
b1001100010110100 B
b1100000010101101 C
b10010000100110 @
b111111001011011 A
b10 +
b10 8
b1001111111000001 ,
b1001111111000001 9
b100000110110001 )
b100000110110001 6
b101001110101000 *
b101001110101000 7
r0.556060791015625 X
r0.941619873046875 Y
r0.49468994140625 V
r-0.608734130859375 W
b100010100 2
b11000 5
b100010100 4
r1.147203147411346e-05 R
r3.416091203689575e-06 S
r-0.120880126953125 P
r0.11279296875 Q
b100 1
b10100 3
r-0.1208686549216509 T
r0.1127895526587963 U
1-
#2920000
0-
#2925000
b111000100000100110000110110101010 J
b111101111010101001110100011000111 K
b111000100000100101100110110101010 L
b111101111010101001010100011000111 M
b10 B
b1001111111000001 C
b100000110110001 @
b101001110101000 A
b11110111000011101110110110101110 E
b11001101000000111101111111111100 F
b11110001011010011111101010111000 D
b11100000101111101010001101111111 G
b100011011 #
b100011011 H
b101101111011111 "
b101101111011111 I
b100011100101101 +
b100011100101101 8
b111100010000111 ,
b111100010000111 9
b11111101010010 )
b11111101010010 6
b1011001000010101 *
b1011001000010101 7
r-0.957733154296875 X
r0.285247802734375 Y
r0.907470703125 V
r0.618255615234375 W
b100010101 2
b11001 5
b100010101 4
r2.535060048103333e-06 R
r5.39049506187439e-06 S
r0.6005859375 P
r0.35455322265625 Q
b100 1
b10101 3
r0.6005834024399519 T
r0.3545478321611881 U
1-
#2930000
0-
#2935000
b111100111010011100101110011000001 J
b111100000100011000010011001000110 K
b111100111010011100001110011000001 L
b111100000100010111110011001000110 M
b1000100000100110 #
b1000100000100110 H
b1101111010101001 "
b1101111010101001 I
b11100111010011010111010101110001 E
b1010011101010000 F
b1000001101100010 D
b11100000100011000110100110101000 G
b100011100101101 B
b111100010000111 C
b11111101010010 @
b1011001000010101 A
b1000010101101001 +
b1000010101101001 8
b10010010000011 ,
b10010010000011 9
b111010000101000 )
b111010000101000 6
b100111100100011 *
b100111100100011 7
r-0.851654052734375 X
r-0.712127685546875 Y
r-0.681671142578125 V
r0.372802734375 W
b100010110 2
b11010 5
b100010110 4
r9.453855454921722e-06 R
r3.048218786716461e-06 S
r0.008636474609375 P
r0.717742919921875 Q
b100 1
b10110 3
r0.008645928464829922 T
r0.7177459681406617 U
1-
#2940000
0-
#2945000
b1000001001100011010011101111 J
b111001001101101100010000110101001 K
b1000001001011111010011101111 L
b111001001101101011110000110101001 M
b1000010101101001 B
b10010010000011 C
b111010000101000 @
b100111100100011 A
b11101110011111101010000111110 E
b11101010010101100010000010110001 F
b10001100110101101111101101010 D
b11011011010100001100000100010011 G
b1100111010011100 #
b1100111010011100 H
b1100000100011000 "
b1100000100011000 I
b1001001011111101 +
b1001001011111101 8
b1010010011011001 ,
b1010010011011001 9
b1010100010111111 )
b1010100010111111 6
b10111110111000 *
b10111110111000 7
r-0.813568115234375 X
r-0.629974365234375 Y
r-0.65380859375 V
r-0.57586669921875 W
b100010111 2
b11011 5
b100010111 4
r1.200102269649506e-05 R
r9.72207635641098e-06 S
r-0.93634033203125 P
r-0.260467529296875 Q
b100 1
b10111 3
r-0.9363523330539465 T
r-0.2604578072205186 U
1-
#2950000
0-
#2955000
b111101010101010111111010011010011 J
b1000010111010010011111010000001 K
b111101010101010111011010011010011 L
b1000010111010001111111010000001 M
b1000001001100 #
b1000001001100 H
b1001001101101100 "
b1001001101101100 I
b10000100100010001000001111000 E
b11011010000110101010010001011011 F
b11001000011000000110110001101000 D
b1011010010010110101011101001 G
b1001001011111101 B
b1010010011011001 C
b1010100010111111 @
b10111110111000 A
b1001011111011101 +
b1001011111011101 8
b1010111101011101 ,
b1010111101011101 9
b1010110001010000 )
b1010110001010000 6
b1011011001001010 *
b1011011001001010 7
r-0.42144775390625 X
r0.830963134765625 Y
r0.154022216796875 V
r-0.485870361328125 W
b100011000 2
b11100 5
b100011000 4
r6.855465471744537e-06 R
r6.133690476417542e-06 S
r-0.3858642578125 P
r-0.491455078125 Q
b100 1
b11000 3
r-0.3858574023470283 T
r-0.4914612118154764 U
1-
#2960000
0-
#2965000
b1010101111111011111010111111 J
b111001001110110101110000000110101 K
b1010101111110111111010111111 L
b111001001110110101010000000110101 M
b1001011111011101 B
b1010111101011101 C
b1010110001010000 @
b1011011001001010 A
b11111000100010110010111100111 E
b11101011101011100001100011011000 F
b100101001001111011001011000011 D
b11101111000000100101001011111000 G
b1101010101010111 #
b1101010101010111 H
b111111111111111 "
b111111111111111 I
b1100101000001110 +
b1100101000001110 8
b110101001011101 ,
b110101001011101 9
b1001110110111 )
b1001110110111 6
b1100000111001111 *
b1100000111001111 7
r-0.564697265625 X
r0.27490234375 Y
r0.23590087890625 V
r-0.426727294921875 W
b100011001 2
b11101 5
b100011001 4
r2.638436853885651e-06 R
r7.233582437038422e-06 S
r0.1273193359375 P
r-0.8482666015625 Q
b100 1
b11001 3
r0.1273166975006461 T
r-0.848273835144937 U
1-
#2970000
0-
#2975000
b111000010110001000110011110010 J
b111110101001011010001110111010010 K
b111000010110000100110011110010 L
b111110101001011001101110111010010 M
b1010101111111 #
b1010101111111 H
b1001001110110101 "
b1001001110110101 I
b11010010111000100100100010000 E
b11101111111000000001111100010 F
b100010000010101111000100010000 D
b10111001101111100111011100010 G
b1100101000001110 B
b110101001011101 C
b1001110110111 @
b1100000111001111 A
b1011011110111000 +
b1011011110111000 8
b10001100110000 ,
b10001100110000 9
b1111000110010 )
b1111000110010 6
b1100100101100001 *
b1100100101100001 7
r0.445587158203125 X
r-0.9102783203125 Y
r0.96771240234375 V
r-0.744537353515625 W
b100011010 2
b11110 5
b100011010 4
r1.259427517652512e-05 R
r0 S
r-0.333282470703125 P
r0.999969482421875 Q
b100 1
b11010 3
r-0.3332698764279485 T
r0.999969482421875 U
1-
#2980000
0-
#2985000
b10101010011000001111011001101 J
b111101010010100001110010000110001 K
b10101010010111101111011001101 L
b111101010010100001010010000110001 M
b1011011110111000 B
b10001100110000 C
b1111000110010 @
b1100100101100001 A
b1000001100001110111101111011 E
b1101000110101110111101010010 F
b11111011110110000111101000000010 D
b11100110001010010001111000110011 G
b111000010110001 #
b111000010110001 H
b1110101001011010 "
b1110101001011010 I
b11100100001001 +
b11100100001001 8
b1000101101111100 ,
b1000101101111100 9
b111101111011110 )
b111101111011110 6
b1010000010110011 *
b1010000010110011 7
r-0.20465087890625 X
r-0.427459716796875 Y
r0.89013671875 V
r0.63446044921875 W
b100011011 2
b11111 5
b100011011 4
r2.989545464515686e-07 R
r7.67875462770462e-06 S
r0.167938232421875 P
r-0.846038818359375 Q
b100 1
b11011 3
r0.1679379334673285 T
r-0.8460311396047473 U
1-
#2990000
0-
#2995000
b10011100100101101010000011000 J
b1000001001101001101000000 K
b10011100100101001010000011000 L
b1000001001001001101000000 M
b10101010011000 #
b10101010011000 H
b1101010010100001 "
b1101010010100001 I
b100001001100111111101100000 E
b1111011011000001010010111000 F
b11110111011110010111000111110000 D
b11111000011111100000010100110000 G
b11100100001001 B
b1000101101111100 C
b111101111011110 @
b1010000010110011 A
b1110010111001110 +
b1110010111001110 8
b1100100101001001 ,
b1100100101001001 9
b111000111110000 )
b111000111110000 6
b101000100110110 *
b101000100110110 7
r-0.665496826171875 X
r0.795166015625 Y
r-0.8070068359375 V
r0.406524658203125 W
b100011100 2
b100000 5
b100011100 4
r1.21723860502243e-05 R
r8.149072527885437e-06 S
r0.880401611328125 P
r-0.16912841796875 Q
b100 1
b11100 3
r0.8803894389420748 T
r-0.1691365670412779 U
1-
#3000000
0-
#3005000
b110110010011001000100101011010011 J
b1111110001110111111011100110 K
b110110010011001000000101011010011 L
b1111110001110011111011100110 M
b1110010111001110 B
b1100100101001001 C
b111000111110000 @
b101000100110110 A
b11000111100111111000100110001000 E
b11101010110001001000000101001011 F
b11011100110001100100011001110 D
b101011011000000000011110110100 G
b10011100100101 #
b10011100100101 H
b1000001001 "
b1000001001 I
b1010101011010001 +
b1010101011010001 8
b110010111001000 ,
b110010111001000 9
b1001100010110100 )
b1001100010110100 6
b11010000001001 *
b11010000001001 7
r-0.289459228515625 X
r-0.196258544921875 Y
r0.369415283203125 V
r0.442474365234375 W
b100011101 2
b100001 5
b100011101 4
r7.915310561656952e-06 R
r8.628703653812408e-06 S
r0.332763671875 P
r-0.338836669921875 Q
b100 1
b11101 3
r0.3327557565644383 T
r-0.3388280412182212 U
1-
#3010000
0-
#3015000
b111011111010101101101010011100100 J
b111111010010011010110111101000110 K
b111011111010101101001010011100100 L
b111111010010011010010111101000110 M
b1000000000000000 #
b1000000000000000 H
b1111110001110 "
b1111110001110 I
b11100111101001011110110101110000 E
b11110111101100001010011101110100 F
b11110100010101110101111100100000 D
b11101110101001001000111001100110 G
b1010101011010001 B
b110010111001000 C
b1001100010110100 @
b11010000001001 A
b1101101011110011 +
b1101101011110011 8
b1110011011100001 ,
b1110011011100001 9
b10111101001001 )
b10111101001001 6
b11100010100011 *
b11100010100011 7
r-0.312286376953125 X
r-0.75390625 Y
r-0.491455078125 V
r0.033233642578125 W
b100011110 2
b100010 5
b100011110 4
r4.790723323822021e-06 R
r4.589557647705078e-06 S
r0.305816650390625 P
r0.015899658203125 Q
b100 1
b11110 3
r0.3058214411139488 T
r0.01590424776077271 U
1-
#3020000
0-
#3025000
b111000101100111100000010111111001 J
b111110010010100010100000100010100 K
b111000101100111011100010111111001 L
b111110010010100010000000100010100 M
b1101101011110011 B
b1110011011100001 C
b10111101001001 @
b11100010100011 A
b11010110111011100101000010100000 E
b11101110101011110111010101011001 F
b100010010111110011001011110100 D
b10100101100000011010000001000 G
b1011111010101101 #
b1011111010101101 H
b1111010010011010 "
b1111010010011010 I
b1101100000000111 +
b1101100000000111 8
b1001111110000000 ,
b1001111110000000 9
b1100000100011000 )
b1100000100011000 6
b10001000001 *
b10001000001 7
r0.370697021484375 X
r0.020477294921875 Y
r-0.803955078125 V
r0.67230224609375 W
b100011111 2
b100011 5
b100011111 4
r0 R
r1.499615609645844e-05 S
r-1 P
r0.24652099609375 Q
b100 1
b11111 3
r-1 T
r0.2465359922498465 U
1-
#3030000
0-
#3035000
b111110011001010011111010111100010 J
b1010010010110110011111000 K
b111110011001010011011010111100010 L
b1010010010010110011111000 M
b1000101100111100 #
b1000101100111100 H
b1110010010100010 "
b1110010010100010 I
b11111011010111000010010100101001 E
b11110111110011011001000010111001 F
b11111001001010000000110001001011 D
b11111010011100010011100101000011 G
b1101100000000111 B
b1001111110000000 C
b1100000100011000 @
b10001000001 A
b10111101110011 +
b10111101110011 8
b1010011111 ,
b1010011111 9
b1001100100011000 )
b1001100100011000 6
b101011000001110 *
b101011000001110 7
r-0.449005126953125 X
r-0.960418701171875 Y
r0.49029541015625 V
r-0.28057861328125 W
b100100000 2
b100100 5
b100100000 4
r4.980713129043579e-06 R
r1.127086579799652e-05 S
r-0.510345458984375 P
r-0.08905029296875 Q
b100 1
b100000 3
r-0.510340478271246 T
r-0.089039022102952 U
1-
#3040000
0-
#3045000
b10111000011001010100111000111 J
b111110100100100110011011111011000 K
b10111000011000110100111000111 L
b111110100100100101111011111011000 M
b10111101110011 B
b1010011111 C
b1001100100011000 @
b101011000001110 A
b10111101101100111010000000000 E
b11111111010101011111010111000111 F
b1001110100101000011110101000 D
b11111110011001010111111110000000 G
b1110011001010011 #
b1110011001010011 H
b1010010010 "
b1010010010 I
b1100011010000111 +
b1100011010000111 8
b1000010100010001 ,
b1000010100010001 9
b11111011000010 )
b11111011000010 6
b1101110000010110 *
b1101110000010110 7
r0.89532470703125 X
r-0.29632568359375 Y
r-0.056060791015625 V
r0.788421630859375 W
b100100001 2
b100101 5
b100100001 4
r1.383479684591293e-05 R
r2.570450305938721e-07 S
r-0.9122314453125 P
r-0.21380615234375 Q
b100 1
b100001 3
r-0.9122452801093459 T
r-0.2138058952987194 U
1-
#3050000
0-
#3055000
b1110111001011100000000110010 J
b10011111101001010000011101010 K
b1110111001011000000000110010 L
b10011111101000110000011101010 M
b10111000011001 #
b10111000011001 H
b1110100100100110 "
b1110100100100110 I
b11111110111100100100010111101000 E
b1111111100110011101001001010 F
b11101100111011010010110111001000 D
b111000011000111010110010 G
b1100011010000111 B
b1000010100010001 C
b11111011000010 @
b1101110000010110 A
b111001010011010 +
b111001010011010 8
b1101101000010010 ,
b1101101000010010 9
b1111100011010011 )
b1111100011010011 6
b110010011101011 *
b110010011101011 7
r0.194580078125 X
r0.176300048828125 Y
r0.13885498046875 V
r0.203704833984375 W
b100100010 2
b100110 5
b100100010 4
r1.284666359424591e-05 R
r1.072138547897339e-05 S
r-0.200592041015625 P
r0.02008056640625 Q
b100 1
b100010 3
r-0.2005791943520308 T
r0.02009128779172897 U
1-
#3060000
0-
#3065000
b111101001111011010100100001111100 J
b11111010101100010011100101000 K
b111101001111011010000100001111100 L
b11111010101011110011100101000 M
b111001010011010 B
b1101101000010010 C
b1111100011010011 @
b110010011101011 A
b11100001110111001111010011100010 E
b1000000100000001001110011010 F
b11110001111010010010010001001110 D
b10001001111110000101101110110 G
b1110111001011 #
b1110111001011 H
b10011111101001 "
b10011111101001 I
b1100011101000 +
b1100011101000 8
b1011010010001 ,
b1011010010001 9
b1000111000110 )
b1000111000110 6
b1101000010011 *
b1101000010011 7
r0.3919677734375 X
r0.05645751953125 Y
r0.703582763671875 V
r0.36883544921875 W
b100100011 2
b100111 5
b100100011 4
r5.298294126987457e-06 R
r1.944601535797119e-06 S
r0.360137939453125 P
r-0.17852783203125 Q
b100 1
b100011 3
r0.360132641158998 T
r-0.1785297766327858 U
1-
#3070000
0-
#3075000
b101110001111011100100000110100 J
b111110100010000101101000110011000 K
b101110001111011000100000110100 L
b111110100010000101001000110011000 M
b1101001111011010 #
b1101001111011010 H
b11111010101100 "
b11111010101100 I
b1000100000010110011010110 E
b101101001011010101101101011110 F
b11111100110010011010010011101110 D
b11110001000011000011011010000110 G
b1100011101000 B
b1011010010001 C
b1000111000110 @
b1101000010011 A
b11001000101100 +
b11001000101100 8
b11100111010 ,
b11100111010 9
b101101000001111 )
b101101000001111 6
b10111100110110 *
b10111100110110 7
r0.60931396484375 X
r-0.4588623046875 Y
r0.28192138671875 V
r0.39093017578125 W
b100100100 2
b101000 5
b100100100 4
r4.656612873077393e-08 R
r7.411465048789978e-06 S
r0.232757568359375 P
r0.311798095703125 Q
b100 1
b100100 3
r0.2327576149255037 T
r0.3117906842380762 U
1-
#3080000
0-
#3085000
b100000110101011111001011110 J
b100100011111101101010011 K
b100000110100111111001011110 L
b100100011011101101010011 M
b11001000101100 B
b11100111010 C
b101101000001111 @
b10111100110110 A
b1100100010001010100100110 E
b10100010010110100100111000 F
b1101110101010101101110000 D
b10010011000110011011000011 G
b101110001111011 #
b101110001111011 H
b1110100010000101 "
b1110100010000101 I
b100110111111110 +
b100110111111110 8
b1100010101000100 ,
b1100010101000100 9
b10010000010110 )
b10010000010110 6
b11001000001010 *
b11001000001010 7
r-0.1099853515625 X
r0.671844482421875 Y
r-0.578369140625 V
r-0.195465087890625 W
b100100101 2
b101001 5
b100100101 4
r2.022832632064819e-06 R
r5.923211574554443e-06 S
r-0.34490966796875 P
r0.4896240234375 Q
b100 1
b100101 3
r-0.3449076451361179 T
r0.4896181002259254 U
1-
#3090000
0-
#3095000
b1011110010111011100110101110 J
b111101111101011110000001110101000 K
b1011110010110111100110101110 L
b111101111101011101100001110101000 M
b100000110101 #
b100000110101 H
b100100011 "
b100100011 I
b10100010101101000001100110 E
b1001010000001010100101001000 F
b10001101001100110100010010100 D
b1010101010010110000111100 G
b100110111111110 B
b1100010101000100 C
b10010000010110 @
b11001000001010 A
b1111000111101100 +
b1111000111101100 8
b101010111111111 ,
b101010111111111 9
b1011010111111000 )
b1011010111111000 6
b1110011011111011 *
b1110011011111011 7
r-0.122283935546875 X
r-0.24139404296875 Y
r-0.148468017578125 V
r0.739166259765625 W
b100100110 2
b101010 5
b100100110 4
r1.955777406692505e-06 R
r4.194676876068115e-06 S
r0.722503662109375 P
r-0.183441162109375 Q
b100 1
b100110 3
r0.7225056178867817 T
r-0.1834369674324989 U
1-
#3100000
0-
#3105000
b110111101110110101111000100 J
b111101001100001101101000011010100 K
b110111101110010101111000100 L
b111101001100001101001000011010100 M
b1111000111101100 B
b101010111111111 C
b1011010111111000 @
b1110011011111011 A
b11110111101110001000001111011000 E
b1111001111101010011111101100 F
b1010111111100110101111010100 D
b11110100100001001111110010101000 G
b1011110010111 #
b1011110010111 H
b1101111101011110 "
b1101111101011110 I
b1111000001011001 +
b1111000001011001 8
b1110000100011010 ,
b1110000100011010 9
b1110110011111111 )
b1110110011111111 6
b101111010011101 *
b101111010011101 7
r0.149169921875 X
r-0.42413330078125 Y
r-0.8839111328125 V
r-0.626434326171875 W
b100100111 2
b101011 5
b100100111 4
r3.8929283618927e-07 R
r1.414399594068527e-05 S
r0.064117431640625 P
r0.008880615234375 Q
b100 1
b100111 3
r0.06411704234778881 T
r0.008894759230315685 U
1-
#3110000
0-
#3115000
b111101000100000100001010001101100 J
b111110011100001100111001001100101 K
b111101000100000011101010001101100 L
b111110011100001100011001001100101 M
b110111101110 #
b110111101110 H
b1101001100001101 "
b1101001100001101 I
b11100111001000011001101000001000 E
b1011000000011101001100100 F
b100000100100011100010100000 D
b11110111100110000110101100000101 G
b1111000001011001 B
b1110000100011010 C
b1110110011111111 @
b101111010011101 A
b1001100011000 +
b1001100011000 8
b1100100110110110 ,
b1100100110110110 9
b1000111011011100 )
b1000111011011100 6
b1010111111010001 *
b1010111111010001 7
r-0.579925537109375 X
r-0.576751708984375 Y
r-0.963623046875 V
r-0.978790283203125 W
b100101000 2
b101100 5
b100101000 4
r1.506879925727844e-06 R
r1.438707113265991e-05 S
r0.184295654296875 P
r-0.25494384765625 Q
b100 1
b101000 3
r0.1842941474169493 T
r-0.2549582347273827 U
1-
#3120000
0-
#3125000
b111111100100000101000010101111011 J
b111110011011010110110010001001011 K
b111111100100000100100010101111011 L
b111110011011010110010010001001011 M
b1001100011000 B
b1100100110110110 C
b1000111011011100 @
b1010111111010001 A
b10010010110011000011100110 E
b11111010001101110001010010010101 F
b1001010010111010010100111 D
b11110100100101001001100011110010 G
b1101000100000100 #
b1101000100000100 H
b1110011100001100 "
b1110011100001100 I
b1011010111000101 +
b1011010111000101 8
b1011011000101101 ,
b1011011000101101 9
b1000010010101000 )
b1000010010101000 6
b1000001010110111 *
b1000001010110111 7
r-0.656982421875 X
r0.645538330078125 Y
r-0.034210205078125 V
r0.690185546875 W
b100101001 2
b101101 5
b100101001 4
r1.043453812599182e-05 R
r4.012137651443481e-06 S
r0.10882568359375 P
r-0.351165771484375 Q
b100 1
b101001 3
r0.108836118131876 T
r-0.3511617593467236 U
1-
#3130000
0-
#3135000
b10010000000111000101100000000 J
b11001011100011001111011110110 K
b10010000000110100101100000000 L
b11001011100010101111011110110 M
b1111100100000101 #
b1111100100000101 H
b1110011011010110 "
b1110011011010110 I
b10111111111100100110001101000 E
b11111010000001001111111010011000 F
b11110111100011111011100010100000 D
b10001000000010001011110010110 G
b1011010111000101 B
b1011011000101101 C
b1000010010101000 @
b1000001010110111 A
b1010101111101000 +
b1010101111101000 8
b101001010100001 ,
b101001010100001 9
b1111101110011111 )
b1111101110011111 6
b101100001011000 *
b101100001011000 7
r-0.88446044921875 X
r0.705230712890625 Y
r0.309326171875 V
r0.461456298828125 W
b100101010 2
b101110 5
b100101010 4
r1.038983464241028e-05 R
r1.201499253511429e-05 S
r-0.3670654296875 P
r-0.1949462890625 Q
b100 1
b101010 3
r-0.3670758195221424 T
r-0.1949342740699649 U
1-
#3140000
0-
#3145000
b1000111111001011111101101011011 J
b10111010111011011100011 K
b1000111111001011011101101011011 L
b10111010011011011100011 M
b1010101111101000 B
b101001010100001 C
b1111101110011111 @
b101100001011000 A
b100011100100011100000110001000 E
b100100010100111111100111010011 F
b100011110000111101110101001000 D
b100100001000010001010000101011 G
b10010000000111 #
b10010000000111 H
b11001011100011 "
b11001011100011 I
b1000111011001010 +
b1000111011001010 8
b101101001000101 ,
b101101001000101 9
b10011110011000 )
b10011110011000 6
b11101100010001 *
b11101100010001 7
r0.6177978515625 X
r0.401763916015625 Y
r0.27557373046875 V
r0.529327392578125 W
b100101011 2
b101111 5
b100101011 4
r1.395214349031448e-05 R
r8.652918040752411e-06 S
r-0.054534912109375 P
r-0.19659423828125 Q
b100 1
b101011 3
r-0.05454886425286531 T
r-0.1965855853632092 U
1-
#3150000
0-
#3155000
b111100001100100010100010010111111 J
b11011000100111100001001000000 K
b111100001100100010000010010111111 L
b11011000100111000001001000000 M
b111111111111111 #
b111111111111111 H
b10111010 "
b10111010 I
b11111110100101100010110011111111 E
b11100010111110101101011111000000 F
b1011100000011110100011000 D
b11100100000111011111101011000 G
b1000111011001010 B
b101101001000101 C
b10011110011000 @
b11101100010001 A
b100111100010100 +
b100111100010100 8
b11001101101101 ,
b11001101101101 9
b10001101000110 )
b10001101000110 6
b100001111000001 *
b100001111000001 7
r-0.7017822265625 X
r0.33074951171875 Y
r0.329559326171875 V
r0.24755859375 W
b100101100 2
b110000 5
b100101100 4
r1.263618469238281e-05 R
r7.877126336097717e-06 S
r0.281463623046875 P
r0.397552490234375 Q
b100 1
b101100 3
r0.2814509868621826 T
r0.3975446131080389 U
1-
#3160000
0-
#3165000
b111110011110101110110010101100010 J
b100110010101101001011110100101 K
b111110011110101110010010101100010 L
b100110010101100101011110100101 M
b100111100010100 B
b11001101101101 C
b10001101000110 @
b100001111000001 A
b1101111101100001101111111000 E
b11100101111000010000100101101010 F
b11101110011111011000110111110000 D
b10100110100111110010110010101 G
b1100001100100010 #
b1100001100100010 H
b11011000100111 "
b11011000100111 I
b1010011000101100 +
b1010011000101100 8
b10101001010110 ,
b10101001010110 9
b10101000101111 )
b10101000101111 6
b1111110110000 *
b1111110110000 7
r-0.474212646484375 X
r0.1773681640625 Y
r0.315887451171875 V
r-0.9744873046875 W
b100101101 2
b110001 5
b100101101 4
r0 R
r1.308601349592209e-05 S
r0.999969482421875 P
r0.00567626953125 Q
b100 1
b101101 3
r0.999969482421875 T
r0.005689355544745922 U
1-
#3170000
0-
#3175000
b11100000001000001000011100010 J
b10101101110011000010110101 K
b11100000000111101000011100010 L
b10101101101111000010110101 M
b1110011110101110 #
b1110011110101110 H
b100110010101101 "
b100110010101101 I
b111000101011111011011001110 E
b10100111011011101101000010100 F
b1010111001010101101101111000 D
b1101100111000100110000101101 G
b1010011000101100 B
b10101001010110 C
b10101000101111 @
b1111110110000 A
b1100001101001101 +
b1100001101001101 8
b1011010110100 ,
b1011010110100 9
b10100001101111 )
b10100001101111 6
b1000001101000100 *
b1000001101000100 7
r0.62823486328125 X
r-0.06256103515625 Y
r0.72003173828125 V
r0.4171142578125 W
b100101110 2
b110010 5
b100101110 4
r1.131556928157806e-06 R
r5.364418029785156e-07 S
r-0.47552490234375 P
r0.423065185546875 Q
b100 1
b101110 3
r-0.4755237707868218 T
r0.423065721988678 U
1-
#3180000
0-
#3185000
b111111011110110111011010000001010 J
b10100000010110000101100001100 K
b111111011110110110111010000001010 L
b10100000010101100101100001100 M
b1100001101001101 B
b1011010110100 C
b10100001101111 @
b1000001101000100 A
b110111110011110000111001010 E
b11110100111000011001001001000000 F
b11110001001100101011101000010100 D
b101001111011000010100100000 G
b11100000001000 #
b11100000001000 H
b10101101110 "
b10101101110 I
b101000001101010 +
b101000001101010 8
b1111011111111110 ,
b1111011111111110 9
b101110000101010 )
b101110000101010 6
b11010101100100 *
b11010101100100 7
r-0.665985107421875 X
r-0.339996337890625 Y
r-0.9622802734375 V
r0.247344970703125 W
b100101111 2
b110011 5
b100101111 4
r8.912757039070129e-06 R
r9.621493518352509e-06 S
r-0.19000244140625 P
r0.599029541015625 Q
b100 1
b101111 3
r-0.1899935286492109 T
r0.5990199195221066 U
1-
#3190000
0-
#3195000
b100001001010010111111110000000 J
b111111110100001101010110101101101 K
b100001001010010011111110000000 L
b111111110100001100110110101101101 M
b1111011110110111 #
b1111011110110111 H
b10100000010110 "
b10100000010110 I
b11100101011111100000001100 E
b11101100100110100011101110100 F
b11110110011010011011011001100011 D
b11110100111100000010001111010000 G
b101000001101010 B
b1111011111111110 C
b101110000101010 @
b11010101100100 A
b1010101011000001 +
b1010101011000001 8
b1101010001111011 ,
b1101010001111011 9
b1000010011010100 )
b1000010011010100 6
b1111110101001 *
b1111110101001 7
r-0.162109375 X
r-0.19500732421875 Y
r-0.28021240234375 V
r-0.880584716796875 W
b100110000 2
b110100 5
b100110000 4
r1.12336128950119e-05 R
r3.646127879619598e-06 S
r0.437744140625 P
r0.04241943359375 Q
b100 1
b110000 3
r0.437732907012105 T
r0.04241578746587038 U
1-
#3200000
0-
#3205000
b1101111000111001001100010100 J
b111100001011000010110101111010100 K
b1101111000110101001100010100 L
b111100001011000010010101111010100 M
b1010101011000001 B
b1101010001111011 C
b1000010011010100 @
b1111110101001 A
b11111101000111011111011110101100 E
b10000110001010101101101101000 F
b11100111100110100100101100100 D
b11111110010101000111010100111000 G
b100001001010010 #
b100001001010010 H
b1111110100001101 "
b1111110100001101 I
b1110101101000000 +
b1110101101000000 8
b1110011100001010 ,
b1110011100001010 9
b1101110000100010 )
b1101110000100010 6
b1000111101001001 *
b1000111101001001 7
r0.20782470703125 X
r-0.189849853515625 Y
r-0.33746337890625 V
r-0.85345458984375 W
b100110001 2
b110101 5
b100110001 4
r2.851709723472595e-06 R
r1.262500882148743e-05 S
r-0.064727783203125 P
r0.31317138671875 Q
b100 1
b110001 3
r-0.06473063491284847 T
r0.3131587617099285 U
1-
#3210000
0-
#3215000
b1010011001011011101001000101 J
b111010001100110100111111001011111 K
b1010011001010111101001000101 L
b111010001100110100011111001011111 M
b1101111000111 #
b1101111000111 H
b1100001011000010 "
b1100001011000010 I
b10100111100000110000111011100 E
b11110101011101010001100001101001 F
b101001000000111110101111010100 D
b11111010100111100010101000110011 G
b1110101101000000 B
b1110011100001010 C
b1101110000100010 @
b1000111101001001 A
b1101010011010 +
b1101010011010 8
b1110011110110011 ,
b1110011110110011 9
b1101010011001110 )
b1101010011001110 6
b1001001011000010 *
b1001001011000010 7
r-0.647247314453125 X
r-0.03955078125 Y
r0.7113037109375 V
r0.252166748046875 W
b100110010 2
b110110 5
b100110010 4
r1.513957977294922e-05 R
r4.4284388422966e-06 S
r0.51812744140625 P
r-0.023040771484375 Q
b100 1
b110010 3
r0.5181425809860229 T
r-0.0230451999232173 U
1-
#3220000
0-
#3225000
b1100101000100101110010010100 J
b1000000101010111100101011010 K
b1100101000100001110010010100 L
b1000000101010011100101011010 M
b1101010011010 B
b1110011110110011 C
b1101010011001110 @
b1001001011000010 A
b11011111110100011101010100 E
b1001001000101101010101000000 F
b10111010000011111010000000 D
b1010111111010111011111011010 G
b1010011001011 #
b1010011001011 H
b1010001100110100 "
b1010001100110100 I
b1010110100100111 +
b1010110100100111 8
b1111101011110000 ,
b1111101011110000 9
b101101100001100 )
b101101100001100 6
b10000001000111 *
b10000001000111 7
r0.26947021484375 X
r-0.84588623046875 Y
r0.14691162109375 V
r0.882232666015625 W
b100110011 2
b110111 5
b100110011 4
r1.0710209608078e-05 R
r1.044943928718567e-05 S
r0.217010498046875 P
r-0.47845458984375 Q
b100 1
b110011 3
r0.2169997878372669 T
r-0.4784441404044628 U
1-
#3230000
0-
#3235000
b111111000101111111110101010111110 J
b1110110110111111101110111010 K
b111111000101111111010101010111110 L
b1110110110111011101110111010 M
b1100101000100 #
b1100101000100 H
b1000000101010 "
b1000000101010 I
b100000110011010111000001010 E
b11110100101001011111110010110100 F
b11111011100000101110111111101100 D
b1010010111101010101110100110 G
b1010110100100111 B
b1111101011110000 C
b101101100001100 @
b10000001000111 A
b10001001111110 +
b10001001111110 8
b1001001110111010 ,
b1001001110111010 9
b1001011001110 )
b1001011001110 6
b111000011101101 *
b111000011101101 7
r0.78765869140625 X
r0.6588134765625 Y
r-0.377197265625 V
r-0.5267333984375 W
b100110100 2
b111000 5
b100110100 4
r1.366250216960907e-06 R
r1.487042754888535e-05 S
r0.162445068359375 P
r-0.7249755859375 Q
b100 1
b110100 3
r0.162443702109158 T
r-0.7249607155099511 U
1-
#3240000
0-
#3245000
b111110011110000010011100100010001 J
b11100110100111101110110111100 K
b111110011110000001111100100010001 L
b11100110100111001110110111100 M
b10001001111110 B
b1001001110111010 C
b1001011001110 @
b111000011101101 A
b11111110001100110001001101000000 E
b11110101100011011110010111010001 F
b11100010100010001111101011010100 D
b11111111010111001001100010010000 G
b1111000101111111 #
b1111000101111111 H
b1110110110111 "
b1110110110111 I
b110010011010010 +
b110010011010010 8
b101010001010100 ,
b101010001010100 9
b1100111110111000 )
b1100111110111000 6
b1011110010010100 *
b1011110010010100 7
r0.531707763671875 X
r-0.548065185546875 Y
r0.522552490234375 V
r0.520172119140625 W
b100110101 2
b111001 5
b100110101 4
r6.813555955886841e-06 R
r1.367367804050446e-05 S
r0.1973876953125 P
r0.12628173828125 Q
b100 1
b110101 3
r0.1973945088684559 T
r0.1262954119592905 U
1-
#3250000
0-
#3255000
b111010000110100001001010010 J
b111001101101101001100010111001110 K
b111010000110000001001010010 L
b111001101101101001000010111001110 M
b1110011110000010 #
b1110011110000010 H
b11100110100111 "
b11100110100111 I
b11111000000010111111001110101100 E
b1111001101110000111010100110 F
b10100010001001110101100100 D
b11010000001111010010001100110010 G
b110010011010010 B
b101010001010100 C
b1100111110111000 @
b1011110010010100 A
b100010000001111 +
b100010000001111 8
b1011100111011001 ,
b1011100111011001 9
b100001011100011 )
b100001011100011 6
b100001010010101 *
b100001010010101 7
r0.317901611328125 X
r0.238433837890625 Y
r-0.7943115234375 V
r0.587371826171875 W
b100110110 2
b111010 5
b100110110 4
r1.019053161144257e-05 R
r1.423992216587067e-05 S
r-0.113311767578125 P
r0.232147216796875 Q
b100 1
b110110 3
r-0.1133015770465136 T
r0.2321614567190409 U
1-
#3260000
0-
#3265000
b111010101100010110100100111001000 J
b111111100110011100110101110100000 K
b111010101100010110000100111001000 L
b111111100110011100010101110100000 M
b100010000001111 B
b1011100111011001 C
b100001011100011 @
b100001010010101 A
b11110000000110001000100001100000 E
b11100101011100101000000101101000 F
b11101100111111000100010011110000 D
b11101001110010100111000010010000 G
b111010000110 #
b111010000110 H
b1001101101101001 "
b1001101101101001 I
b10100010110001 +
b10100010110001 8
b1111010000101 ,
b1111010000101 9
b1001101001010100 )
b1001101001010100 6
b100101100101111 *
b100101100101111 7
r-0.293670654296875 X
r0.740386962890625 Y
r-0.888885498046875 V
r-0.89306640625 W
b100110111 2
b111011 5
b100110111 4
r1.653097569942474e-06 R
r7.089227437973022e-06 S
r-0.19134521484375 P
r0.450408935546875 Q
b100 1
b110111 3
r-0.1913468679413199 T
r0.450416024774313 U
1-
#3270000
0-
#3275000
b111111111010111110111100000100110 J
b111011011111110010010011000000000 K
b111111111010111110011100000100110 L
b111011011111110001110011000000000 M
b1010101100010110 #
b1010101100010110 H
b1111100110011100 "
b1111100110011100 I
b11101101101010111011110101101011 E
b10001101100110111101010111011 F
b10001110010000011011101001101 D
b11101101110000010001110101001101 G
b10100010110001 B
b1111010000101 C
b1001101001010100 @
b100101100101111 A
b1101101001101001 +
b1101101001101001 8
b101111011000101 ,
b101111011000101 9
b1000111000111001 )
b1000111000111001 6
b1000110110110000 *
b1000110110110000 7
r-0.07470703125 X
r0.351531982421875 Y
r0.186767578125 V
r0.3077392578125 W
b100111000 2
b111100 5
b100111000 4
r5.532056093215942e-07 R
r1.383945345878601e-06 S
r0.11346435546875 P
r-0.785858154296875 Q
b100 1
b111000 3
r0.1134649086743593 T
r-0.7858567703515291 U
1-
#3280000
0-
#3285000
b111111111110101001001100100100011 J
b11001000111111111110101010111 K
b111111111110101000101100100100011 L
b11001000111111011110101010111 M
b1101101001101001 B
b101111011000101 C
b1000111000111001 @
b1000110110110000 A
b11110011111000010000010110100100 E
b1011111100110101001101111111 F
b11101111110101101101010000010100 D
b1000111101101001000101101011 G
b1111111010111110 #
b1111111010111110 H
b1011011111110010 "
b1011011111110010 I
b1111011001110000 +
b1111011001110000 8
b10110011111111 ,
b10110011111111 9
b1011111101000 )
b1011111101000 6
b10011101100100 *
b10011101100100 7
r0.887969970703125 X
r-0.248992919921875 Y
r-0.38604736328125 V
r0.119140625 W
b100111001 2
b111101 5
b100111001 4
r2.332031726837158e-06 R
r1.040101051330566e-05 S
r-0.66339111328125 P
r-0.0499267578125 Q
b100 1
b111001 3
r-0.6633887812495232 T
r-0.04991635680198669 U
1-
#3290000
0-
#3295000
b111100110101010101001110100001101 J
b111000100111110100000100100001111 K
b111100110101010100101110100001101 L
b111000100111110011100100100001111 M
b1111111110101001 #
b1111111110101001 H
b11001000111111 "
b11001000111111 I
b11010101111000010101111111011101 E
b10000110010001111110100110000 F
b10000101101001101111101100001 D
b11010101101011101010100001110000 G
b1111011001110000 B
b10110011111111 C
b1011111101000 @
b10011101100100 A
b111000110101001 +
b111000110101001 8
b1110000000100001 ,
b1110000000100001 9
b1100111010010110 )
b1100111010010110 6
b111101000000 *
b111101000000 7
r0.519256591796875 X
r0.569610595703125 Y
r-0.704315185546875 V
r-0.6070556640625 W
b100111010 2
b111110 5
b100111010 4
r1.338683068752289e-05 R
r6.198883056640625e-06 S
r-0.00982666015625 P
r-0.56292724609375 Q
b100 1
b111010 3
r-0.009813273325562477 T
r-0.5629334449768066 U
1-
#3300000
0-
#3305000
b10101110110100001111011000 J
b111110100010100011100011100 K
b10101110110000001111011000 L
b111110100010000011100011100 M
b111000110101001 B
b1110000000100001 C
b1100111010010110 @
b111101000000 A
b100001100111011000000011000 E
b11111110100001110101001111000000 F
b11111111000110110110010110000000 D
b110111011000110110010011100 G
b1100110101010101 #
b1100110101010101 H
b1000100111110100 "
b1000100111110100 I
b100001001110111 +
b100001001110111 8
b100100011101001 ,
b100100011101001 9
b1010010111011001 )
b1010010111011001 6
b1011001001001100 *
b1011001001001100 7
r0.11236572265625 X
r-0.297119140625 Y
r-0.92291259765625 V
r0.2877197265625 W
b100111011 2
b111111 5
b100111011 4
r9.265728294849396e-06 R
r1.462455838918686e-05 S
r-0.002655029296875 P
r0.392547607421875 Q
b100 1
b111011 3
r-0.002664295025169849 T
r0.3925622319802642 U
1-
#3310000
0-
#3315000
b1100111011000111001010010110 J
b10100000010101010000000111010 K
b1100111011000011001010010110 L
b10100000010100110000000111010 M
b10101110110 #
b10101110110 H
b111110100010 "
b111110100010 I
b110001001101110000101010110 E
b110110001010101000101000000 F
b11101010000011111001011100000110 D
b11111110000110011111011101000000 G
b100001001110111 B
b100100011101001 C
b1010010111011001 @
b1011001001001100 A
b111001100010 +
b111001100010 8
b1101100111111000 ,
b1101100111111000 9
b1000100111011110 )
b1000100111011110 6
b10010011010100 *
b10010011010100 7
r0.93292236328125 X
r0.363983154296875 Y
r0.167236328125 V
r0.1585693359375 W
b100111100 2
b0 5
b100111100 4
r8.332543075084686e-06 R
r1.309905201196671e-05 S
r-0.395843505859375 P
r-0.9222412109375 Q
b100 1
b111100 3
r-0.3958518384024501 T
r-0.922254309989512 U
1-
#3320000
0-
#3325000
b111010010001001101011001111010101 J
b1010001101101110101001101 K
b111010010001001100111001111010101 L
b1010001101001110101001101 M
b111001100010 B
b1101100111111000 C
b1000100111011110 @
b10010011010100 A
b11100110010100101111101010000001 E
b11101011110100110111100101010100 F
b11101000100110000000100111011111 D
b11101001110111101010011100101100 G
b1100111011000 #
b1100111011000 H
b10100000010101 "
b10100000010101 I
b111011101101010 +
b111011101101010 8
b10111010010111 ,
b10111010010111 9
b1010101101000 )
b1010101101000 6
b1010001001100 *
b1010001001100 7
r0.790283203125 X
r-0.52911376953125 Y
r0.73089599609375 V
r0.79705810546875 W
b100111101 2
b1 5
b100111101 4
r9.164214134216309e-07 R
r1.695007085800171e-06 S
r0.04266357421875 P
r0.12213134765625 Q
b100 1
b111101 3
r0.04266449064016342 T
r0.1221330426633358 U
1-
#3330000
0-
#3335000
b10011100111101010111000111000 J
b1001010101011011001100100 K
b10011100111100110111000111000 L
b1001010100111011001100100 M
b1010010001001101 #
b1010010001001101 H
b1010001101 "
b1010001101 I
b10001100011001011110100010000 E
b10000100011011000100101000 F
b11111001010111001110101011111100 D
b11111010100001110110000101100000 G
b111011101101010 B
b10111010010111 C
b1010101101000 @
b1010001001100 A
b110010100101000 +
b110010100101000 8
b1011110001000110 ,
b1011110001000110 9
b101110110001110 )
b101110110001110 6
b110011000000110 *
b110011000000110 7
r0.794189453125 X
r0.461151123046875 Y
r-0.88128662109375 V
r0.3638916015625 W
b100111110 2
b10 5
b100111110 4
r1.206062734127045e-05 R
r7.575377821922302e-06 S
r0.201904296875 P
r0.313140869140625 Q
b100 1
b111110 3
r0.2019163575023413 T
r0.3131332937628031 U
1-
#3340000
0-
#3345000
b1101010111010100101111010000 J
b111111001101101011010101111000100 K
b1101010111010000101111010000 L
b111111001101101010110101111000100 M
b110010100101000 B
b1011110001000110 C
b101110110001110 @
b110011000000110 A
b11111001010101000001011000 E
b1001011101111011101101111000 F
b1001111111000011010100010000 D
b11101100011010000011010100 G
b10011100111101 #
b10011100111101 H
b1001010101 "
b1001010101 I
b110010110101000 +
b110010110101000 8
b11101100000111 ,
b11101100000111 9
b1000111100110010 )
b1000111100110010 6
b10111010010100 *
b10111010010100 7
r0.015838623046875 X
r0.12835693359375 Y
r-0.29486083984375 V
r0.8592529296875 W
b100111111 2
b11 5
b100111111 4
r2.901069819927216e-06 R
r6.985850632190704e-06 S
r-0.716400146484375 P
r0.019927978515625 Q
b100 1
b111111 3
r-0.7164030475541949 T
r0.01993496436625719 U
1-
#3350000
0-
#3355000
b1111100100000110101111000100 J
b111000000000010101110100101110100 K
b1111100100000010101111000100 L
b111000000000010101010100101110100 M
b1101010111010 #
b1101010111010 H
b1111001101101011 "
b1111001101101011 I
b11100111001111111101110011010100 E
b101000010100000100111011110000 F
b100100111101111010010000110000 D
b11100101000000100100110110100100 G
b110010110101000 B
b11101100000111 C
b1000111100110010 @
b10111010010100 A
b1000000111 +
b1000000111 8
b1000001101110 ,
b1000001101110 9
b1101101001000010 )
b1101101001000010 6
b110110111111100 *
b110110111111100 7
r-0.72808837890625 X
r-0.42657470703125 Y
r-0.197723388671875 V
r-0.5263671875 W
b101000000 2
b100 5
b101000000 4
r4.239380359649658e-06 R
r2.291053533554077e-06 S
r0.306549072265625 P
r0.018218994140625 Q
b100 1
b0 3
r0.3065448328852654 T
r0.01821670308709145 U
1-
#3360000
0-
#3365000
b111111000011111001010010101111110 J
b110111100010001110111100111100 K
b111111000011111000110010101111110 L
b110111100010001010111100111100 M
b1000000111 B
b1000001101110 C
b1101101001000010 @
b110110111111100 A
b11100101111111010111000001011110 E
b10010011111101111010100100000 F
b11010011001101001011001011010000 D
b1010101111010110001000001100 G
b1111100100000 #
b1111100100000 H
b1000000000010101 "
b1000000000010101 I
b1010001011001110 +
b1010001011001110 8
b1100100101100110 ,
b1100100101100110 9
b1110011010110001 )
b1110011010110001 6
b1011110010100000 *
b1011110010100000 7
r0.750335693359375 X
r0.86529541015625 Y
r-0.381317138671875 V
r-0.33660888671875 W
b101000001 2
b101 5
b101000001 4
r2.816319465637207e-06 R
r4.824250936508179e-06 S
r0.20880126953125 P
r-0.098297119140625 Q
b100 1
b1 3
r0.2088040858507156 T
r-0.09830194339156151 U
1-
#3370000
0-
#3375000
b111111110011100110010001001000000 J
b111010110111100011001111010 K
b111111110011100101110001001000000 L
b111010110111000011001111010 M
b1111000011111001 #
b1111000011111001 H
b110111100010001 "
b110111100010001 I
b11111101100100111110100001011100 E
b110111101111100111100100 F
b11111111101100110111101111001110 D
b111000011110000001001001000 G
b1010001011001110 B
b1100100101100110 C
b1110011010110001 @
b1011110010100000 A
b110000000001011 +
b110000000001011 8
b110111011000010 ,
b110111011000010 9
b1100111100110001 )
b1100111100110001 6
b1101010011101010 *
b1101010011101010 7
r-0.30316162109375 X
r0.50421142578125 Y
r0.732147216796875 V
r-0.705291748046875 W
b101000010 2
b110 5
b101000010 4
r1.043453812599182e-05 R
r9.883195161819458e-06 S
r0.2431640625 P
r-0.999359130859375 Q
b100 1
b10 3
r0.243174497038126 T
r-0.9993492476642132 U
1-
#3380000
0-
#3385000
b11101111011010010110001000110 J
b101001010000110001101010010 K
b11101111011001110110001000110 L
b101001010000010001101010010 M
b110000000001011 B
b110111011000010 C
b1100111100110001 @
b1101010011101010 A
b101011001011110001110000110 E
b11000100001110000100011000000 F
b1001001101101010010001101110 D
b1110010111101100011111000000 G
b1111110011100110 #
b1111110011100110 H
b111010110111 "
b111010110111 I
b1101100100110010 +
b1101100100110010 8
b100000010001010 ,
b100000010001010 9
b101110110110111 )
b101110110110111 6
b1010010110111001 *
b1010010110111001 7
r-0.119384765625 X
r0.281280517578125 Y
r0.04437255859375 V
r0.699615478515625 W
b101000011 2
b111 5
b101000011 4
r6.319954991340637e-06 R
r1.126155257225037e-05 S
r-0.117401123046875 P
r0.867706298828125 Q
b100 1
b11 3
r-0.1174074430018663 T
r0.8677175603806973 U
1-
#3390000
0-
#3395000
b111011010101110000011011100110000 J
b111111111101010111101111000111001 K
b111011010101101111111011100110000 L
b111111111101010111001111000111001 M
b11101111011010 #
b11101111011010 H
b101001010000 "
b101001010000 I
b11101010111000100001000100100010 E
b11101111110101011110011000001110 F
b11101101101100000100011100011011 D
b11101101010110111110010101010100 G
b1101100100110010 B
b100000010001010 C
b101110110110111 @
b1010010110111001 A
b1111000010111000 +
b1111000010111000 8
b10010000000001 ,
b10010000000001 9
b10110101110 )
b10110101110 6
b101100110001101 *
b101100110001101 7
r0.05792236328125 X
r-0.371368408203125 Y
r-0.312744140625 V
r0.98785400390625 W
b101000100 2
b1000 5
b101000100 4
r7.092952728271484e-06 R
r1.544132828712463e-06 S
r-0.02423095703125 P
r0.114959716796875 Q
b100 1
b100 3
r-0.02423804998397827 T
r0.1149612609297037 U
1-
#3400000
0-
#3405000
b100101010011111011001111001000 J
b111110111011100100110100011111100 K
b100101010011110111001111001000 L
b111110111011100100010100011111100 M
b1111000010111000 B
b10010000000001 C
b10110101110 @
b101100110001101 A
b10111101000000100010010100110 E
b1101101011110010111100100010 F
b11110001110010110110110010111110 D
b11101001001111011001010110111010 G
b1011010101110000 #
b1011010101110000 H
b1111111101010111 "
b1111111101010111 I
b11101101010 +
b11101101010 8
b1101000001110111 ,
b1101000001110111 9
b1101011111111000 )
b1101011111111000 6
b111111001110010 *
b111111001110010 7
r0.152862548828125 X
r-0.94671630859375 Y
r0.848846435546875 V
r0.458465576171875 W
b101000101 2
b1001 5
b101000101 4
r4.703179001808167e-06 R
r8.421018719673157e-06 S
r0.46759033203125 P
r0.08056640625 Q
b100 1
b101 3
r0.4675856288522482 T
r0.08057482726871967 U
1-
#3410000
0-
#3415000
b111111011011101000100101100000110 J
b1100111011110011100001111101 K
b111111011011101000000101100000110 L
b1100111011101111100001111101 M
b100101010011111 #
b100101010011111 H
b1110111011100100 "
b1110111011100100 I
b110011000111110110101110 E
b11111010101001111000110101011000 F
b11111111101010010011010100010000 D
b1100100110000010110110001101 G
b11101101010 B
b1101000001110111 C
b1101011111111000 @
b111111001110010 A
b1001110010001 +
b1001110010001 8
b1000011011010010 ,
b1000011011010010 9
b110110010100111 )
b110110010100111 6
b11101010101111 *
b11101010101111 7
r-0.626800537109375 X
r-0.2510986328125 Y
r0.988250732421875 V
r0.454498291015625 W
b101000110 2
b1010 5
b101000110 4
r2.10106372833252e-06 R
r7.205642759799957e-06 S
r-0.58251953125 P
r-0.005157470703125 Q
b100 1
b110 3
r-0.5825216323137283 T
r-0.0051502650603652 U
1-
#3420000
0-
#3425000
b1011000110001001110101111100 J
b111101001101011100111001001001110 K
b1011000110000101110101111100 L
b111101001101011100011001001001110 M
b1001110010001 B
b1000011011010010 C
b110110010100111 @
b11101010101111 A
b111011011101110010001001000 E
b11101010010111100100110100 F
b11111110110101110011010010110000 D
b11101000100001010110011011111110 G
b1111011011101000 #
b1111011011101000 H
b1100111011110 "
b1100111011110 I
b1010111111000101 +
b1010111111000101 8
b1101111111011100 ,
b1101111111011100 9
b111111001111111 )
b111111001111111 6
b11101000101101 *
b11101000101101 7
r-0.018951416015625 X
r-0.0211181640625 Y
r-0.592529296875 V
r-0.494903564453125 W
b101000111 2
b1011 5
b101000111 4
r2.913177013397217e-06 R
r9.771436452865601e-06 S
r0.582977294921875 P
r-0.1336669921875 Q
b100 1
b111 3
r0.5829743817448616 T
r-0.1336572207510471 U
1-
#3430000
0-
#3435000
b111010001000011100000010100011101 J
b111011011111010110000110111110111 K
b111010001000011011100010100011101 L
b111011011111010101100110111110111 M
b1011000110001 #
b1011000110001 H
b1101001101011100 "
b1101001101011100 I
b11001100100100011000101011111110 E
b100011111000011101000011111 F
b1000010011011110111110010111 D
b11100100001110001011110110001110 G
b1010111111000101 B
b1101111111011100 C
b111111001111111 @
b11101000101101 A
b1111110110010011 +
b1111110110010011 8
b1111110101001100 ,
b1111110101001100 9
b1011010000101000 )
b1011010000101000 6
b1100000010100111 *
b1100000010100111 7
r-0.063995361328125 X
r0.324859619140625 Y
r-0.349945068359375 V
r0.09832763671875 W
b101001000 2
b1100 5
b101001000 4
r2.62819230556488e-06 R
r1.790933310985565e-06 S
r-0.071044921875 P
r0.20208740234375 Q
b100 1
b1000 3
r-0.07104229368269444 T
r0.202085611410439 U
1-
#3440000
0-
#3445000
b111011101111000110001110111000101 J
b100000010101110100100011110001 K
b111011101111000101101110111000101 L
b100000010101110000100011110001 M
b1111110110010011 B
b1111110101001100 C
b1011010000101000 @
b1100000010100111 A
b11110000000111100101011000100100 E
b11101101110001001000011110100001 F
b11011000010110110010100010111011 D
b11111000101100100011000110101100 G
b1010001000011100 #
b1010001000011100 H
b1011011111010110 "
b1011011111010110 I
b1111011111001111 +
b1111011111001111 8
b10100110010101 ,
b10100110010101 9
b1101001100110101 )
b1101001100110101 6
b110010010110 *
b110010010110 7
r-0.869354248046875 X
r-0.605987548828125 Y
r0.694061279296875 V
r-0.071533203125 W
b101001001 2
b1101 5
b101001001 4
r8.229166269302368e-06 R
r1.199357211589813e-05 S
r0.173370361328125 P
r-0.3487548828125 Q
b100 1
b1001 3
r0.1733621321618557 T
r-0.3487428892403841 U
1-
#3450000
0-
#3455000
b1011001101110111011000101 J
b111111111111100111000000110011100 K
b1011001101010111011000101 L
b111111111111100110100000110011100 M
b1011101111000110 #
b1011101111000110 H
b100000010101110 "
b100000010101110 I
b110011010000001111100000 E
b100110011010101011100101 F
b101101111111101011111000 D
b101010110011110010010100 G
b1111011111001111 B
b10100110010101 C
b1101001100110101 @
b110010010110 A
b1001000010111001 +
b1001000010111001 8
b1011001001101111 ,
b1011001001101111 9
b101100011010111 )
b101100011010111 6
b1111011011011000 *
b1111011011011000 7
r-0.56396484375 X
r-0.920623779296875 Y
r0.409149169921875 V
r0.9620361328125 W
b101001010 2
b1110 5
b101001010 4
r1.403968781232834e-05 R
r1.192931085824966e-05 S
r-0.7335205078125 P
r-0.56378173828125 Q
b100 1
b1010 3
r-0.7335345475003123 T
r-0.5637936675921082 U
1-
#3460000
0-
#3465000
b111111000010100101001001000100011 J
b100111001010111001110011 K
b111111000010100100101001000100011 L
b100111000110111001110011 M
b1001000010111001 B
b1011001001101111 C
b101100011010111 @
b1111011011011000 A
b11111000101110010110101011011001 E
b11111111100110001110011101001010 F
b1011011101110101011011011 D
b10000010110101100101001110 G
b1011001101 #
b1011001101 H
b1111111111100111 "
b1111111111100111 I
b1011011111010000 +
b1011011111010000 8
b1000101000101001 ,
b1000101000101001 9
b11010001011111 )
b11010001011111 6
b111101100100100 *
b111101100100100 7
r0.277099609375 X
r-0.03387451171875 Y
r0.245819091796875 V
r-0.83447265625 W
b101001011 2
b1111 5
b101001011 4
r8.161179721355438e-06 R
r2.13179737329483e-06 S
r-0.53302001953125 P
r0.50531005859375 Q
b100 1
b1011 3
r-0.5330281807109714 T
r0.5053121903911233 U
1-
#3470000
0-
#3475000
b111101001000100000010010101010001 J
b101001011001000101010001001001 K
b111101001000011111110010101010001 L
b101001011001000001010001001001 M
b1111000010100101 #
b1111000010100101 H
b100111001 "
b100111001 I
b11100101000101010000001100111001 E
b11111110101110001000011000 F
b11011001011000100010001101011111 D
b10110001100011011110101000 G
b1011011111010000 B
b1000101000101001 C
b11010001011111 @
b111101100100100 A
b10001101111000 +
b10001101111000 8
b1111101110101010 ,
b1111101110101010 9
b1111101110111 )
b1111101110111 6
b1001010100110000 *
b1001010100110000 7
r0.9554443359375 X
r0.978851318359375 Y
r-0.374053955078125 V
r-0.760833740234375 W
b101001100 2
b10000 5
b101001100 4
r1.115072518587112e-05 R
r1.487508416175842e-05 S
r0.021881103515625 P
r-0.000762939453125 Q
b100 1
b1100 3
r0.02189225424081087 T
r-0.0007778145372867584 U
1-
#3480000
0-
#3485000
b111000101001010111010001001110111 J
b111010110000101011110101010010100 K
b111000101001010110110001001110111 L
b111010110000101011010101010010100 M
b10001101111000 B
b1111101110101010 C
b1111101110111 @
b1001010100110000 A
b11100111111001001001100100110111 E
b11011101010001101100100101000000 F
b11110001001110110111011000110000 D
b11000111010100010010000011000100 G
b1101001000100000 #
b1101001000100000 H
b101001011001000 "
b101001011001000 I
b111101001001100 +
b111101001001100 8
b111110101001011 ,
b111110101001011 9
b1101000000011111 )
b1101000000011111 6
b1001111010011101 *
b1001111010011101 7
r0.43951416015625 X
r0.86199951171875 Y
r0.003143310546875 V
r0.200439453125 W
b101001101 2
b10001 5
b101001101 4
r1.093465834856033e-05 R
r4.184432327747345e-06 S
r-0.119964599609375 P
r0.009552001953125 Q
b100 1
b1101 3
r-0.1199755342677236 T
r0.009547817520797253 U
1-
#3490000
0-
#3495000
b111110000101010110101000010000110 J
b111111101011100110101110100011000 K
b111110000101010110001000010000110 L
b111111101011100110001110100011000 M
b1000101001010111 #
b1000101001010111 H
b1010110000101011 "
b1010110000101011 I
b11111111011101111001001000000110 E
b11110001001100110111111010000000 F
b100010111000000010011001000 D
b1110011110010000111100000 G
b111101001001100 B
b111110101001011 C
b1101000000011111 @
b1001111010011101 A
b11100001000010 +
b11100001000010 8
b110111001010110 ,
b110111001010110 9
b1100111 )
b1100111 6
b1100110101000 *
b1100110101000 7
r0.83990478515625 X
r0.588714599609375 Y
r0.06201171875 V
r-0.839324951171875 W
b101001110 2
b10010 5
b101001110 4
r6.361864507198334e-06 R
r4.83635812997818e-06 S
r-0.3583984375 P
r0.646728515625 Q
b100 1
b1110 3
r-0.3584047993645072 T
r0.64673335198313 U
1-
#3500000
0-
#3505000
b110111010000010110100010010110001 J
b111100111001101011101000111001011 K
b110111010000010110000010010110001 L
b111100111001101011001000111001011 M
b11100001000010 B
b110111001010110 C
b1100111 @
b1100110101000 A
b11101000100100010001110000010101 E
b11010001011110011110100010011100 F
b11101001001000001000111100110100 D
b11010000010101100010000011111111 G
b1110000101010110 #
b1110000101010110 H
b1111101011100110 "
b1111101011100110 I
b110101110000010 +
b110101110000010 8
b100101101011011 ,
b100101101011011 9
b11111110000 )
b11111110000 6
b1001010010010001 *
b1001010010010001 7
r0.289215087890625 X
r-0.709228515625 Y
r-0.97552490234375 V
r0.138946533203125 W
b101001111 2
b10011 5
b101001111 4
r7.041729986667633e-06 R
r1.015141606330872e-05 S
r-0.919219970703125 P
r-0.654937744140625 Q
b100 1
b1111 3
r-0.9192270124331117 T
r-0.6549275927245617 U
1-
#3510000
0-
#3515000
b101110100000000000111101010 J
b1010111110000110101111100010 K
b101110011111100000111101010 L
b1010111110000010101111100010 M
b1000000000000000 #
b1000000000000000 H
b1100111001101011 "
b1100111001101011 I
b1011000110010010011010 E
b101101000110101110101010000 F
b101101010001010001110 D
b1011000011101100111001110000 G
b110101110000010 B
b100101101011011 C
b11111110000 @
b1001010010010001 A
b10010100000101 +
b10010100000101 8
b1010010100111000 ,
b1010010100111000 9
b1000001100100010 )
b1000001100100010 6
b1000111001001 *
b1000111001001 7
r0.44476318359375 X
r-0.1961669921875 Y
r0.532623291015625 V
r0.2567138671875 W
b101010000 2
b10100 5
b101010000 4
r3.939494490623474e-06 R
r6.936490535736084e-06 S
r-0.23956298828125 P
r-0.03985595703125 Q
b100 1
b10000 3
r-0.2395590487867594 T
r-0.03984902054071426 U
1-
#3520000
0-
#3525000
b111010101001110000110111011110010 J
b111011101000010110011001010101011 K
b111010101001110000010111011110010 L
b111011101000010101111001010101011 M
b10010100000101 B
b1010010100111000 C
b1000001100100010 @
b1000111001001 A
b10010101100010001001010000 E
b11010010111000100000110010100010 F
b11010101010101011111100000 D
b11100000011000000100101010001011 G
b101110100000 #
b101110100000 H
b1010111110000 "
b1010111110000 I
b11100011101110 +
b11100011101110 8
b1110011011100100 ,
b1110011011100100 9
b100010000101101 )
b100010000101101 6
b10000011011100 *
b10000011011100 7
r-0.666656494140625 X
r-0.578125 Y
r-0.923858642578125 V
r-0.842681884765625 W
b101010001 2
b10101 5
b101010001 4
r0 R
r4.242174327373505e-06 S
r-1 P
r-0.387359619140625 Q
b100 1
b10001 3
r-1 T
r-0.3873553769662976 U
1-
#3530000
0-
#3535000
b101110110110100011111101011101 J
b1011110000000011011101001110 K
b101110110110011111111101011101 L
b1011101111111111011101001110 M
b1010101001110000 #
b1010101001110000 H
b1011101000010110 "
b1011101000010110 I
b101100010001111001100101110000 E
b10100100100110010111101101 F
b11101101111100010111100110101010 D
b11111001101100010111000011111000 G
b11100011101110 B
b1110011011100100 C
b100010000101101 @
b10000011011100 A
b1010101010101011 +
b1010101010101011 8
b1011011000000000 ,
b1011011000000000 9
b1000100110111111 )
b1000100110111111 6
b1001010000100011 *
b1001010000100011 7
r-0.243865966796875 X
r0.95404052734375 Y
r0.433868408203125 V
r0.993377685546875 W
b101010010 2
b10110 5
b101010010 4
r1.480244100093842e-05 R
r1.046247780323029e-05 S
r0.0908203125 P
r0.17138671875 Q
b100 1
b10010 3
r0.09080551005899906 T
r0.1713971812278032 U
1-
#3540000
0-
#3545000
b100111110001001010011100 J
b111101101100111011111001000011010 K
b100111101101001010011100 L
b111101101100111011011001000011010 M
b1010101010101011 B
b1011011000000000 C
b1000100110111111 @
b1001010000100011 A
b11111001010100000010011000010100 E
b111010011101010110010001000 F
b1111001010010011100111010110 D
b11111100110001101110101111110000 G
b101110110110100 #
b101110110110100 H
b1011110000000 "
b1011110000000 I
b1110000011001001 +
b1110000011001001 8
b111101000011110 ,
b111101000011110 9
b11011110001001 )
b11011110001001 6
b111111100100111 *
b111111100100111 7
r0.973419189453125 X
r0.67816162109375 Y
r-0.902801513671875 V
r-0.173187255859375 W
b101010011 2
b10111 5
b101010011 4
r1.119263470172882e-05 R
r3.178603947162628e-06 S
r-0.66845703125 P
r-0.54620361328125 Q
b100 1
b10011 3
r-0.6684458386152983 T
r-0.5462067918851972 U
1-
#3550000
0-
#3555000
b1000110001000110011101101100001 J
b111110111110000110100100101101011 K
b1000110001000101111101101100001 L
b111110111110000110000100101101011 M
b100111110 #
b100111110 H
b1101101100111011 "
b1101101100111011 I
b100010001011101100101000000000 E
b100011111101000011000101100001 F
b100111011010101101100010010101 D
b11111001011011110001000000000 G
b1110000011001001 B
b111101000011110 C
b11011110001001 @
b111111100100111 A
b111110010011001 +
b111110010011001 8
b101011011001110 ,
b101011011001110 9
b1000110001110001 )
b1000110001110001 6
b1110100111010101 *
b1110100111010101 7
r0.88690185546875 X
r-0.7154541015625 Y
r-0.854827880859375 V
r0.78436279296875 W
b101010100 2
b11000 5
b101010100 4
r1.51805579662323e-07 R
r2.073124051094055e-06 S
r0.7320556640625 P
r0.18359375 Q
b100 1
b10100 3
r0.7320555122569203 T
r0.1835916768759489 U
1-
#3560000
0-
#3565000
b1010111111010000000110101101 J
b1000011011011010100001000000001 K
b1010111111001100000110101101 L
b1000011011011010000001000000001 M
b111110010011001 B
b101011011001110 C
b1000110001110001 @
b1110100111010101 A
b11010011111011100110000001110 E
b11110000011111101111010110011111 F
b11111001001110100111101010010001 D
b111100101001110111110010010010 G
b111111111111111 #
b111111111111111 H
b1110111110000110 "
b1110111110000110 I
b111000110000110 +
b111000110000110 8
b1010010001101100 ,
b1010010001101100 9
b1001001010010101 )
b1001001010010101 6
b110010001100110 *
b110010001100110 7
r-0.560943603515625 X
r-0.59637451171875 Y
r0.53924560546875 V
r0.81280517578125 W
b101010101 2
b11001 5
b101010101 4
r1.082196831703186e-05 R
r1.194514334201813e-05 S
r0.00970458984375 P
r-0.287261962890625 Q
b100 1
b10101 3
r0.009693767875432968 T
r-0.287250017747283 U
1-
#3570000
0-
#3575000
b111001110000001110010010100111011 J
b110000101110100100101111011101 K
b111001110000001101110010100111011 L
b110000101110100000101111011101 M
b1010111111010 #
b1010111111010 H
b111111111111111 "
b111111111111111 I
b11011000110100001111100011101110 E
b11110101001101011110110001001101 F
b11000111110000011010101110001001 D
b11111000011110111011011101100110 G
b111000110000110 B
b1010010001101100 C
b1001001010010101 @
b110010001100110 A
b1011100000110011 +
b1011100000110011 8
b1011001110101010 ,
b1011001110101010 9
b100010100000110 )
b100010100000110 6
b110100000001010 *
b110100000001010 7
r-0.552093505859375 X
r0.811431884765625 Y
r0.306610107421875 V
r0.377685546875 W
b101010110 2
b11010 5
b101010110 4
r0 R
r2.245418727397919e-06 S
r0.999969482421875 P
r-0.12872314453125 Q
b100 1
b10110 3
r0.999969482421875 T
r-0.1287208991125226 U
1-
#3580000
0-
#3585000
b1010011101010100001111001000000 J
b1100100110110111010000001010 K
b1010011101010011101111001000000 L
b1100100110110011010000001010 M
b1011100000110011 B
b1011001110101010 C
b100010100000110 @
b110100000001010 A
b100111001001000100101011011100 E
b101100100001011001001101100100 F
b11001111011110100111111011111110 D
b11011100000101011011001100001000 G
b1001110000001110 #
b1001110000001110 H
b110000101110100 "
b110000101110100 I
b1011100101010101 +
b1011100101010101 8
b110011111011101 ,
b110011111011101 9
b10011100111111 )
b10011100111111 6
b11000001011000 *
b11000001011000 7
r0.5963134765625 X
r-0.093475341796875 Y
r-0.418670654296875 V
r0.948974609375 W
b101010111 2
b11011 5
b101010111 4
r1.485925167798996e-05 R
r0 S
r0.17169189453125 P
r0.999969482421875 Q
b100 1
b10111 3
r0.171677035279572 T
r0.999969482421875 U
1-
#3590000
0-
#3595000
b111001110001111010011000111111010 J
b111110100010101100100010001110010 K
b111001110001111001111000111111010 L
b111110100010101100000010001110010 M
b111111111111111 #
b111111111111111 H
b1100100110110 "
b1100100110110 I
b11101011011010110000011111111100 E
b11100010110100011110100111111110 F
b11101100101001000001000000110010 D
b11100000111110100001010010100100 G
b1011100101010101 B
b110011111011101 C
b10011100111111 @
b11000001011000 A
b100110001010100 +
b100110001010100 8
b1111010000001001 ,
b1111010000001001 9
b1100101001101001 )
b1100101001101001 6
b111100101111000 *
b111100101111000 7
r-0.20599365234375 X
r-0.447845458984375 Y
r0.97119140625 V
r0.6175537109375 W
b101011000 2
b11100 5
b101011000 4
r6.382353603839874e-06 R
r2.828426659107208e-06 S
r-0.78082275390625 P
r0.7613525390625 Q
b100 1
b11000 3
r-0.7808291362598538 T
r0.7613553674891591 U
1-
#3600000
0-
#3605000
b10100101000001111110011011 J
b11110011100101101010100001101 K
b10100100111101111110011011 L
b11110011100101001010100001101 M
b100110001010100 B
b1111010000001001 C
b1100101001101001 @
b111100101111000 A
b1111111011000011101001100011 E
b11110010101001111010010100111000 F
b11110101001010101000111011101011 D
b10011100111010010001111111000 G
b1001110001111010 #
b1001110001111010 H
b1110100010101100 "
b1110100010101100 I
b1110010110100010 +
b1110010110100010 8
b1100011010101101 ,
b1100011010101101 9
b111110001010000 )
b111110001010000 6
b100111100001100 *
b100111100001100 7
r0.631622314453125 X
r0.877349853515625 Y
r0.21978759765625 V
r-0.313446044921875 W
b101011001 2
b11101 5
b101011001 4
r0 R
r1.24070793390274e-05 S
r0.999969482421875 P
r0.19696044921875 Q
b100 1
b11001 3
r0.999969482421875 T
r0.196972856298089 U
1-
#3610000
0-
#3615000
b100110101110001110110100010001 J
b1010010011010100111011000100 K
b100110101110001010110100010001 L
b1010010011010000111011000100 M
b10100101000 #
b10100101000 H
b11110011100101 "
b11110011100101 I
b10100000010011000110110001 E
b100100001101110111101101100000 F
b11110000000001011001011001110100 D
b11111010010100101010010100111000 G
b1110010110100010 B
b1100011010101101 C
b111110001010000 @
b100111100001100 A
b101000011011001 +
b101000011011001 8
b111000001001101 ,
b111000001001101 9
b1110000100010 )
b1110000100010 6
b1101011111100001 *
b1101011111100001 7
r0.145172119140625 X
r0.13092041015625 Y
r-0.367828369140625 V
r-0.419158935546875 W
b101011010 2
b11110 5
b101011010 4
r3.343448042869568e-06 R
r1.059845089912415e-06 S
r-0.77752685546875 P
r-0.1822509765625 Q
b100 1
b11010 3
r-0.7775301989167929 T
r-0.1822499167174101 U
1-
#3620000
0-
#3625000
b111011100000001011110001110101000 J
b111111011000110101011100001111100 K
b111011100000001011010001110101000 L
b111111011000110100111100001111100 M
b101000011011001 B
b111000001001101 C
b1110000100010 @
b1101011111100001 A
b11100100001010011110001000010000 E
b11110111110110111100000110011000 F
b11110011001100100011101010100000 D
b11101110010011001011001100011100 G
b100110101110001 #
b100110101110001 H
b1010010011010 "
b1010010011010 I
b1001010010101 +
b1001010010101 8
b1000011000010 ,
b1000011000010 9
b1101000011101011 )
b1101000011101011 6
b1100101001011001 *
b1100101001011001 7
r0.610015869140625 X
r-0.818267822265625 Y
r0.233001708984375 V
r-0.0814208984375 W
b101011011 2
b11111 5
b101011011 4
r7.723458111286163e-06 R
r5.018897354602814e-06 S
r0.040283203125 P
r0.475738525390625 Q
b100 1
b11011 3
r0.04027547966688871 T
r0.4757435442879796 U
1-
#3630000
0-
#3635000
b111111111101010111110001111110011 J
b111100101100001000010010111011011 K
b111111111101010111010001111110011 L
b111100101100000111110010111011011 M
b1011100000001011 #
b1011100000001011 H
b1111011000110101 "
b1111011000110101 I
b1100010101110101011000111010 E
b11110011010101000100110110111001 F
b1000111000100111100011010010 D
b11101110011001100101111010101101 G
b1001010010101 B
b1000011000010 C
b1101000011101011 @
b1100101001011001 A
b100111000010101 +
b100111000010101 8
b1001011101000011 ,
b1001011101000011 9
b1110111010011 )
b1110111010011 6
b1111010110010100 *
b1111010110010100 7
r-0.417449951171875 X
r-0.240692138671875 Y
r-0.874420166015625 V
r0.088958740234375 W
b101011100 2
b100000 5
b101011100 4
r1.074466854333878e-05 R
r3.520399332046509e-06 S
r0.605010986328125 P
r0.16094970703125 Q
b100 1
b11100 3
r0.6050217309966683 T
r0.160953227430582 U
1-
#3640000
0-
#3645000
b111111001000001100100100111100011 J
b111111111111010000000100010101011 K
b111111001000001100000100111100011 L
b111111111111001111100100010101011 M
b100111000010101 B
b1001011101000011 C
b1110111010011 @
b1111010110010100 A
b11111100111010110000001000010110 E
b11111100000110110000011111001101 F
b11111100100101010001111011000111 D
b11111100011111001110011101110010 G
b1111111101010111 #
b1111111101010111 H
b1100101100001000 "
b1100101100001000 I
b1100101010010001 +
b1100101010010001 8
b1110000100110001 ,
b1110000100110001 9
b1001000000010011 )
b1001000000010011 6
b101101100011 *
b101101100011 7
r0.909027099609375 X
r-0.971527099609375 Y
r0.02130126953125 V
r-0.8209228515625 W
b101011101 2
b100001 5
b101011101 4
r8.501112461090088e-06 R
r1.791864633560181e-06 S
r-0.562164306640625 P
r-0.076507568359375 Q
b100 1
b11101 3
r-0.5621558055281639 T
r-0.07650936022400856 U
1-
#3650000
0-
#3655000
b111110000100111101100000001011101 J
b111111011001010110001010101101101 K
b111110000100111101000000001011101 L
b111111011001010101101010101101101 M
b1111001000001100 #
b1111001000001100 H
b1111111111010000 "
b1111111111010000 I
b11110011110011000100001100111001 E
b11111100110100100011110100100100 F
b1001000110001011110001001111 D
b100010000111001000110111100 G
b1100101010010001 B
b1110000100110001 C
b1001000000010011 @
b101101100011 A
b111010001011011 +
b111010001011011 8
b1000001110100101 ,
b1000001110100101 9
b1010111010 )
b1010111010 6
b1001011011101100 *
b1001011011101100 7
r0.919677734375 X
r-0.408416748046875 Y
r0.4073486328125 V
r-0.405426025390625 W
b101011110 2
b100010 5
b101011110 4
r8.570961654186249e-06 R
r6.233341991901398e-06 S
r-0.005157470703125 P
r-0.413818359375 Q
b100 1
b11110 3
r-0.005148899741470814 T
r-0.4138245927169919 U
1-
#3660000
0-
#3665000
b1011000110000001011110110110 J
b111100111010001001101100000110000 K
b1011000101111101011110110110 L
b111100111010001001001100000110000 M
b111010001011011 B
b1000001110100101 C
b1010111010 @
b1001011011101100 A
b1101011110000100011010100011 E
b11111101100111111001000100010011 F
b10111010111001001100011000011 D
b11111110101000010011000011110011 G
b1110000100111101 #
b1110000100111101 H
b1111011001010110 "
b1111011001010110 I
b111010110111000 +
b111010110111000 8
b1100101110111001 ,
b1100101110111001 9
b11010000100100 )
b11010000100100 6
b1100110000011011 *
b1100110000011011 7
r-0.47283935546875 X
r0.512451171875 Y
r0.3218994140625 V
r-0.782806396484375 W
b101011111 2
b100011 5
b101011111 4
r2.357177436351776e-06 R
r1.319218426942825e-05 S
r-0.1090087890625 P
r-0.00146484375 Q
b100 1
b11111 3
r-0.1090064318850636 T
r-0.001478035934269428 U
1-
#3670000
0-
#3675000
b111001110111010101100010111000110 J
b110001110011100000100111111110 K
b111001110111010101000010111000110 L
b110001110011011100100111111110 M
b1011000110000 #
b1011000110000 H
b1100111010001001 "
b1100111010001001 I
b11111110101011001110111111100010 E
b11010000001111011001010111100100 F
b1001111010100000000011110 D
b110011000010110000101000011100 G
b111010110111000 B
b1100101110111001 C
b11010000100100 @
b1100110000011011 A
b1100001101111010 +
b1100001101111010 8
b100000110011000 ,
b100000110011000 9
b10100100110100 )
b10100100110100 6
b1001101111001101 *
b1001101111001101 7
r-0.551666259765625 X
r-0.54473876953125 Y
r-0.79425048828125 V
r0.443267822265625 W
b101100000 2
b100100 5
b101100000 4
r8.66129994392395e-08 R
r1.01504847407341e-05 S
r-0.240325927734375 P
r-0.07550048828125 Q
b100 1
b100000 3
r-0.2403258411213756 T
r-0.07551063876599073 U
1-
#3680000
0-
#3685000
b111011101011111011000010001101100 J
b111110010100111110011101010100011 K
b111011101011111010100010001101100 L
b111110010100111101111101010100011 M
b1100001101111010 B
b100000110011000 C
b10100100110100 @
b1001101111001101 A
b11110101010110100011101000000100 E
b11101000001000110000101001101000 F
b10111111110011110110111100000 D
b1010100110001110100010000011 G
b1001110111010101 #
b1001110111010101 H
b110001110011100 "
b110001110011100 I
b1011100101100011 +
b1011100101100011 8
b1011101001000110 ,
b1011101001000110 9
b1001101001010110 )
b1001101001010110 6
b11100010111101 *
b11100010111101 7
r0.26739501953125 X
r-0.467376708984375 Y
r0.798553466796875 V
r-0.0533447265625 W
b101100001 2
b100101 5
b101100001 4
r9.605661034584045e-06 R
r5.766749382019043e-06 S
r0.17333984375 P
r-0.386444091796875 Q
b100 1
b100001 3
r0.1733302380889654 T
r-0.386438325047493 U
1-
#3690000
0-
#3695000
b100010001111110101000110010010 J
b111110000000100011000111111110000 K
b100010001111110001000110010010 L
b111110000000100010100111111110000 M
b1011101011111011 #
b1011101011111011 H
b1110010100111110 "
b1110010100111110 I
b1010100011101010101011100000 E
b10111101100000110011010110010 F
b11110110010000100011111011001000 D
b11100110010100111000111010111000 G
b1011100101100011 B
b1011101001000110 C
b1001101001010110 @
b11100010111101 A
b10001000111010 +
b10001000111010 8
b1100010000101101 ,
b1100010000101101 9
b110011000110111 )
b110011000110111 6
b1111100100101100 *
b1111100100101100 7
r-0.4400634765625 X
r-0.043548583984375 Y
r-0.451202392578125 V
r0.51031494140625 W
b101100010 2
b100110 5
b101100010 4
r1.376494765281677e-06 R
r1.287646591663361e-05 S
r-0.766937255859375 P
r0.7781982421875 Q
b100 1
b100010 3
r-0.7669358793646097 T
r0.7781853657215834 U
1-
#3700000
0-
#3705000
b1100000010100111010110011011 J
b111010100100000010100000001101100 K
b1100000010100011010110011011 L
b111010100100000010000000001101100 M
b10001000111010 B
b1100010000101101 C
b110011000110111 @
b1111100100101100 A
b11011101100001010111110000100 E
b11110000010110011000011000010111 F
b11100000010101101010101000010 D
b11110000100010111101010110101110 G
b100010001111110 #
b100010001111110 H
b1110000000100011 "
b1110000000100011 I
b1100011110101100 +
b1100011110101100 8
b1111101001101101 ,
b1111101001101101 9
b1100011000111111 )
b1100011000111111 6
b100000101010010 *
b100000101010010 7
r0.79595947265625 X
r-0.91497802734375 Y
r-0.493499755859375 V
r-0.23028564453125 W
b101100011 2
b100111 5
b101100011 4
r1.420453190803528e-05 R
r1.278705894947052e-06 S
r-0.539215087890625 P
r-0.20904541015625 Q
b100 1
b100011 3
r-0.539229292422533 T
r-0.2090466888621449 U
1-
#3710000
0-
#3715000
b111100111001100111001111110100011 J
b111110011111011100100011001000110 K
b111100111001100110101111110100011 L
b111110011111011100000011001000110 M
b1100000010100 #
b1100000010100 H
b1010100100000010 "
b1010100100000010 I
b11101000000111010001001110101011 E
b11111111000101100100101111111000 F
b1101101010100111011001110110 D
b1100110000111110010111100 G
b1100011110101100 B
b1111101001101101 C
b1100011000111111 @
b100000101010010 A
b110010111100010 +
b110010111100010 8
b1000101011100010 ,
b1000101011100010 9
b1100000011010101 )
b1100000011010101 6
b1110001010000110 *
b1110001010000110 7
r-0.75860595703125 X
r-0.0394287109375 Y
r0.16650390625 V
r0.212310791015625 W
b101100100 2
b101000 5
b101100100 4
r4.189088940620422e-06 R
r1.145899295806885e-05 S
r0.53509521484375 P
r-0.248931884765625 Q
b100 1
b100100 3
r0.5350994039326906 T
r-0.2489433437585831 U
1-
#3720000
0-
#3725000
b111110010111000101100111111101011 J
b111110001110111101111100010010110 K
b111110010111000101000111111101011 L
b111110001110111101011100010010110 M
b110010111100010 B
b1000101011100010 C
b1100000011010101 @
b1110001010000110 A
b1010000011110111011010011 E
b11110001101000001010000100011000 F
b1100101101010010101101010100 D
b11111110100100111110001111101010 G
b1100111001100111 #
b1100111001100111 H
b1110011111011100 "
b1110011111011100 I
b1001111011100110 +
b1001111011100110 8
b1111101011110100 ,
b1111101011110100 9
b1010101010000 )
b1010101010000 6
b1101100101101 *
b1101100101101 7
r0.5758056640625 X
r-0.0693359375 Y
r-0.76763916015625 V
r0.27655029296875 W
b101100101 2
b101001 5
b101100101 4
r1.278053969144821e-05 R
r1.005828380584717e-07 S
r0.1881103515625 P
r-0.67962646484375 Q
b100 1
b100101 3
r0.1881231321021914 T
r-0.6796263642609119 U
1-
#3730000
0-
#3735000
b10001001010110010011001010110 J
b100110101000000011000101000010 K
b10001001010101110011001010110 L
b100110100111111111000101000010 M
b1110010111000101 #
b1110010111000101 H
b1110001110111101 "
b1110001110111101 I
b11100111001100000111000001010 E
b11110100010001001101100001001100 F
b11100110110111000100010100001010 D
b1101011111000011011001001100 G
b1001111011100110 B
b1111101011110100 C
b1010101010000 @
b1101100101101 A
b100100110110100 +
b100100110110100 8
b1111011100100000 ,
b1111011100100000 9
b1001110110111110 )
b1001110110111110 6
b10001101100110 *
b10001101100110 7
r0.446319580078125 X
r-0.552459716796875 Y
r-0.23175048828125 V
r-0.105926513671875 W
b101100110 2
b101010 5
b101100110 4
r7.71600753068924e-06 R
r1.495704054832458e-06 S
r-0.387481689453125 P
r-0.1885986328125 Q
b100 1
b100110 3
r-0.3874894054606557 T
r-0.1885971371084452 U
1-
#3740000
0-
#3745000
b111110101010001011110000010101110 J
b111100011001001001100000100 K
b111110101010001011010000010101110 L
b111100011000101001100000100 M
b100100110110100 B
b1111011100100000 C
b1001110110111110 @
b10001101100110 A
b11111111100101000111000001000000 E
b11110101101100010011000001101110 F
b11110111111010101000010111100000 D
b11111111011101101101100011100100 G
b10001001010110 #
b10001001010110 H
b100110101000000 "
b100110101000000 I
b11100100100001 +
b11100100100001 8
b1011100101001001 ,
b1011100101001001 9
b1110001001010110 )
b1110001001010110 6
b1111001001110001 *
b1111001001110001 7
r0.67523193359375 X
r0.638580322265625 Y
r0.7088623046875 V
r-0.680633544921875 W
b101100111 2
b101011 5
b101100111 4
r3.795139491558075e-06 R
r1.349113881587982e-05 S
r-0.204925537109375 P
r-0.220794677734375 Q
b100 1
b100111 3
r-0.2049217419698834 T
r-0.2207811865955591 U
1-
#3750000
0-
#3755000
b1101100110010100001101111000 J
b11011000011111111111100101000 K
b1101100110010000001101111000 L
b11011000011111011111100101000 M
b1110101010001011 #
b1110101010001011 H
b111100011001 "
b111100011001 I
b11011010000000100111000000 E
b1010001100001111100110111000 F
b11100011101101100001011110011000 D
b11111110110001011101011011000000 G
b11100100100001 B
b1011100101001001 C
b1110001001010110 @
b1111001001110001 A
b101011001101110 +
b101011001101110 8
b101000110111101 ,
b101000110111101 9
b101101010111100 )
b101101010111100 6
b1010100011100001 *
b1010100011100001 7
r-0.658905029296875 X
r-0.257598876953125 Y
r-0.804931640625 V
r-0.409942626953125 W
b101101000 2
b101100 5
b101101000 4
r6.118789315223694e-06 R
r3.514811396598816e-06 S
r0.26824951171875 P
r0.603515625 Q
b100 1
b101000 3
r0.2682433929294348 T
r0.6035121101886034 U
1-
#3760000
0-
#3765000
b101001010110101101000010111 J
b1010010111011011100000100011 K
b101001010110001101000010111 L
b1010010111010111100000100011 M
b101011001101110 B
b101000110111101 C
b101101010111100 @
b1010100011100001 A
b1000001100011011000010000110 E
b11111100111110010110100110010001 F
b11111001011000010101001100010110 D
b11101111101100101100111001 G
b1101100110010 #
b1101100110010 H
b11011000011111 "
b11011000011111 I
b1010101110101001 +
b1010101110101001 8
b1101111100000111 ,
b1101111100000111 9
b1001100011111000 )
b1001100011111000 6
b1100101110000111 *
b1100101110000111 7
r-0.548583984375 X
r-0.996307373046875 Y
r0.70477294921875 V
r0.461761474609375 W
b101101001 2
b101101 5
b101101001 4
r7.791444659233093e-06 R
r1.072511076927185e-05 S
r-0.167633056640625 P
r0.117950439453125 Q
b100 1
b101001 3
r-0.1676252651959658 T
r0.1179397143423557 U
1-
#3770000
0-
#3775000
b111111111100011101101111101111010 J
b111000101100011001111101001010101 K
b111111111100011101001111101111010 L
b111000101100011001011101001010101 M
b101001010110 #
b101001010110 H
b1010010111011 "
b1010010111011 I
b11100111110000111100011001100 E
b11100010100101100010011010101110 F
b11110101000100010010011001000 D
b11100100001011101101111100011101 G
b1010101110101001 B
b1101111100000111 C
b1001100011111000 @
b1100101110000111 A
b1011100111001000 +
b1011100111001000 8
b1000000001111001 ,
b1000000001111001 9
b101101000110110 )
b101101000110110 6
b11101100011011 *
b11101100011011 7
r0.425933837890625 X
r-0.879180908203125 Y
r0.447174072265625 V
r-0.83856201171875 W
b101101010 2
b101110 5
b101101010 4
r8.270144462585449e-07 R
r1.505762338638306e-05 S
r0.21246337890625 P
r0.422821044921875 Q
b100 1
b101010 3
r0.2124642059206963 T
r0.4228361025452614 U
1-
#3780000
0-
#3785000
b11110100011101111111111100111 J
b111100100110100001100010111111001 K
b11110100011101011111111100111 L
b111100100110100001000010111111001 M
b1011100111001000 B
b1000000001111001 C
b101101000110110 @
b11101100011011 A
b1101010001010011011011001000 E
b10001010010011000100100011111 F
b100001111100011010001110111000 D
b110110000100010100110110001 G
b1111111100011101 #
b1111111100011101 H
b1000101100011001 "
b1000101100011001 I
b11011010000101 +
b11011010000101 8
b1000111101110111 ,
b1000111101110111 9
b11100100111101 )
b11100100111101 6
b1001010010101010 *
b1001010010101010 7
r0.10919189453125 X
r0.839935302734375 Y
r0.98974609375 V
r0.80279541015625 W
b101101011 2
b101111 5
b101101011 4
r6.220303475856781e-06 R
r1.874752342700958e-06 S
r0.08074951171875 P
r0.161956787109375 Q
b100 1
b101011 3
r0.08075573202222586 T
r0.1619549123570323 U
1-
#3790000
0-
#3795000
b111000010110110011001001110011110 J
b111111011010011010010111110010011 K
b111000010110110010101001110011110 L
b111111011010011001110111110010011 M
b11110100011101 #
b11110100011101 H
b1100100110100001 "
b1100100110100001 I
b11010011000011111010001110000110 E
b11101111110010011011000000011000 F
b11100111010000011000000000110000 D
b11100010100011100110111111000011 G
b11011010000101 B
b1000111101110111 C
b11100100111101 @
b1001010010101010 A
b110111111010 +
b110111111010 8
b110101110000011 ,
b110101110000011 9
b111111010110000 )
b111111010110000 6
b110011011000010 *
b110011011000010 7
r0.531097412109375 X
r-0.210601806640625 Y
r0.586090087890625 V
r0.807525634765625 W
b101101100 2
b110000 5
b101101100 4
r7.504597306251526e-06 R
r1.390744000673294e-05 S
r-0.006927490234375 P
r-0.913299560546875 Q
b100 1
b101100 3
r-0.006919985637068748 T
r-0.9132856531068683 U
1-
#3800000
0-
#3805000
b111001111111110110000011010101101 J
b100010111111101011011001010101 K
b111001111111110101100011010101101 L
b100010111111100111011001010101 M
b110111111010 B
b110101110000011 C
b111111010110000 @
b110011011000010 A
b11100110110101101010111001011011 E
b11101001001001000001100001010010 F
b1100001100001001101010110001 D
b101111001011110001000100000110 G
b1000010110110011 #
b1000010110110011 H
b1111011010011010 "
b1111011010011010 I
b100001111111011 +
b100001111111011 8
b1110010100001011 ,
b1110010100001011 9
b100101100000101 )
b100101100000101 6
b110011101011101 *
b110011101011101 7
r0.134429931640625 X
r0.148040771484375 Y
r0.174041748046875 V
r-0.82373046875 W
b101101101 2
b110001 5
b101101101 4
r1.523550599813461e-05 R
r1.423992216587067e-06 S
r0.477447509765625 P
r-0.424774169921875 Q
b100 1
b101101 3
r0.4774627452716231 T
r-0.4247727459296584 U
1-
#3810000
0-
#3815000
b111010110100001101011110000100 J
b100100001111010100001101100110 K
b111010110100001001011110000100 L
b100100001111010000001101100110 M
b1001111111110110 #
b1001111111110110 H
b100010111111101 "
b100010111111101 I
b110101001101000110010000010000 E
b101100111000011001101110100 F
b110111010101010011111100000 D
b101011001001111010101101000110 G
b100001111111011 B
b1110010100001011 C
b100101100000101 @
b110011101011101 A
b1000100110101 +
b1000100110101 8
b1001011110011 ,
b1001011110011 9
b1011001000111 )
b1011001000111 6
b1001011010010000 *
b1001011010010000 7
r0.687774658203125 X
r0.241302490234375 Y
r0.512115478515625 V
r-0.047332763671875 W
b101101110 2
b110010 5
b101101110 4
r1.058168709278107e-05 R
r3.916211426258087e-06 S
r-0.955474853515625 P
r-0.07342529296875 Q
b100 1
b101110 3
r-0.9554854352027178 T
r-0.07342920918017626 U
1-
#3820000
0-
#3825000
b10011100011001010000101100110 J
b111100001001100100000010100011000 K
b10011100011000110000101100110 L
b111100001001100011100010100011000 M
b1000100110101 B
b1001011110011 C
b1011001000111 @
b1001011010010000 A
b11111000000110011011001000110111 E
b11011011100101010111100101111 F
b10011111010111101110011100111 D
b11110101000111011010000111111111 G
b111010110100001 #
b111010110100001 H
b100100001111010 "
b100100001111010 I
b101100000001001 +
b101100000001001 8
b1111011100011 ,
b1111011100011 9
b100000110001101 )
b100000110001101 6
b1111100111110001 *
b1111100111110001 7
r0.602752685546875 X
r0.658660888671875 Y
r0.423583984375 V
r0.724945068359375 W
b101101111 2
b110011 5
b101101111 4
r1.366715878248215e-05 R
r2.305023372173309e-06 S
r-0.75030517578125 P
r0.546783447265625 Q
b100 1
b101111 3
r-0.7503188429400325 T
r0.5467811422422528 U
1-
#3830000
0-
#3835000
b111111010100100000001111100110101 J
b111110110101100101111011011111101 K
b111111010100011111101111100110101 L
b111110110101100101011011011111101 M
b10011100011001 #
b10011100011001 H
b1100001001100100 "
b1100001001100100 I
b1101001100010001101100101 E
b11111000111010011011101111010000 F
b1011111110101001110110011 D
b11111000001100100000101010110000 G
b101100000001001 B
b1111011100011 C
b100000110001101 @
b1111100111110001 A
b100110100100111 +
b100110100100111 8
b101010001001111 ,
b101010001001111 9
b11011000111000 )
b11011000111000 6
b101110011001011 *
b101110011001011 7
r-0.125640869140625 X
r0.98663330078125 Y
r0.61663818359375 V
r0.507904052734375 W
b101110000 2
b110100 5
b101110000 4
r5.606561899185181e-06 R
r8.102506399154663e-07 S
r0.918975830078125 P
r0.56622314453125 Q
b100 1
b110000 3
r0.9189814366400242 T
r0.5662239547818899 U
1-
#3840000
0-
#3845000
b101110100111000011110000000 J
b111101000101110100101100010111110 K
b101110100110100011110000000 L
b111101000101110100001100010111110 M
b100110100100111 B
b101010001001111 C
b11011000111000 @
b101110011001011 A
b111111010001010011000000111 E
b11111101111010101010000101111001 F
b10110100010101100010111110101 D
b11111111010001001101111010110011 G
b1111010100100000 #
b1111010100100000 H
b1110110101100101 "
b1110110101100101 I
b1110111111101011 +
b1110111111101011 8
b111111001001010 ,
b111111001001010 9
b100111011101110 )
b100111011101110 6
b100000100000011 *
b100000100000011 7
r-0.63690185546875 X
r0.750274658203125 Y
r-0.950439453125 V
r-0.15020751953125 W
b101110001 2
b110101 5
b101110001 4
r7.295981049537659e-06 R
r1.404434442520142e-05 S
r0.305450439453125 P
r-0.4813232421875 Q
b100 1
b110001 3
r0.3054431434720755 T
r-0.4813372865319252 U
1-
#3850000
0-
#3855000
b101101110100101000110100110101 J
b1110001110000110010000011101 K
b101101110100100100110100110101 L
b1110001110000010010000011101 M
b101110100111 #
b101110100111 H
b1101000101110100 "
b1101000101110100 I
b10001110110110001101101001000 E
b11011111101110011000111101101 F
b10000010101110001101010001000 D
b11110100011110011111010100101 G
b1110111111101011 B
b111111001001010 C
b100111011101110 @
b100000100000011 A
b1010111001111010 +
b1010111001111010 8
b110000000001001 ,
b110000000001001 9
b1000011001011000 )
b1000011001011000 6
b1110110011000110 *
b1110110011000110 7
r0.63751220703125 X
r-0.342071533203125 Y
r-0.6905517578125 V
r0.507598876953125 W
b101110010 2
b110110 5
b101110010 4
r7.818453013896942e-06 R
r1.311022788286209e-05 S
r-0.0849609375 P
r-0.145355224609375 Q
b100 1
b110010 3
r-0.0849687559530139 T
r-0.1453421143814921 U
1-
#3860000
0-
#3865000
b100010110110101010111110001101 J
b100101000001111101111001100100 K
b100010110110100110111110001101 L
b100101000001111001111001100100 M
b1010111001111010 B
b110000000001001 C
b1000011001011000 @
b1110110011000110 A
b100110111011111111010011001100 E
b11111011111010100111101011000001 F
b11111011000010101010011001111010 D
b100000000100100100010011011110 G
b101101110100101 #
b101101110100101 H
b1110001110000 "
b1110001110000 I
b101000110011010 +
b101000110011010 8
b1101010000110111 ,
b1101010000110111 9
b1010011110011100 )
b1010011110011100 6
b100000011111001 *
b100000011111001 7
r0.096282958984375 X
r-0.257904052734375 Y
r0.973480224609375 V
r-0.4658203125 W
b101110011 2
b110111 5
b101110011 4
r1.347064971923828e-05 R
r5.898997187614441e-06 S
r0.091033935546875 P
r-0.3636474609375 Q
b100 1
b110011 3
r0.09102046489715576 T
r-0.3636415619403124 U
1-
#3870000
0-
#3875000
b111011000011111000110001101110100 J
b111010010000010111111110100000110 K
b111011000011111000010001101110100 L
b111010010000010111011110100000110 M
b100010110110101 #
b100010110110101 H
b100101000001111 "
b100101000001111 I
b11010010010111001011100100011000 E
b110000111110110101001011100 F
b100110101111011101010111110000 D
b11111000110010011001001011110110 G
b101000110011010 B
b1101010000110111 C
b1010011110011100 @
b100000011111001 A
b110001010011 +
b110001010011 8
b1101111011111101 ,
b1101111011111101 9
b111110010011011 )
b111110010011011 6
b1100010001100000 *
b1100010001100000 7
r0.588165283203125 X
r-0.50933837890625 Y
r0.421173095703125 V
r0.12139892578125 W
b101110100 2
b111000 5
b101110100 4
r1.210998743772507e-05 R
r8.610077202320099e-06 S
r0.715972900390625 P
r0.22216796875 Q
b100 1
b110100 3
r0.7159607904031873 T
r0.2221765788272023 U
1-
#3880000
0-
#3885000
b100011110101000101000101001110 J
b10001000100000011100110100111 K
b100011110101000001000101001110 L
b10001000011111111100110100111 M
b110001010011 B
b1101111011111101 C
b111110010011011 @
b1100010001100000 A
b1111000111100011001010000100 E
b10100101101011101111011001010 F
b11100011110100110010111111011000 D
b11110100111000110010100101111111 G
b1011000011111000 #
b1011000011111000 H
b1010010000010111 "
b1010010000010111 I
b100101101001001 +
b100101101001001 8
b1011111011001110 ,
b1011111011001110 9
b11010111101001 )
b11010111101001 6
b111110001010 *
b111110001010 7
r-0.75128173828125 X
r-0.43780517578125 Y
r0.066864013671875 V
r-0.95697021484375 W
b101110101 2
b111001 5
b101110101 4
r3.92179936170578e-06 R
r7.245689630508423e-06 S
r0.544586181640625 P
r0.578582763671875 Q
b100 1
b110101 3
r0.5445822598412633 T
r0.5785900093615055 U
1-
#3890000
0-
#3895000
b111101101000011111111101001001111 J
b1101100001110100010011111 K
b111101101000011111011101001001111 L
b1101100001010100010011111 M
b100011110101000 #
b100011110101000 H
b10001000100000 "
b10001000100000 I
b11101111111011101000111100101111 E
b11111101001000010010101100100000 F
b101111111111010101001000001 D
b111101100000101001011100000 G
b100101101001001 B
b1011111011001110 C
b11010111101001 @
b111110001010 A
b1001111111010110 +
b1001111111010110 8
b1100011111110110 ,
b1100011111110110 9
b100010001111 )
b100010001111 6
b1000010110000010 *
b1000010110000010 7
r-0.227294921875 X
r-0.821319580078125 Y
r-0.51947021484375 V
r0.040679931640625 W
b101110110 2
b111010 5
b101110110 4
r8.452683687210083e-06 R
r1.454912126064301e-05 S
r-0.617431640625 P
r-0.718048095703125 Q
b100 1
b110110 3
r-0.6174231879413128 T
r-0.7180335465818644 U
1-
#3900000
0-
#3905000
b111110110110101110110101111011000 J
b111101100001100001000101010011011 K
b111110110110101110010101111011000 L
b111101100001100000100101010011011 M
b1001111111010110 B
b1100011111110110 C
b100010001111 @
b1000010110000010 A
b11110010010001010100111101111110 E
b100100100011101110001011010 F
b1111110110101010001001110001 D
b11111100000010101110110100001100 G
b1101101000011111 #
b1101101000011111 H
b1101100001 "
b1101100001 I
b1110001011101000 +
b1110001011101000 8
b1001011011011111 ,
b1001011011011111 9
b1011110110000010 )
b1011110110000010 6
b10100110101 *
b10100110101 7
r0.84075927734375 X
r-0.209747314453125 Y
r-0.6337890625 V
r-0.002838134765625 W
b101110111 2
b111011 5
b101110111 4
r4.12575900554657e-06 R
r1.513399183750153e-06 S
r0.559814453125 P
r0.2666015625 Q
b100 1
b110111 3
r0.5598185788840055 T
r0.2666000491008162 U
1-
#3910000
0-
#3915000
b101100001000111111101100010110 J
b11110000001111010000001100010 K
b101100001000111011101100010110 L
b11110000001110110000001100010 M
b1110110110101110 #
b1110110110101110 H
b1101100001100001 "
b1101100001100001 I
b11111110001000000110001001101010 E
b101110000000110101100010101100 F
b11111100110010001111100010001010 D
b11010110100000101100011101100 G
b1110001011101000 B
b1001011011011111 C
b1011110110000010 @
b10100110101 A
b110101110011110 +
b110101110011110 8
b1110010100100111 ,
b1110010100100111 9
b1010111011100000 )
b1010111011100000 6
b1111111110100011 *
b1111111110100011 7
r-0.080963134765625 X
r0.104644775390625 Y
r0.866668701171875 V
r0.240447998046875 W
b101111000 2
b111100 5
b101111000 4
r1.390185207128525e-05 R
r9.684823453426361e-06 S
r-0.295928955078125 P
r0.026397705078125 Q
b100 1
b111000 3
r-0.2959150532260537 T
r0.02640738990157843 U
1-
#3920000
0-
#3925000
b11010101101110000001001000110 J
b111110110010011100101010101011011 K
b11010101101101100001001000110 L
b111110110010011100001010101011011 M
b110101110011110 B
b1110010100100111 C
b1010111011100000 @
b1111111110100011 A
b11011010011100100000000111110 E
b11111111011010001000001000001000 F
b111100011101000000111010000 D
b11111101110111001001011100101011 G
b101100001000111 #
b101100001000111 H
b11110000001111 "
b11110000001111 I
b1111010110100011 +
b1111010110100011 8
b110101100101 ,
b110101100101 9
b110111011101111 )
b110111011101111 6
b1111011000111 *
b1111011000111 7
r-0.849395751953125 X
r0.0758056640625 Y
r0.1627197265625 V
r0.82244873046875 W
b101111001 2
b111101 5
b101111001 4
r1.045316457748413e-05 R
r1.273024827241898e-05 S
r-0.14312744140625 P
r-0.309539794921875 Q
b100 1
b111001 3
r-0.1431169882416725 T
r-0.3095525251701474 U
1-
#3930000
0-
#3935000
b1000010110110010101110111010 J
b100010001001000111001010010101 K
b1000010110101110101110111010 L
b100010001001000011001010010101 M
b11010101101110 #
b11010101101110 H
b1110110010011100 "
b1110110010011100 I
b1000100000100000010000100000 E
b11111111110110001110011110011010 F
b11011101111001011000111001000000 D
b10011100000011010101 G
b1111010110100011 B
b110101100101 C
b110111011101111 @
b1111011000111 A
b1001001101000111 +
b1001001101000111 8
b100110110100 ,
b100110110100 9
b1010011010100 )
b1010011010100 6
b110100101000110 *
b110100101000110 7
r-0.44232177734375 X
r0.94549560546875 Y
r-0.163421630859375 V
r-0.884033203125 W
b101111010 2
b111110 5
b101111010 4
r1.408718526363373e-05 R
r7.538124918937683e-06 S
r0.689666748046875 P
r0.469207763671875 Q
b100 1
b111010 3
r0.6896808352321386 T
r0.4692002255469561 U
1-
#3940000
0-
#3945000
b100100011110011001100000000 J
b110000110100010001001010110 K
b100100011101111001100000000 L
b110000110011110001001010110 M
b1001001101000111 B
b100110110100 C
b1010011010100 @
b110100101000110 A
b101110011011110011101001011 E
b11111110110000010000101110110101 F
b11111011100000100101110100101101 D
b1100111000011111110000011 G
b1000010110110 #
b1000010110110 H
b100010001001000 "
b100010001001000 I
b1100011101100010 +
b1100011101100010 8
b111100100000110 ,
b111100100000110 9
b1110101100010101 )
b1110101100010101 6
b1000111011011000 *
b1000111011011000 7
r-0.727325439453125 X
r-0.069061279296875 Y
r-0.03277587890625 V
r-0.426025390625 W
b101111011 2
b111111 5
b101111011 4
r1.471675932407379e-05 R
r5.091540515422821e-06 S
r0.41741943359375 P
r-0.1514892578125 Q
b100 1
b111011 3
r0.4174047168344259 T
r-0.1514841662719846 U
1-
#3950000
0-
#3955000
b111010100000101001011110101111010 J
b1100110101100011100001101100 K
b111010100000101000111110101111010 L
b1100110101011111100001101100 M
b100100011110 #
b100100011110 H
b110000110100 "
b110000110100 I
b110010100001100100010000 E
b11010011010010100110010001101010 F
b11110111001001111000001011001100 D
b11111111010111101100111000 G
b1100011101100010 B
b111100100000110 C
b1110101100010101 @
b1000111011011000 A
b1010001011100111 +
b1010001011100111 8
b1111011100101001 ,
b1111011100101001 9
b1111101111001110 )
b1111101111001110 6
b1100100101111000 *
b1100100101111000 7
r-0.982177734375 X
r-0.346954345703125 Y
r-0.572601318359375 V
r0.9945068359375 W
b101111100 2
b0 5
b101111100 4
r4.833564162254333e-06 R
r1.205969601869583e-05 S
r0.13055419921875 P
r0.533447265625 Q
b100 1
b111100 3
r0.1305493656545877 T
r0.5334593253210187 U
1-
#3960000
0-
#3965000
b1111001000110100011000101110 J
b111000101111000010110000000000110 K
b1111001000110000011000101110 L
b111000101111000010010000000000110 M
b1010001011100111 B
b1111011100101001 C
b1111101111001110 @
b1100100101111000 A
b11110110000111000110111101111110 E
b11001000001101001011010110000 F
b100101000000101000100001010 D
b11001010100000010111000100010000 G
b1010100000101001 #
b1010100000101001 H
b1100110101100 "
b1100110101100 I
b1000001001001000 +
b1000001001001000 8
b1101001110010111 ,
b1101001110010111 9
b1011011010110101 )
b1011011010110101 6
b111111101001100 *
b111111101001100 7
r-0.44879150390625 X
r-0.1015625 Y
r-0.64996337890625 V
r-0.8646240234375 W
b101111101 2
b1 5
b101111101 4
r3.099441528320312e-06 R
r7.072463631629944e-06 S
r0.07122802734375 P
r0.0953369140625 Q
b100 1
b111101 3
r0.07122492790222168 T
r0.09532984159886837 U
1-
#3970000
0-
#3975000
b10011111110100001000101000110 J
b10110111011100101010110 K
b10011111110011101000101000110 L
b10110110111100101010110 M
b1111001000110 #
b1111001000110 H
b1000101111000010 "
b1000101111000010 I
b1001010001010111111110 E
b10011110101001011101101001000 F
b1100001101001001011100010 D
b1111000100000110000111000 G
b1000001001001000 B
b1101001110010111 C
b1011011010110101 @
b111111101001100 A
b1100011010001110 +
b1100011010001110 8
b1111001100000000 ,
b1111001100000000 9
b1010110011001110 )
b1010110011001110 6
b1001000101010100 *
b1001000101010100 7
r-0.70147705078125 X
r0.809295654296875 Y
r0.2337646484375 V
r0.022125244140625 W
b101111110 2
b10 5
b101111110 4
r6.016343832015991e-07 R
r1.806765794754028e-06 S
r-0.686248779296875 P
r0.2005615234375 Q
b100 1
b111110 3
r-0.6862493809312582 T
r0.2005597166717052 U
1-
#3980000
0-
#3985000
b111001110001100111001100100100011 J
b111000101111011001010110011101100 K
b111001110001100110101100100100011 L
b111000101111011000110110011101100 M
b1100011010001110 B
b1111001100000000 C
b1010110011001110 @
b1001000101010100 A
b1100101101101111001111000011 E
b11000001011111000110010101100000 F
b100011111111100100110011101000 D
b11101001111010101011100111010100 G
b10011111110100 #
b10011111110100 H
b10110111 "
b10110111 I
b1010011000110110 +
b1010011000110110 8
b110011110010111 ,
b110011110010111 9
b1110111101100 )
b1110111101100 6
b1011010101 *
b1011010101 7
r-0.1109619140625 X
r0.094635009765625 Y
r-0.344329833984375 V
r0.792999267578125 W
b101111111 2
b11 5
b101111111 4
r1.473352313041687e-06 R
r7.634982466697693e-06 S
r0.23651123046875 P
r-0.90814208984375 Q
b100 1
b111111 3
r0.236512703821063 T
r-0.9081344548612833 U
1-
#3990000
0-
#3995000
b11101000011110101111010011000 J
b111110010111100111100110110111100 K
b11101000011110001111010011000 L
b111110010111100111000110110111100 M
b1001110001100111 #
b1001110001100111 H
b1000101111011001 "
b1000101111011001 I
b100001110011000101000000000 E
b11000110101011001010010011000 F
b10010101010110010111001000100 D
b101100111101011110000000000 G
b1010011000110110 B
b110011110010111 C
b1110111101100 @
b1011010101 A
b1111000111001100 +
b1111000111001100 8
b110000011101 ,
b110000011101 9
b1101001111101101 )
b1101001111101101 6
b110010110000001 *
b110010110000001 7
r0.814666748046875 X
r0.35693359375 Y
r-0.939849853515625 V
r0.425201416015625 W
b110000000 2
b100 5
b110000000 4
r1.114048063755035e-05 R
r1.588836312294006e-06 S
r0.3121337890625 P
r0.005584716796875 Q
b100 1
b0 3
r0.3121226485818624 T
r0.005583127960562706 U
1-
#4000000
0-
#4005000
b1011000111011001000100100010 J
b1011101001000100011011011011 K
b1011000111010101000100100010 L
b1011101001000000011011011011 M
b1111000111001100 B
b110000011101 C
b1101001111101101 @
b110010110000001 A
b1100000110111001101000110100 E
b11111111000000011011011011101110 F
b11110101100000010101011111001000 D
b1001001010101111010100011 G
b11101000011110 #
b11101000011110 H
b1110010111100111 "
b1110010111100111 I
b110100001000111 +
b110100001000111 8
b10110110110000 ,
b10110110110000 9
b1000011110110011 )
b1000011110110011 6
b11011001101101 *
b11011001101101 7
r-0.069061279296875 X
r0.127532958984375 Y
r-0.407135009765625 V
r0.185089111328125 W
b110000001 2
b101 5
b110000001 4
r9.265728294849396e-06 R
r4.548579454421997e-06 S
r-0.778106689453125 P
r-0.907440185546875 Q
b100 1
b1 3
r-0.7781159551814198 T
r-0.9074447341263294 U
1-
#4010000
0-
#4015000
b111111000010010001011000110100101 J
b10010110111100110111000001 K
b111111000010010000111000110100101 L
b10010110111000110111000001 M
b1011000111011 #
b1011000111011 H
b1011101001000 "
b1011101001000 I
b11111101111010100001110111011001 E
b11111010010111100101001111001100 F
b10011100011111110111011100 D
b100110011011000101110011101 G
b110100001000111 B
b10110110110000 C
b1000011110110011 @
b11011001101101 A
b1111011100101001 +
b1111011100101001 8
b1000001010011 ,
b1000001010011 9
b1100101111100011 )
b1100101111100011 6
b1011110110001 *
b1011110110001 7
r0.0181884765625 X
r-0.2950439453125 Y
r0.448211669921875 V
r-0.85260009765625 W
b110000010 2
b110 5
b110000010 4
r7.294118404388428e-06 R
r3.274530172348022e-06 S
r0.45404052734375 P
r-0.203887939453125 Q
b100 1
b10 3
r0.4540478214621544 T
r-0.2038846649229527 U
1-
#4020000
0-
#4025000
b101100110110001001001011 J
b111010101101110111100101001011 K
b101100110010001001001011 L
b111010101101110011100101001011 M
b1111011100101001 B
b1000001010011 C
b1100101111100011 @
b1011110110001 A
b11101010100001111100001000010000 E
b10110001010110110000000111011 F
b11001110111111110101101010100101 D
b1001101101101001001111110000 G
b1111000010010001 #
b1111000010010001 H
b10010110111 "
b10010110111 I
b1001010100 +
b1001010100 8
b1101101000111100 ,
b1101101000111100 9
b11100101011111 )
b11100101011111 6
b1001001011011110 *
b1001001011011110 7
r-0.8775634765625 X
r0.389617919921875 Y
r0.69927978515625 V
r-0.37396240234375 W
b110000011 2
b111 5
b110000011 4
r1.117400825023651e-05 R
r1.634471118450165e-06 S
r0.173675537109375 P
r0.181884765625 Q
b100 1
b11 3
r0.1736643631011248 T
r0.1818864000961185 U
1-
#4030000
0-
#4035000
b111111011110111000001110011110010 J
b111111111101101100101001000001000 K
b111111011110110111101110011110010 L
b111111111101101100001001000001000 M
b101100110 #
b101100110 H
b111010101101110 "
b111010101101110 I
b11111100101011010100101010011001 E
b11111111001011101001001001011001 F
b1110011001010110001011011 D
b1100000101011111001100011 G
b1001010100 B
b1101101000111100 C
b11100101011111 @
b1001001011011110 A
b1000111110101100 +
b1000111110101100 8
b11000111011111 ,
b11000111011111 9
b101100110000010 )
b101100110000010 6
b1101000000100010 *
b1101000000100010 7
r-0.10595703125 X
r-0.7911376953125 Y
r-0.9208984375 V
r0.8612060546875 W
b110000100 2
b1000 5
b110000100 4
r3.422610461711884e-06 R
r3.2791867852211e-06 S
r-0.120574951171875 P
r0.036834716796875 Q
b100 1
b100 3
r-0.1205783737823367 T
r0.03683799598366022 U
1-
#4040000
0-
#4045000
b111110110100010111000010100011100 J
b1111100101000010011011011100 K
b111110110100010110100010100011100 L
b1111100100111110011011011100 M
b1000111110101100 B
b11000111011111 C
b101100110000010 @
b1101000000100010 A
b11110111100010010101100001000100 E
b11111111000000011110110011011000 F
b100001011001000100101100 D
b10000000110010111100000001000 G
b1111011110111000 #
b1111011110111000 H
b1111111101101100 "
b1111111101101100 I
b1111001001110000 +
b1111001001110000 8
b1001101010111100 ,
b1001101010111100 9
b1000101000100000 )
b1000101000100000 6
b110111000111100 *
b110111000111100 7
r0.643280029296875 X
r0.72589111328125 Y
r-0.318511962890625 V
r0.805633544921875 W
b110000101 2
b1001 5
b110000101 4
r8.176080882549286e-06 R
r1.365970820188522e-05 S
r0.01092529296875 P
r0.91741943359375 Q
b100 1
b101 3
r0.01093346904963255 T
r0.9174330933019519 U
1-
#4050000
0-
#4055000
b100110011100001110111100010110 J
b11101111100110100111001000110 K
b100110011100001010111100010110 L
b11101111100110000111001000110 M
b1110110100010111 #
b1110110100010111 H
b1111100101000 "
b1111100101000 I
b10001011011111101101000111110 E
b10101000000001101010011011000 F
b11011000101110011100000101011000 D
b11110110101011001100111110011110 G
b1111001001110000 B
b1001101010111100 C
b1000101000100000 @
b110111000111100 A
b101001001010111 +
b101001001010111 8
b101110011101010 ,
b101110011101010 9
b1101011100111011 )
b1101011100111011 6
b110011100011111 *
b110011100011111 7
r0.331390380859375 X
r-0.973602294921875 Y
r-0.9490966796875 V
r-0.645294189453125 W
b110000110 2
b1010 5
b110000110 4
r8.357688784599304e-06 R
r4.298985004425049e-06 S
r-0.064697265625 P
r-0.0045166015625 Q
b100 1
b110 3
r-0.0647056233137846 T
r-0.004512302577495575 U
1-
#4060000
0-
#4065000
b101000110010011110000111000000 J
b111001110001001101001111000010000 K
b101000110010011010000111000000 L
b111001110001001100101111000010000 M
b101001001010111 B
b101110011101010 C
b1101011100111011 @
b110011100011111 A
b101110101000001010111110000000 E
b11111010001010001111001001000000 F
b110001111101010111000000000 D
b11010100011001010000110000010000 G
b100110011100001 #
b100110011100001 H
b11101111100110 "
b11101111100110 I
b10101001101011 +
b10101001101011 8
b1000001101100001 ,
b1000001101100001 9
b1000011010000100 )
b1000011010000100 6
b1010110101100111 *
b1010110101100111 7
r-0.783966064453125 X
r0.476837158203125 Y
r-0.37042236328125 V
r-0.13677978515625 W
b110000111 2
b1011 5
b110000111 4
r1.404061913490295e-05 R
r5.99399209022522e-06 S
r-0.147735595703125 P
r0.243408203125 Q
b100 1
b111 3
r-0.1477496363222599 T
r0.2434022091329098 U
1-
#4070000
0-
#4075000
b10010010111110010100101110111 J
b110010100010101001101101001001 K
b10010010111101110100101110111 L
b110010100010100101101101001001 M
b101000110010011 #
b101000110010011 H
b1001110001001101 "
b1001110001001101 I
b11110001001100111110111111101110 E
b100001001010101111100110001001 F
b11110010111000110000101100001101 D
b100101011011010110011001010110 G
b10101001101011 B
b1000001101100001 C
b1000011010000100 @
b1010110101100111 A
b1001101110100111 +
b1001101110100111 8
b11110100001001 ,
b11110100001001 9
b1101000010010110 )
b1101000010010110 6
b1110111001111110 *
b1110111001111110 7
r0.369659423828125 X
r-0.652191162109375 Y
r0.030853271484375 V
r-0.7066650390625 W
b110001000 2
b1100 5
b110001000 4
r1.122616231441498e-05 R
r3.403052687644958e-06 S
r0.600616455078125 P
r0.46795654296875 Q
b100 1
b1000 3
r0.6006276812404394 T
r0.4679599460214376 U
1-
#4080000
0-
#4085000
b101101011101000010010000010001 J
b111100010101101100011111011011 K
b101101011100111110010000010001 L
b111100010101101000011111011011 M
b1001101110100111 B
b11110100001001 C
b1101000010010110 @
b1110111001111110 A
b111011001000111000010000000100 E
b11110010010100000110000000001101 F
b11101011110111101110000100101100 D
b101000001101010110100100000111 G
b10010010111110 #
b10010010111110 H
b110010100010101 "
b110010100010101 I
b10111101010001 +
b10111101010001 8
b1010110010000101 ,
b1010110010000101 9
b1111110011 )
b1111110011 6
b1010010110001100 *
b1010010110001100 7
r0.789764404296875 X
r-0.10357666015625 Y
r0.1072998046875 V
r0.836944580078125 W
b110001001 2
b1101 5
b110001001 4
r8.046627044677734e-06 R
r8.091330528259277e-06 S
r0.637298583984375 P
r-0.778900146484375 Q
b100 1
b1001 3
r0.6373066306114197 T
r-0.7789082378149033 U
1-
#4090000
0-
#4095000
b111111011100011110011000101111000 J
b111101001001111011100010010010100 K
b111111011100011101111000101111000 L
b111101001001111011000010010010100 M
b101101011101000 #
b101101011101000 H
b111100010101101 "
b111100010101101 I
b11110100101100100001001101000110 E
b110110111001101111000110010 F
b10010100101011110001111011010 D
b11111011110100110110100001101110 G
b10111101010001 B
b1010110010000101 C
b1111110011 @
b1010010110001100 A
b110010100010111 +
b110010100010111 8
b1111001010111110 ,
b1111001010111110 9
b110110111100 )
b110110111100 6
b110101100100001 *
b110101100100001 7
r0.31964111328125 X
r0.00146484375 Y
r0.28277587890625 V
r0.356536865234375 W
b110001010 2
b1110 5
b110001010 4
r5.372799932956696e-06 R
r8.753500878810883e-06 S
r0.28704833984375 P
r0.789703369140625 Q
b100 1
b1010 3
r0.287042967043817 T
r0.7896946156397462 U
1-
#4100000
0-
#4105000
b111101101111111101010011010001011 J
b11100110001000111010011011001 K
b111101101111111100110011010001011 L
b11100110001000011010011011001 M
b110010100010111 B
b1111001010111110 C
b110110111100 @
b110101100100001 A
b11111110101101100101000100111111 E
b11101111010010000001010101001100 F
b101110101101110011100011 D
b11101011111110001000110111100 G
b1111011100011110 #
b1111011100011110 H
b1101001001111011 "
b1101001001111011 I
b10100011101010 +
b10100011101010 8
b110000 ,
b110000 9
b10010000110010 )
b10010000110010 6
b10110110100011 *
b10110110100011 7
r0.098480224609375 X
r0.94500732421875 Y
r0.116668701171875 V
r-0.511993408203125 W
b110001011 2
b1111 5
b110001011 4
r6.659887731075287e-06 R
r1.872889697551727e-06 S
r0.710205078125 P
r0.942779541015625 Q
b100 1
b1011 3
r0.7101984182372689 T
r0.9427814139053226 U
1-
#4110000
0-
#4115000
b101001100101111100111001111111 J
b111110101000001111000110010011010 K
b101001100101111000111001111111 L
b111110101000001110100110010011010 M
b1101101111111101 #
b1101101111111101 H
b11100110001000 "
b11100110001000 I
b11111111010010011110100110001000 E
b101010010011011010010011110111 F
b101011011000110011111100100 D
b11111010011100111011010001111110 G
b10100011101010 B
b110000 C
b10010000110010 @
b10110110100011 A
b110010011011 +
b110010011011 8
b111100011110110 ,
b111100011110110 9
b111011101111 )
b111011101111 6
b1011111001110111 *
b1011111001110111 7
r-0.240447998046875 X
r-0.56573486328125 Y
r0.56939697265625 V
r-0.25048828125 W
b110001100 2
b10000 5
b110001100 4
r3.46451997756958e-06 R
r1.091510057449341e-06 S
r-0.06939697265625 P
r-0.355621337890625 Q
b100 1
b1100 3
r-0.06940043717622757 T
r-0.3556202463805676 U
1-
#4120000
0-
#4125000
b111010100100011100001011110 J
b111111010001111111110100011011100 K
b111010100011111100001011110 L
b111111010001111111010100011011100 M
b110010011011 B
b111100011110110 C
b111011101111 @
b1011111001110111 A
b1101100100101100000 E
b111010010110010111011111110 F
b101110010001110010110110100 D
b10001000111010010000 G
b101001100101111 #
b101001100101111 H
b1110101000001111 "
b1110101000001111 I
b1110000100111001 +
b1110000100111001 8
b1011011110010110 ,
b1011011110010110 9
b100100011100010 )
b100100011100010 6
b1101111111110000 *
b1101111111110000 7
r0.094940185546875 X
r-0.542633056640625 Y
r-0.06207275390625 V
r-0.50018310546875 W
b110001101 2
b10001 5
b110001101 4
r6.069429218769073e-06 R
r1.259986311197281e-05 S
r-0.281341552734375 P
r0.449462890625 Q
b100 1
b1101 3
r-0.2813476221635938 T
r0.449475490488112 U
1-
#4130000
0-
#4135000
b11110101001000011110110111 J
b111100000010011001100111110100101 K
b11110101000100011110110111 L
b111100000010011001000111110100101 M
b111010100100 #
b111010100100 H
b1111010001111111 "
b1111010001111111 I
b111000011100110000110101010 E
b11111100110001011110011000001101 F
b101111000011111010110101 D
b11100001000010001100111001011010 G
b1110000100111001 B
b1011011110010110 C
b100100011100010 @
b1101111111110000 A
b110000100111 +
b110000100111 8
b1011101010001011 ,
b1011101010001011 9
b1111100000001110 )
b1111100000001110 6
b1011111111111010 *
b1011111111111010 7
r-0.593780517578125 X
r-0.932952880859375 Y
r0.929718017578125 V
r-0.9100341796875 W
b110001110 2
b10010 5
b110001110 4
r3.456138074398041e-06 R
r1.225434243679047e-05 S
r0.649871826171875 P
r-0.171417236328125 Q
b100 1
b1110 3
r0.6498752823099494 T
r-0.1714294906705618 U
1-
#4140000
0-
#4145000
b111101111001111010100111011011100 J
b10001110101010010101001001110 K
b111101111001111010000111011011100 L
b10001110101001110101001001110 M
b110000100111 B
b1011101010001011 C
b1111100000001110 @
b1011111111111010 A
b11101011011000100100001001101100 E
b11110110101100110001110000 F
b11110111001111001101110001010010 D
b1001000100011100011010100000 G
b11110101001 #
b11110101001 H
b1100000010011001 "
b1100000010011001 I
b1011001111111111 +
b1011001111111111 8
b1000100010010101 ,
b1000100010010101 9
b111011100000001 )
b111011100000001 6
b1000101110000100 *
b1000101110000100 7
r-0.740966796875 X
r0.68560791015625 Y
r-0.1556396484375 V
r-0.947723388671875 W
b110001111 2
b10011 5
b110001111 4
r1.819804310798645e-06 R
r9.741634130477905e-06 S
r0.1143798828125 P
r-0.089874267578125 Q
b100 1
b1111 3
r0.1143780630081892 T
r-0.08986452594399452 U
1-
#4150000
0-
#4155000
b111111111000111100001001010110000 J
b10001101111111010111010011100 K
b111111111000111011101001010110000 L
b10001101111110110111010011100 M
b1101111001111010 #
b1101111001111010 H
b10001110101010 "
b10001110101010 I
b10001001111101101110011010 E
b11111100111101011111011100010110 F
b11111111100111110111001000100010 D
b10001010111101110000010111110 G
b1011001111111111 B
b1000100010010101 C
b111011100000001 @
b1000101110000100 A
b1010000100101000 +
b1010000100101000 8
b101011111000010 ,
b101011111000010 9
b1110110000010100 )
b1110110000010100 6
b1000011010110001 *
b1000011010110001 7
r0.861053466796875 X
r-0.97479248046875 Y
r0.33123779296875 V
r-0.3302001953125 W
b110010000 2
b10100 5
b110010000 4
r1.341942697763443e-05 R
r3.729946911334991e-06 S
r0.059844970703125 P
r-0.495330810546875 Q
b100 1
b10000 3
r0.05983155127614737 T
r-0.4953270805999637 U
1-
#4160000
0-
#4165000
b111101011000100100101000000010001 J
b1011001101010110101011011010101 K
b111101011000100100001000000010001 L
b1011001101010110001011011010101 M
b1010000100101000 B
b101011111000010 C
b1110110000010100 @
b1000011010110001 A
b11001000011111001100101110010101 E
b100010100101010100010001111100 F
b11011100101010110011110011111111 D
b110110010101100101001111010100 G
b1111111000111100 #
b1111111000111100 H
b10001101111111 "
b10001101111111 I
b110111000110111 +
b110111000110111 8
b1000001100111010 ,
b1000001100111010 9
b10101001100110 )
b10101001100110 6
b1101010110111100 *
b1101010110111100 7
r0.781494140625 X
r0.2171630859375 Y
r-0.307891845703125 V
r-0.229095458984375 W
b110010001 2
b10101 5
b110010001 4
r3.54275107383728e-06 R
r5.172565579414368e-06 S
r-0.26190185546875 P
r0.27862548828125 Q
b100 1
b10001 3
r-0.2618983127176762 T
r0.2786203157156706 U
1-
#4170000
0-
#4175000
b100110000111010100111111010000 J
b111001111000010010000001000000010 K
b100110000111010000111111010000 L
b111001111000010001100001000000010 M
b1101011000100100 #
b1101011000100100 H
b111111111111111 "
b111111111111111 I
b11111001001010111011001100101000 E
b101100111100010101110010101000 F
b111011000010111011100100000 D
b11010110011010100011100100100010 G
b110111000110111 B
b1000001100111010 C
b10101001100110 @
b1101010110111100 A
b110010000001000 +
b110010000001000 8
b1101111001100 ,
b1101111001100 9
b1101100010010111 )
b1101100010010111 6
b1110001010101101 *
b1110001010101101 7
r0.23126220703125 X
r-0.756011962890625 Y
r-0.802520751953125 V
r0.091766357421875 W
b110010010 2
b10110 5
b110010010 4
r1.080334186553955e-05 R
r4.14624810218811e-06 S
r-0.0137939453125 P
r0.277313232421875 Q
b100 1
b10010 3
r-0.01380474865436554 T
r0.2773090861737728 U
1-
#4180000
0-
#4185000
b111011001001000111100000010000000 J
b10010110001111000010101110 K
b111011001001000111000000010000000 L
b10010110001011000010101110 M
b110010000001000 B
b1101111001100 C
b1101100010010111 @
b1110001010101101 A
b11101011010101011100110100011100 E
b11101101110011011011001101100100 F
b10010010000001110111111101010 D
b10100100110011010000010011000 G
b100110000111010 #
b100110000111010 H
b1001111000010010 "
b1001111000010010 I
b1110110011010 +
b1110110011010 8
b1001111100111011 ,
b1001111100111011 9
b1001100101000111 )
b1001100101000111 6
b101110111111 *
b101110111111 7
r-0.377532958984375 X
r0.267791748046875 Y
r-0.6148681640625 V
r0.05120849609375 W
b110010011 2
b10111 5
b110010011 4
r3.830529749393463e-06 R
r0 S
r-0.3270263671875 P
r0.999969482421875 Q
b100 1
b10011 3
r-0.3270225366577506 T
r0.999969482421875 U
1-
#4190000
0-
#4195000
b111110000010000110110111010111100 J
b1100001101110110000000100100 K
b111110000010000110010111010111100 L
b1100001101110010000000100100 M
b1011001001000111 #
b1011001001000111 H
b10010110001 "
b10010110001 I
b11111011101110001000010101010100 E
b11110100100010101010100101101000 F
b11110000100110011100000010111000 D
b11111100110100001110000011011100 G
b1110110011010 B
b1001111100111011 C
b1001100101000111 @
b101110111111 A
b1100111110101101 +
b1100111110101101 8
b10001001000111 ,
b10001001000111 9
b1011000101001100 )
b1011000101001100 6
b11010001110 *
b11010001110 7
r-0.374176025390625 X
r-0.0509033203125 Y
r0.8101806640625 V
r0.28131103515625 W
b110010100 2
b11000 5
b110010100 4
r3.769993782043457e-06 R
r1.478008925914764e-05 S
r0.59552001953125 P
r-0.76507568359375 Q
b100 1
b10100 3
r0.595523789525032 T
r-0.7650904636830091 U
1-
#4200000
0-
#4205000
b101000001100000110000001000011 J
b111011100000101011001001111 K
b101000001100000010000001000011 L
b111011100000001011001001111 M
b1100111110101101 B
b10001001000111 C
b1011000101001100 @
b11010001110 A
b100110110101000110110001011101 E
b1010110111011001111100110 F
b11110100000111110011111110110110 D
b11111011100011110101011000000101 G
b1110000010000110 #
b1110000010000110 H
b1100001101110 "
b1100001101110 I
b1101000000011011 +
b1101000000011011 8
b1111100101111100 ,
b1111100101111100 9
b110011110110100 )
b110011110110100 6
b10010000000010 *
b10010000000010 7
r-0.554931640625 X
r-0.6505126953125 Y
r0.21484375 V
r0.757720947265625 W
b110010101 2
b11001 5
b110010101 4
r1.192092895507812e-07 R
r1.160614192485809e-05 S
r-0.607208251953125 P
r0.036651611328125 Q
b100 1
b10101 3
r-0.6072081327438354 T
r0.03666321747004986 U
1-
#4210000
0-
#4215000
b111110100001110011100010000001010 J
b111110010000001011010100100000110 K
b111110100001110011000010000001010 L
b111110010000001010110100100000110 M
b101000001100000 #
b101000001100000 H
b111011100000 "
b111011100000 I
b11110101011101100100010000010100 E
b11111110110000110011111111110110 F
b1110110110110100010001011100 D
b111000001010110101100010 G
b1101000000011011 B
b1111100101111100 C
b110011110110100 @
b10010000000010 A
b1011100011111000 +
b1011100011111000 8
b1010110010111100 ,
b1010110010111100 9
b1101110000000 )
b1101110000000 6
b110000011111101 *
b110000011111101 7
r0.52667236328125 X
r-0.487884521484375 Y
r-0.413238525390625 V
r-0.126800537109375 W
b110010110 2
b11010 5
b110010110 4
r1.114234328269958e-05 R
r7.662922143936157e-06 S
r-0.24591064453125 P
r0.19085693359375 Q
b100 1
b10110 3
r-0.2458995021879673 T
r0.1908645965158939 U
1-
#4220000
0-
#4225000
b111110110100111111111101101100110 J
b10010011111000111001011111100 K
b111110110100111111011101101100110 L
b10010011111000011001011111100 M
b1011100011111000 B
b1010110010111100 C
b1101110000000 @
b110000011111101 A
b11111101010111000100111100110000 E
b11111001010000110110110000110110 F
b11101100100110010010111111111100 D
b11111111000101010110001011111000 G
b1110100001110011 #
b1110100001110011 H
b1110010000001011 "
b1110010000001011 I
b100001101101010 +
b100001101101010 8
b1100000110001101 ,
b1100000110001101 9
b1100101100011011 )
b1100101100011011 6
b1110111111000101 *
b1110111111000101 7
r-0.575958251953125 X
r-0.686492919921875 Y
r-0.92486572265625 V
r-0.701629638671875 W
b110010111 2
b11011 5
b110010111 4
r7.691793143749237e-06 R
r5.318783223628998e-06 S
r0.6279296875 P
r0.1162109375 Q
b100 1
b10111 3
r0.6279373792931437 T
r0.1162162562832236 U
1-
#4230000
0-
#4235000
b111011100001001010011111100011000 J
b111101000000101011101000111001100 K
b111011100001001001111111100011000 L
b111101000000101011001000111001100 M
b1110110100111111 #
b1110110100111111 H
b10010011111000 "
b10010011111000 I
b11110111000011100011001000000000 E
b11100101000101101100110100011000 F
b11111000010111101010010000000000 D
b11100000011101000011010111001100 G
b100001101101010 B
b1100000110001101 C
b1100101100011011 @
b1110111111000101 A
b1011011001000111 +
b1011011001000111 8
b1010100000100001 ,
b1010100000100001 9
b1000100110011110 )
b1000100110011110 6
b1010011000110001 *
b1010011000110001 7
r-0.965240478515625 X
r-0.319091796875 Y
r0.232574462890625 V
r0.973297119140625 W
b110011000 2
b11100 5
b110011000 4
r9.629875421524048e-07 R
r5.478039383888245e-06 S
r-0.183990478515625 P
r-0.218414306640625 Q
b100 1
b11000 3
r-0.1839895155280828 T
r-0.2184197846800089 U
1-
#4240000
0-
#4245000
b1000101000010100111101110001 J
b10001111000111010101001010011 K
b1000101000010000111101110001 L
b10001111000110110101001010011 M
b1011011001000111 B
b1010100000100001 C
b1000100110011110 @
b1010011000110001 A
b1100111001110011100011011111 E
b11111011101110011101011010010010 F
b11110010000100100010101000101110 D
b11111101011001010010000001 G
b1011100001001010 #
b1011100001001010 H
b1101000000101011 "
b1101000000101011 I
b1000010001110011 +
b1000010001110011 8
b1101011100101000 ,
b1101011100101000 9
b1110111000101 )
b1110111000101 6
b111110010010101 *
b111110010010101 7
r0.929351806640625 X
r-0.23175048828125 Y
r-0.447845458984375 V
r0.073638916015625 W
b110011001 2
b11101 5
b110011001 4
r1.416169106960297e-05 R
r1.215562224388123e-05 S
r-0.146514892578125 P
r0.288818359375 Q
b100 1
b11001 3
r-0.1465007308870554 T
r0.2888305149972439 U
1-
#4250000
0-
#4255000
b1000010011111111001101011110101 J
b111111100101111000101010101111111 K
b1000010011111110101101011110101 L
b111111100101111000001010101111111 M
b1000101000010 #
b1000101000010 H
b10001111000111 "
b10001111000111 I
b101000101000100110110101011110 E
b11001110111001110110110010111 F
b100010000101110111111011010010 D
b11110110100111001010001010001 G
b1000010001110011 B
b1101011100101000 C
b1110111000101 @
b111110010010101 A
b111011011110101 +
b111011011110101 8
b1110001001010110 ,
b1110001001010110 9
b1100011010101101 )
b1100011010101101 6
b100101101101 *
b100101101101 7
r0.991119384765625 X
r0.185211181640625 Y
r-0.231781005859375 V
r-0.70477294921875 W
b110011010 2
b11110 5
b110011010 4
r2.16066837310791e-07 R
r4.24310564994812e-06 S
r-0.56024169921875 P
r-0.373687744140625 Q
b100 1
b11010 3
r-0.5602419152855873 T
r-0.3736835010349751 U
1-
#4260000
0-
#4265000
b110111111001000000010010010110111 J
b111111010011111011110011011001001 K
b110111111000111111110010010110111 L
b111111010011111011010011011001001 M
b111011011110101 B
b1110001001010110 C
b1100011010101101 @
b100101101101 A
b11111011010000000001100111001000 E
b11000011110111111100101011101111 F
b11110001101000011111001101111111 D
b11101100000111111001101001001000 G
b111111111111111 #
b111111111111111 H
b1111100101111000 "
b1111100101111000 I
b111111011011101 +
b111111011011101 8
b1011110110101 ,
b1011110110101 9
b1110001001010101 )
b1110001001010101 6
b1010010111001010 *
b1010010111001010 7
r0.084716796875 X
r-0.12762451171875 Y
r-0.110809326171875 V
r-0.699249267578125 W
b110011011 2
b11111 5
b110011011 4
r3.681518137454987e-06 R
r5.16790896654129e-06 S
r0.13482666015625 P
r0.279510498046875 Q
b100 1
b11011 3
r0.1348303416743875 T
r0.2795053301379085 U
1-
#4270000
0-
#4275000
b1011000001011111101101101111 J
b11001100010111100001100001101 K
b1011000001011011101101101111 L
b11001100010111000001100001101 M
b1000000000000000 #
b1000000000000000 H
b1111010011111011 "
b1111010011111011 I
b110101001000111100000011110 E
b100011000010100001101010001 F
b11100101010111001110000110010001 D
b11111110111010000110010010011110 G
b111111011011101 B
b1011110110101 C
b1110001001010101 @
b1010010111001010 A
b101011011000 +
b101011011000 8
b1110111110101010 ,
b1110111110101010 9
b1111000111010001 )
b1111000111010001 6
b1010011001111111 *
b1010011001111111 7
r0.97308349609375 X
r0.717010498046875 Y
r0.43206787109375 V
r-0.327850341796875 W
b110011100 2
b100000 5
b110011100 4
r0 R
r5.125068128108978e-06 S
r0.999969482421875 P
r-0.051025390625 Q
b100 1
b11100 3
r0.999969482421875 T
r-0.05102026555687189 U
1-
#4280000
0-
#4285000
b111010000100011000111010001111011 J
b110010110010110010001110001 K
b111010000100011000011010001111011 L
b110010110010010010001110001 M
b101011011000 B
b1110111110101010 C
b1111000111010001 @
b1010011001111111 A
b11111101010000001010100100011001 E
b11010011010010111000101101100010 F
b11110001010011000011100101100001 D
b11110111101001010101110111010010 G
b1011000001011 #
b1011000001011 H
b11001100010111 "
b11001100010111 I
b111110010001110 +
b111110010001110 8
b101101111000111 ,
b101101111000111 9
b11011101001110 )
b11011101001110 6
b1101011000001001 *
b1101011000001001 7
r0.201171875 X
r-0.497406005859375 Y
r-0.173583984375 V
r0.212890625 W
b110011101 2
b100001 5
b110011101 4
r9.247101843357086e-06 S
r-1 P
r-0.086090087890625 Q
b100 1
b11101 3
r-1 T
r-0.08608084078878164 U
1-
#4290000
0-
#4295000
b111111101000111010110010011110010 J
b110010100000010111011111110 K
b111111101000111010010010011110010 L
b110010011111110111011111110 M
b1010000100011000 #
b1010000100011000 H
b110010110010 "
b110010110010 I
b111001111011001111001010 E
b11111100001101010111000100101000 F
b11111111011001100011001001011000 D
b101101101100010000101010110 G
b111110010001110 B
b101101111000111 C
b11011101001110 @
b1101011000001001 A
b1100111000000 +
b1100111000000 8
b1100000001010101 ,
b1100000001010101 9
b1110100111001000 )
b1110100111001000 6
b1101101000000 *
b1101101000000 7
r-0.8348388671875 X
r0.286102294921875 Y
r-0.542633056640625 V
r-0.056610107421875 W
b110011110 2
b100010 5
b110011110 4
r1.417007297277451e-05 R
r7.273629307746887e-07 S
r0.172210693359375 P
r0.399139404296875 Q
b100 1
b11110 3
r0.1722248634323478 T
r0.3991401316598058 U
1-
#4300000
0-
#4305000
b111111111011010010000110010100000 J
b111010110000011000101111010111011 K
b111111111011010001100110010100000 L
b111010110000011000001111010111011 M
b1100111000000 B
b1100000001010101 C
b1110100111001000 @
b1101101000000 A
b10011110100111011011110100010 E
b11101011100101010001010011111110 F
b11010111010000111010101000100 D
b11110000111101001001001111111111 G
b1111101000111010 #
b1111101000111010 H
b110010100000 "
b110010100000 I
b1001010100100100 +
b1001010100100100 8
b10010010011111 ,
b10010010011111 9
b1011101010001011 )
b1011101010001011 6
b1111100011000001 *
b1111100011000001 7
r0.0858154296875 X
r-0.203216552734375 Y
r0.3157958984375 V
r0.633544921875 W
b110011111 2
b100011 5
b110011111 4
r1.251231878995895e-05 R
r8.688308298587799e-06 S
r-0.741455078125 P
r0.09918212890625 Q
b100 1
b11111 3
r-0.74144256580621 T
r0.09919081721454859 U
1-
#4310000
0-
#4315000
b1000010001001000111101101000 J
b111111011011101010110111001000000 K
b1000010001000100111101101000 L
b111111011011101010010111001000000 M
b1111111011010010 #
b1111111011010010 H
b1010110000011000 "
b1010110000011000 I
b101100001101001111101101000 E
b10101111011011000000000000 F
b11111101110000111101111000000000 D
b11111001001110010000110001000000 G
b1001010100100100 B
b10010010011111 C
b1011101010001011 @
b1111100011000001 A
b101011111100 +
b101011111100 8
b1110010111111101 ,
b1110010111111101 9
b10100001101100 )
b10100001101100 6
b101000100011000 *
b101000100011000 7
r0.105316162109375 X
r-0.04962158203125 Y
r-0.275177001953125 V
r-0.78369140625 W
b110100000 2
b100100 5
b110100000 4
r8.808448910713196e-06 R
r4.054978489875793e-06 S
r-0.04510498046875 P
r0.0986328125 Q
b100 1
b100000 3
r-0.04509617201983929 T
r0.09862875752151012 U
1-
#4320000
0-
#4325000
b111111001000101101111100001111001 J
b111100001111110001100000101010011 K
b111111001000101101011100001111001 L
b111100001111110001000000101010011 M
b101011111100 B
b1110010111111101 C
b10100001101100 @
b101000100011000 A
b11110110000100000110100001010101 E
b11000001100101000000100100 F
b11100111111100010001010001100 D
b11111110111101101010001111011111 G
b1000010001001 #
b1000010001001 H
b1111011011101010 "
b1111011011101010 I
b110101111011 +
b110101111011 8
b1111100110100110 ,
b1111100110100110 9
b1101110011000111 )
b1101110011000111 6
b1001101110110000 *
b1001101110110000 7
r0.225311279296875 X
r-0.9281005859375 Y
r0.11102294921875 V
r0.925567626953125 W
b110100001 2
b100101 5
b110100001 4
r1.224875450134277e-05 R
r7.326714694499969e-06 S
r-0.00921630859375 P
r-0.655517578125 Q
b100 1
b100001 3
r-0.009228557348251343 T
r-0.6555102514103055 U
1-
#4330000
0-
#4335000
b111111111010111111001001001011100 J
b111110110000001101101101001101000 K
b111111111010111110101001001011100 L
b111110110000001101001101001101000 M
b1111001000101101 #
b1111001000101101 H
b1100001111110001 "
b1100001111110001 I
b11111011111001001000111010111100 E
b11011110101100001110100000 F
b1101111000000001001010000 D
b11110111110000101001110010111000 G
b110101111011 B
b1111100110100110 C
b1101110011000111 @
b1001101110110000 A
b1110011010111 +
b1110011010111 8
b1000100100110100 ,
b1000100100110100 9
b111000110110 )
b111000110110 6
b111011001111001 *
b111011001111001 7
r-0.6939697265625 X
r0.921539306640625 Y
r-0.710296630859375 V
r0.502838134765625 W
b110100010 2
b100110 5
b110100010 4
r1.158565282821655e-05 R
r1.102685928344727e-05 S
r0.129180908203125 P
r-0.07098388671875 Q
b100 1
b100010 3
r0.1291693225502968 T
r-0.07097285985946655 U
1-
#4340000
0-
#4345000
b111111011100101111011010110011010 J
b100010110000011010110000011 K
b111111011100101110111010110011010 L
b100010101111111010110000011 M
b1110011010111 B
b1000100100110100 C
b111000110110 @
b111011001111001 A
b110111111011100000001010 E
b11111010101101111011110110010000 F
b11111110001001010010111010011101 D
b10011111010010010000100000 G
b1111111010111111 #
b1111111010111111 H
b1110110000001101 "
b1110110000001101 I
b1010011100101100 +
b1010011100101100 8
b111010111110101 ,
b111010111110101 9
b1010010100010101 )
b1010010100010101 6
b100000001011101 *
b100000001011101 7
r0.844390869140625 X
r0.11688232421875 Y
r-0.767852783203125 V
r0.31549072265625 W
b110100011 2
b100111 5
b110100011 4
r1.346413046121597e-05 R
r3.157183527946472e-07 S
r-0.108001708984375 P
r-0.469207763671875 Q
b100 1
b100011 3
r-0.1079882448539138 T
r-0.4692074479535222 U
1-
#4350000
0-
#4355000
b110110000001100010010010111 J
b111000111011011000011101000111010 K
b110110000001000010010010111 L
b111000111011010111111101000111010 M
b1111011100101111 #
b1111011100101111 H
b100010110000 "
b100010110000 I
b11111001011001111100100011111000 E
b1101010110001011101110011111 F
b1100110011101011101011010 D
b11001001000001011101000110010100 G
b1010011100101100 B
b111010111110101 C
b1010010100010101 @
b100000001011101 A
b110110000010101 +
b110110000010101 8
b111011110110 ,
b111011110110 9
b1001110110110111 )
b1001110110110111 6
b10100001100010 *
b10100001100010 7
r-0.249725341796875 X
r0.045379638671875 Y
r-0.21563720703125 V
r-0.268646240234375 W
b110100100 2
b101000 5
b110100100 4
r1.088157296180725e-05 R
r6.295740604400635e-06 S
r-0.009796142578125 P
r-0.155853271484375 Q
b100 1
b100100 3
r-0.009807024151086807 T
r-0.1558469757437706 U
1-
#4360000
0-
#4365000
b110111111110001101001000100010101 J
b111111110000111000100011101100101 K
b110111111110001100101000100010101 L
b111111110000111000000011101100101 M
b110110000010101 B
b111011110110 C
b1001110110110111 @
b10100001100010 A
b11010110000110111001011000011001 E
b11101001101010101011101011111100 F
b11111100011000001001010011100 D
b11101101010000001101000000001 G
b110110000001 #
b110110000001 H
b1000111011011000 "
b1000111011011000 I
b1110000000001001 +
b1110000000001001 8
b10111001111 ,
b10111001111 9
b1110010001100110 )
b1110010001100110 6
b1101110110011101 *
b1101110110011101 7
r-0.160400390625 X
r0.86077880859375 Y
r-0.694366455078125 V
r-0.4073486328125 W
b110100101 2
b101001 5
b110100101 4
r2.479180693626404e-06 R
r2.50060111284256e-06 S
r-0.068878173828125 P
r0.06787109375 Q
b100 1
b100101 3
r-0.06888065300881863 T
r0.06786859314888716 U
1-
#4370000
0-
#4375000
b1011010011100111011111100100 J
b101011110110110100011000101001 K
b1011010011100011011111100100 L
b101011110110110000011000101001 M
b1000000000000000 #
b1000000000000000 H
b1111110000111000 "
b1111110000111000 I
b11111010010000011000111111011010 E
b10001000011001010100000001010 F
b11010110100000010010010000000011 D
b10010111000010101000101100 G
b1110000000001001 B
b10111001111 C
b1110010001100110 @
b1101110110011101 A
b1110101101111000 +
b1110101101111000 8
b110111000101110 ,
b110111000101110 9
b1010011100011111 )
b1010011100011111 6
b1100101111011100 *
b1100101111011100 7
r0.2628173828125 X
r0.657318115234375 Y
r-0.304412841796875 V
r-0.86669921875 W
b110100110 2
b101010 5
b110100110 4
r1.094304025173187e-06 R
r1.376494765281677e-06 S
r0.105499267578125 P
r-0.884033203125 Q
b100 1
b100110 3
r0.1055003618821502 T
r-0.8840345796197653 U
1-
#4380000
0-
#4385000
b11101010110001011011111111 J
b111111011110001100011101101011101 K
b11101010101101011011111111 L
b111111011110001011111101101011101 M
b1110101101111000 B
b110111000101110 C
b1010011100011111 @
b1100101111011100 A
b11111111010111111010110001111010 E
b100010010110010101010000101 F
b11011100100100011110010110 D
b11111111001110000100001011110011 G
b1011010011100 #
b1011010011100 H
b101011110110110 "
b101011110110110 I
b10000110100100 +
b10000110100100 8
b101010000100011 ,
b101010000100011 9
b1101100100001001 )
b1101100100001001 6
b1001000100010000 *
b1001000100010000 7
r0.587890625 X
r0.41552734375 Y
r0.779052734375 V
r0.18353271484375 W
b110100111 2
b101011 5
b110100111 4
r0 R
r1.762993633747101e-06 S
r-1 P
r-0.029541015625 Q
b100 1
b100111 3
r-1 T
r-0.02953925263136625 U
1-
#4390000
0-
#4395000
b111011101111011100001110010110010 J
b111100010011011101001111000000000 K
b111011101111011011101110010110010 L
b111100010011011100101111000000000 M
b11101010110 #
b11101010110 H
b1111011110001100 "
b1111011110001100 I
b11011001101111110101100110010010 E
b100001011101000001100100000 F
b111001000001100101110001000 D
b11101001100011110010100110001000 G
b10000110100100 B
b101010000100011 C
b1101100100001001 @
b1001000100010000 A
b100101101000000 +
b100101101000000 8
b11010100110000 ,
b11010100110000 9
b110001110111000 )
b110001110111000 6
b1011101111110 *
b1011101111110 7
r-0.243896484375 X
r0.812896728515625 Y
r0.5167236328125 V
r-0.995025634765625 W
b110101000 2
b101100 5
b110101000 4
r1.332536339759827e-05 R
r1.46869570016861e-06 S
r0.1766357421875 P
r0.68524169921875 Q
b100 1
b101000 3
r0.1766490675508976 T
r0.6852431679144502 U
1-
#4400000
0-
#4405000
b111100100100111011101111001111011 J
b111100000101010010010001001101100 K
b111100100100111011001111001111011 L
b111100000101010001110001001101100 M
b100101101000000 B
b11010100110000 C
b110001110111000 @
b1011101111110 A
b11110011001100011010000000111011 E
b11110001011010111111111001000000 F
b11111010111000010011001011000100 D
b11011011100010100001010100110000 G
b1011101111011100 #
b1011101111011100 H
b1100010011011101 "
b1100010011011101 I
b1110000011001000 +
b1110000011001000 8
b110100000001101 ,
b110100000001101 9
b100001000100100 )
b100001000100100 6
b1000000010100011 *
b1000000010100011 7
r-0.3699951171875 X
r0.49407958984375 Y
r-0.988983154296875 V
r-0.39910888671875 W
b110101001 2
b101101 5
b110101001 4
r9.776093065738678e-06 R
r1.105479896068573e-06 S
r0.05731201171875 P
r-0.0660400390625 Q
b100 1
b101001 3
r0.05730223562568426 T
r-0.06604114454239607 U
1-
#4410000
0-
#4415000
b11011100111111101010000000000 J
b111100111100100011110011110100000 K
b11011100111111001010000000000 L
b111100111100100011010011110100000 M
b1100100100111011 #
b1100100100111011 H
b1100000101010010 "
b1100000101010010 I
b10100101101111100101010000000 E
b110111001111100100110000000 F
b11101010011111101011000000000 D
b100111000010111110110100000 G
b1110000011001000 B
b110100000001101 C
b100001000100100 @
b1000000010100011 A
b1101000010100100 +
b1101000010100100 8
b11111100111110 ,
b11111100111110 9
b1000000101101001 )
b1000000101101001 6
b1100110011101010 *
b1100110011101010 7
r-0.648529052734375 X
r0.8931884765625 Y
r-0.22467041015625 V
r-0.155792236328125 W
b110101010 2
b101110 5
b110101010 4
r8.417293429374695e-06 R
r8.106231689453125e-06 S
r-0.5323486328125 P
r-0.462005615234375 Q
b100 1
b101010 3
r-0.5323570501059294 T
r-0.4620137214660645 U
1-
#4420000
0-
#4425000
b101010011010100101101100101100 J
b111010100010011001101010000100111 K
b101010011010100001101100101100 L
b111010100010011001001010000100111 M
b1101000010100100 B
b11111100111110 C
b1000000101101001 @
b1100110011101010 A
b11010111000011111101111010100 E
b1111100010000001111101011000 F
b11110111111011110010110000100000 D
b11001100001110111100000001000111 G
b11011100111111 #
b11011100111111 H
b1100111100100011 "
b1100111100100011 I
b1010110011111101 +
b1010110011111101 8
b111001001010100 ,
b111001001010100 9
b1110001100111110 )
b1110001100111110 6
b1110110000001111 *
b1110110000001111 7
r0.2293701171875 X
r0.203277587890625 Y
r-0.764007568359375 V
r-0.731964111328125 W
b110101011 2
b101111 5
b110101011 4
r7.267110049724579e-06 R
r7.051974534988403e-06 S
r-0.427886962890625 P
r-0.48968505859375 Q
b100 1
b101011 3
r-0.4278796957805753 T
r-0.489692110568285 U
1-
#4430000
0-
#4435000
b111101010001011011101010001010110 J
b111011011111101100011111101101000 K
b111101010001011011001010001010110 L
b111011011111101011111111101101000 M
b101010011010100 #
b101010011010100 H
b1010100010011001 "
b1010100010011001 I
b11100000101110100010111001101110 E
b1001011100110110010111101000 F
b10111011010110011011101000100 D
b11110011011000010011011010101100 G
b1010110011111101 B
b111001001010100 C
b1110001100111110 @
b1110110000001111 A
b1110101011100 +
b1110101011100 8
b1101000000101 ,
b1101000000101 9
b1001111000110101 )
b1001111000110101 6
b1010001001001111 *
b1010001001001111 7
r0.37518310546875 X
r0.5853271484375 Y
r0.935272216796875 V
r0.86199951171875 W
b110101100 2
b110000 5
b110101100 4
r4.76837158203125e-06 R
r9.447336196899414e-06 S
r0.431610107421875 P
r-0.381744384765625 Q
b100 1
b101100 3
r0.431614875793457 T
r-0.3817349374294281 U
1-
#4440000
0-
#4445000
b111111001100111111100101100101011 J
b111101101110001010010011010100110 K
b111111001100111111000101100101011 L
b111101101110001001110011010100110 M
b1110101011100 B
b1101000000101 C
b1001111000110101 @
b1010001001001111 A
b11110011001010000010110001011000 E
b110011101110101111011010011 F
b1001010100110011110001000110 D
b11110111000110000010001011101100 G
b1101010001011011 #
b1101010001011011 H
b1011011111101100 "
b1011011111101100 I
b11000000000110 +
b11000000000110 8
b100101011101100 ,
b100101011101100 9
b111011110110111 )
b111011110110111 6
b110111001010110 *
b110111001010110 7
r-0.194549560546875 X
r0.21185302734375 Y
r0.4041748046875 V
r0.717987060546875 W
b110101101 2
b110001 5
b110101101 4
r6.478279829025269e-06 R
r4.804693162441254e-06 S
r0.6627197265625 P
r-0.682830810546875 Q
b100 1
b101101 3
r0.662726204842329 T
r-0.6828260058537126 U
1-
#4450000
0-
#4455000
b111101011010100010000000001101101 J
b1101100011001010101111111 K
b111101011010100001100000001101101 L
b1101100010101010101111111 M
b1111001100111111 #
b1111001100111111 H
b1101101110001010 "
b1101101110001010 I
b11110110000011110111100100001001 E
b11110101010000010100011101100100 F
b11110100110010001101110000001100 D
b11110110011110100011000110001011 G
b11000000000110 B
b100101011101100 C
b111011110110111 @
b110111001010110 A
b1110011100011001 +
b1110011100011001 8
b1101100011110 ,
b1101100011110 9
b11001110111100 )
b11001110111100 6
b101101111100111 *
b101101111100111 7
r0.2296142578125 X
r-0.762115478515625 Y
r0.174163818359375 V
r0.869476318359375 W
b110101110 2
b110010 5
b110101110 4
r4.848465323448181e-06 R
r1.415610313415527e-07 S
r-0.340972900390625 P
r-0.5631103515625 Q
b100 1
b101110 3
r-0.3409680519253016 T
r-0.5631104931235313 U
1-
#4460000
0-
#4465000
b110111101111000011100010111000 J
b1001110101011011010011111110 K
b110111101110111111100010111000 L
b1001110101010111010011111110 M
b1110011100011001 B
b1101100011110 C
b11001110111100 @
b101101111100111 A
b100011000010010100001010110100 E
b10100101100101011011000000100 F
b10110011101010001111001001010 D
b100000010010101001001101001000 G
b1101011010100010 #
b1101011010100010 H
b1101100011 "
b1101100011 I
b1110101100100 +
b1110101100100 8
b1001111001110011 ,
b1001111001110011 9
b1011001001011 )
b1011001001011 6
b110111101001011 *
b110111101001011 7
r-0.757568359375 X
r0.29345703125 Y
r-0.103790283203125 V
r0.167755126953125 W
b110101111 2
b110011 5
b110101111 4
r2.662651240825653e-06 R
r6.044283509254456e-06 S
r-0.099639892578125 P
r-0.28485107421875 Q
b100 1
b101111 3
r-0.09963722992688417 T
r-0.2848571185022593 U
1-
#4470000
0-
#4475000
b111111100100010101000111010010111 J
b1110110001001011000010110110 K
b111111100100010100100111010010111 L
b1110110001000111000010110110 M
b110111101111000 #
b110111101111000 H
b1001110101011 "
b1001110101011 I
b101011110101110010000001000 E
b11110111000011110110101010001111 F
b11111010111101111011000101011100 D
b1001101111000010001000010010 G
b1110101100100 B
b1001111001110011 C
b1011001001011 @
b110111101001011 A
b1001111100001000 +
b1001111100001000 8
b10010110010000 ,
b10010110010000 9
b1111001010110111 )
b1111001010110111 6
b1010101111001 *
b1010101111001 7
r0.13922119140625 X
r-0.408538818359375 Y
r0.035797119140625 V
r-0.460693359375 W
b110110000 2
b110100 5
b110110000 4
r1.515727490186691e-05 R
r1.013372093439102e-05 S
r-0.32318115234375 P
r0.026458740234375 Q
b100 1
b110000 3
r-0.3231963096186519 T
r0.02644860651344061 U
1-
#4480000
0-
#4485000
b100010010001000010111111101 J
b111010011000010000101010001100101 K
b100010010000100010111111101 L
b111010011000010000001010001100101 M
b1001111100001000 B
b10010110010000 C
b1111001010110111 @
b1010101111001 A
b11110111100000010100110110110001 E
b1100110001101111100001001100 F
b10100011110011010001001100 D
b11010101100101110100100010110001 G
b1111100100010101 #
b1111100100010101 H
b1110110001001 "
b1110110001001 I
b1000111010010 +
b1000111010010 8
b1100101110110101 ,
b1100101110110101 9
b10010010101 )
b10010010101 6
b1100010100001000 *
b1100010100001000 7
r0.072906494140625 X
r0.244476318359375 Y
r-0.88677978515625 V
r-0.532501220703125 W
b110110001 2
b110101 5
b110110001 4
r1.735985279083252e-06 R
r2.624467015266418e-06 S
r0.870849609375 P
r0.153656005859375 Q
b100 1
b110001 3
r0.8708478733897209 T
r0.1536533813923597 U
1-
#4490000
0-
#4495000
b111110101111010110000110010111000 J
b111111110000111101001001001011000 K
b111110101111010101100110010111000 L
b111111110000111100101001001011000 M
b100010010001 #
b100010010001 H
b1010011000010000 "
b1010011000010000 I
b11111110000011001111100111110000 E
b11110111110111011101001011001000 F
b101000010000011111010111000 D
b11001001101001000100010000 G
b1000111010010 B
b1100101110110101 C
b10010010101 @
b1100010100001000 A
b100101010101 +
b100101010101 8
b1111101001011 ,
b1111101001011 9
b1000111001111110 )
b1000111001111110 6
b1011101111010111 *
b1011101111010111 7
r0.771759033203125 X
r0.88409423828125 Y
r-0.042724609375 V
r-0.957275390625 W
b110110010 2
b110110 5
b110110010 4
r1.178029924631119e-05 R
r3.645196557044983e-06 S
r-0.054046630859375 P
r0.230743408203125 Q
b100 1
b110010 3
r-0.05405841115862131 T
r0.230739763006568 U
1-
#4500000
0-
#4505000
b111111010111101011100110011101001 J
b1011101110100011111101101110 K
b111111010111101011000110011101001 L
b1011101110011111111101101110 M
b100101010101 B
b1111101001011 C
b1000111001111110 @
b1011101111010111 A
b11111111000100000110010001011001 E
b11111011111001010010100010010000 F
b10100011010011100111010 D
b1100000010111010011010101000 G
b1110101111010110 #
b1110101111010110 H
b1111110000111101 "
b1111110000111101 I
b110001011001001 +
b110001011001001 8
b111000100101010 ,
b111000100101010 9
b1111101010001000 )
b1111101010001000 6
b1000010101111000 *
b1000010101111000 7
r-0.463714599609375 X
r0.1771240234375 Y
r-0.0584716796875 V
r-0.575225830078125 W
b110110011 2
b110111 5
b110110011 4
r1.383107155561447e-05 R
r4.862435162067413e-06 S
r0.066925048828125 P
r-0.70263671875 Q
b100 1
b110011 3
r0.06691121775656939 T
r-0.7026318563148379 U
1-
#4510000
0-
#4515000
b111101111101001000010111001001101 J
b111111011110011101001001100100111 K
b111101111101000111110111001001101 L
b111111011110011100101001100100111 M
b1111010111101011 #
b1111010111101011 H
b1011101110100 "
b1011101110100 I
b11110010001000000000000011101010 E
b11111101100000111110110101100011 F
b11111011110111001011110111010110 D
b11110111101010110001000011111101 G
b110001011001001 B
b111000100101010 C
b1111101010001000 @
b1000010101111000 A
b1100010010100101 +
b1100010010100101 8
b1011010101100 ,
b1011010101100 9
b1111100010000100 )
b1111100010000100 6
b1011011001011111 *
b1011011001011111 7
r-0.2657470703125 X
r-0.668304443359375 Y
r-0.32843017578125 V
r0.060943603515625 W
b110110100 2
b111000 5
b110110100 4
r1.2226402759552e-05 R
r1.088529825210571e-05 S
r-0.15753173828125 P
r-0.029388427734375 Q
b100 1
b110100 3
r-0.1575439646840096 T
r-0.02939931303262711 U
1-
#4520000
0-
#4525000
b111001110010011010001110110001000 J
b111001011111100100101100011101000 K
b111001110010011001101110110001000 L
b111001011111100100001100011101000 M
b1100010010100101 B
b1011010101100 C
b1111100010000100 @
b1011011001011111 A
b11111101100101010010001001010000 E
b11010000101101111011101100111000 F
b11111101111000111100010011001000 D
b11001001110101011101110110110000 G
b1101111101001000 #
b1101111101001000 H
b1111011110011101 "
b1111011110011101 I
b1101110111111100 +
b1101110111111100 8
b1010101001110101 ,
b1010101001110101 9
b1101010111110110 )
b1101010111110110 6
b11111001101 *
b11111001101 7
r-0.487518310546875 X
r0.18743896484375 Y
r0.092498779296875 V
r-0.496246337890625 W
b110110101 2
b111001 5
b110110101 4
r3.078021109104156e-06 R
r1.359730958938599e-07 S
r-0.078765869140625 P
r0.1832275390625 Q
b100 1
b110101 3
r-0.0787627911195159 T
r0.1832274030894041 U
1-
#4530000
0-
#4535000
b10000011010001101011111101011 J
b111110111101111101011010011000000 K
b10000011010001001011111101011 L
b111110111101111100111010011000000 M
b1001110010011010 #
b1001110010011010 H
b1001011111100100 "
b1001011111100100 I
b11111111010101100101000010110000 E
b10001000100100100011100111011 F
b1101111000011110100010100 D
b11111001011110101011000111010100 G
b1101110111111100 B
b1010101001110101 C
b1101010111110110 @
b11111001101 A
b1100000110011001 +
b1100000110011001 8
b1011111111110 ,
b1011111111110 9
b101111010111 )
b101111010111 6
b1100000001111011 *
b1100000001111011 7
r0.944183349609375 X
r-0.016448974609375 Y
r-0.5152587890625 V
r0.172119140625 W
b110110110 2
b111010 5
b110110110 4
r4.219822585582733e-06 R
r1.069251447916031e-05 S
r-0.255615234375 P
r-0.065521240234375 Q
b100 1
b110110 3
r-0.2556194541975856 T
r-0.06553193274885416 U
1-
#4540000
0-
#4545000
b1101000000110000110000111010 J
b111110111110011101111011010001001 K
b1101000000101100110000111010 L
b111110111110011101011011010001001 M
b1100000110011001 B
b1011111111110 C
b101111010111 @
b1100000001111011 A
b1110000011000010010101101110 E
b11111110111101101010011011001100 F
b101100101011111110000101000 D
b11111101011001001011001010110001 G
b10000011010001 #
b10000011010001 H
b1110111101111101 "
b1110111101111101 I
b111100011011011 +
b111100011011011 8
b1111110111100101 ,
b1111110111100101 9
b1011111000001100 )
b1011111000001100 6
b1011000001000 *
b1011000001000 7
r-0.669464111328125 X
r-0.601898193359375 Y
r-0.682525634765625 V
r-0.100494384765625 W
b110110111 2
b111011 5
b110110111 4
r8.217990398406982e-06 R
r5.938112735748291e-06 S
r-0.77655029296875 P
r-0.8133544921875 Q
b100 1
b110111 3
r-0.7765585109591484 T
r-0.8133485540747643 U
1-
#4550000
0-
#4555000
b10000100110000001010011010101 J
b111111100111011110001110010001011 K
b10000100101111101010011010101 L
b111111100111011101101110010001011 M
b1101000000110 #
b1101000000110 H
b1110111110011101 "
b1110111110011101 I
b1000111000001000001010010 E
b1111011110111100010010000011 F
b11111101000111010010101001111111 D
b11111010000011000000011100001010 G
b111100011011011 B
b1111110111100101 C
b1011111000001100 @
b1011000001000 A
b1010101001001111 +
b1010101001001111 8
b1011001011110101 ,
b1011001011110101 9
b1010100010100011 )
b1010100010100011 6
b1111001100100011 *
b1111001100100011 7
r-0.124481201171875 X
r-0.04718017578125 Y
r-0.571746826171875 V
r0.61297607421875 W
b110111000 2
b111100 5
b110111000 4
r5.702488124370575e-06 R
r2.682209014892578e-06 S
r0.256378173828125 P
r-0.128997802734375 Q
b100 1
b111000 3
r0.2563838763162494 T
r-0.1290004849433899 U
1-
#4560000
0-
#4565000
b1010111100011011010110010100 J
b11110111101001010100011100100 K
b1010111100010111010110010100 L
b11110111101000110100011100100 M
b1010101001001111 B
b1011001011110101 C
b1010100010100011 @
b1111001100100011 A
b100010101101110010111100 E
b1010011001101001100011011000 F
b11100000110111010011010001000100 D
b11111111110100011001110100101000 G
b10000100110000 #
b10000100110000 H
b1111100111011110 "
b1111100111011110 I
b1111000000010001 +
b1111000000010001 8
b1111100111110110 ,
b1111100111110110 9
b1011011011010001 )
b1011011011010001 6
b100111001110110 *
b100111001110110 7
r0.45220947265625 X
r0.376556396484375 Y
r0.49749755859375 V
r-0.012939453125 W
b110111001 2
b111101 5
b110111001 4
r1.234374940395355e-05 R
r1.30021944642067e-05 S
r0.20330810546875 P
r-0.128021240234375 Q
b100 1
b111001 3
r0.203295761719346 T
r-0.1280082380399108 U
1-
#4570000
0-
#4575000
b11110100110010011111111001100 J
b111100110101000001111111000110010 K
b11110100110001111111111001100 L
b111100110101000001011111000110010 M
b1010111100011 #
b1010111100011 H
b11110111101001 "
b11110111101001 I
b11010010010101011100111111111 E
b100010011100100010111001101 F
b11101001111100100100001001101 D
b11110111110000011001111111 G
b1111000000010001 B
b1111100111110110 C
b1011011011010001 @
b100111001110110 A
b11100111100010 +
b11100111100010 8
b11000000110011 ,
b11000000110011 9
b11111110101110 )
b11111110101110 6
b1111111001011000 *
b1111111001011000 7
r0.679931640625 X
r-0.978057861328125 Y
r-0.7135009765625 V
r-0.58447265625 W
b110111010 2
b111110 5
b110111010 4
r1.029204577207565e-05 R
r8.453615009784698e-06 S
r0.25927734375 P
r-0.04791259765625 Q
b100 1
b111010 3
r0.2592670517042279 T
r-0.04792105127125978 U
1-
#4580000
0-
#4585000
b111111100110110000000101110101100 J
b111111001100110000101011110000011 K
b111111100110101111100101110101100 L
b111111001100110000001011110000011 M
b11100111100010 B
b11000000110011 C
b11111110101110 @
b1111111001011000 A
b1101110011111010111010110 E
b11111011000111011101010111010110 F
b100100011100001001111100001 D
b11111110001001100010101101100100 G
b11110100110010 #
b11110100110010 H
b1100110101000001 "
b1100110101000001 I
b101011100001000 +
b101011100001000 8
b1000001011001111 ,
b1000001011001111 9
b1010010010101100 )
b1010010010101100 6
b1011010100110000 *
b1011010100110000 7
r-0.969482421875 X
r0.92791748046875 Y
r-0.391754150390625 V
r-0.854248046875 W
b110111011 2
b111111 5
b110111011 4
r2.484768629074097e-06 R
r5.509704351425171e-06 S
r0.170989990234375 P
r0.483673095703125 Q
b100 1
b111011 3
r0.1709875054657459 T
r0.4836675859987736 U
1-
#4590000
0-
#4595000
b1011100111011011000101011010 J
b111110001010010100111010111101100 K
b1011100111010111000101011010 L
b111110001010010100011010111101100 M
b1111100110110000 #
b1111100110110000 H
b1111001100110000 "
b1111001100110000 I
b1011111111010100111110101010 E
b11111111101000000010000110110000 F
b1110011001011111010110011100 D
b11111111101100000010101110001000 G
b101011100001000 B
b1000001011001111 C
b1010010010101100 @
b1011010100110000 A
b1000001111101000 +
b1000001111101000 8
b111011011000110 ,
b111011011000110 9
b1100110111011011 )
b1100110111011011 6
b1001001010101000 *
b1001001010101000 7
r-0.81732177734375 X
r-0.376861572265625 Y
r-0.501068115234375 V
r0.918701171875 W
b110111100 2
b0 5
b110111100 4
r4.842877388000488e-08 R
r1.482851803302765e-05 S
r0.47808837890625 P
r-0.396453857421875 Q
b100 1
b111100 3
r0.4780883304774761 T
r-0.396439028903842 U
1-
#4600000
0-
#4605000
b10011001110101011100010010100 J
b1000011101000101000100001110000 K
b10011001110100111100010010100 L
b1000011101000100100100001110000 M
b1000001111101000 B
b111011011000110 C
b1100110111011011 @
b1001001010101000 A
b101100101010010111111100010100 E
b11100110100100001111100110000000 F
b11100000111100111001100101100000 D
b100100100101011110000111010000 G
b1011100111011 #
b1011100111011 H
b1110001010010100 "
b1110001010010100 I
b1001011101100010 +
b1001011101100010 8
b1100111111000011 ,
b1100111111000011 9
b1011111111011101 )
b1011111111011101 6
b111010110011000 *
b111010110011000 7
r0.343292236328125 X
r-0.73712158203125 Y
r0.559844970703125 V
r-0.041534423828125 W
b110111101 2
b1 5
b110111101 4
r1.247599720954895e-05 R
r5.605630576610565e-06 S
r-0.04931640625 P
r-0.10009765625 Q
b100 1
b111101 3
r-0.04932888224720955 T
r-0.1000920506194234 U
1-
#4610000
0-
#4615000
b11101101111010100100110100010 J
b110110100111101100111111001111000 K
b11101101111010000100110100010 L
b110110100111101100011111001111000 M
b10011001110101 #
b10011001110101 H
b111111111111111 "
b111111111111111 I
b11101000101111000010100101100010 E
b110101000000001110000001000000 F
b11000010011101001111101111000 D
b11001101010001001101110111110000 G
b1001011101100010 B
b1100111111000011 C
b1011111111011101 @
b111010110011000 A
b10101111110001 +
b10101111110001 8
b1010000110100110 ,
b1010000110100110 9
b100011110101001 )
b100011110101001 6
b1111101010101111 *
b1111101010101111 7
r-0.24609375 X
r0.19390869140625 Y
r0.937530517578125 V
r-0.344696044921875 W
b110111110 2
b10 5
b110111110 4
r3.492459654808044e-06 R
r1.285597681999207e-05 S
r0.181488037109375 P
r-0.2298583984375 Q
b100 1
b111110 3
r0.1814845446497202 T
r-0.22984554246068 U
1-
#4620000
0-
#4625000
b111011100000001111100010010000111 J
b111001111101000011110110100101110 K
b111011100000001111000010010000111 L
b111001111101000011010110100101110 M
b10101111110001 B
b1010000110100110 C
b100011110101001 @
b1111101010101111 A
b1100000101011101100001010111 E
b11001111111100011010110000110000 F
b11010001101011100110110011010 D
b11101001110101110111101011001000 G
b11101101111010 #
b11101101111010 H
b1000000000000000 "
b1000000000000000 I
b1110000010000000 +
b1110000010000000 8
b1100011010010 ,
b1100011010010 9
b111100000000001 )
b111100000000001 6
b1101001111100001 *
b1101001111100001 7
r-0.8980712890625 X
r0.540802001953125 Y
r0.911712646484375 V
r-0.21429443359375 W
b110111111 2
b11 5
b110111111 4
r1.769512891769409e-06 R
r0 S
r0.300445556640625 P
r0.999969482421875 Q
b100 1
b111111 3
r0.3004437871277332 T
r0.999969482421875 U
1-
#4630000
0-
#4635000
b111100100101011010110010001010101 J
b111110101101010010000001101100001 K
b111100100101011010010010001010101 L
b111110101101010001100001101100001 M
b1011100000001111 #
b1011100000001111 H
b1001111101000011 "
b1001111101000011 I
b11100101100101101100000010010110 E
b11111111000101100110001110111111 F
b1100010011001101100100011001 D
b1111101011001110001111010 G
b1110000010000000 B
b1100011010010 C
b111100000000001 @
b1101001111100001 A
b1000110100001100 +
b1000110100001100 8
b100010100111001 ,
b100010100111001 9
b111010010110011 )
b111010010110011 6
b1110010010010010 *
b1110010010010010 7
r0.054595947265625 X
r-0.092559814453125 Y
r-0.440887451171875 V
r0.61346435546875 W
b111000000 2
b100 5
b111000000 4
r2.29664146900177e-06 R
r0.46466064453125 P
r-1 Q
b100 1
b0 3
r0.464662941172719 T
r-1 U
1-
#4640000
0-
#4645000
b10001000100001001100101010010 J
b1010011111010100011000010010 K
b10001000100000101100101010010 L
b1010011111010000011000010010 M
b1000110100001100 B
b100010100111001 C
b111010010110011 @
b1110010010010010 A
b1011101000101000100011010010 E
b101011011011101000010000000 F
b11110001001110111110000010000000 D
b11111011101110001110011010010010 G
b1100100101011010 #
b1100100101011010 H
b1110101101010010 "
b1110101101010010 I
b11011111101 +
b11011111101 8
b1111010000100111 ,
b1111010000100111 9
b1100011110010001 )
b1100011110010001 6
b100111010000110 *
b100111010000110 7
r-0.365142822265625 X
r0.78759765625 Y
r0.46240234375 V
r0.714996337890625 W
b111000001 2
b101 5
b111000001 4
r1.07940286397934e-06 R
r1.077167689800262e-05 S
r-0.562042236328125 P
r-0.755767822265625 Q
b100 1
b1 3
r-0.562041156925261 T
r-0.755757050588727 U
1-
#4650000
0-
#4655000
b101011110111111001101110110011 J
b101100111111000110111100011110 K
b101011110111110101101110110011 L
b101100111111000010111100011110 M
b10001000100001 #
b10001000100001 H
b1010011111010 "
b1010011111010 I
b11111100011100011101011011011 E
b1100010100010010000011011000 F
b11001011100110010000111101100100 D
b11111000100101010011111010000010 G
b11011111101 B
b1111010000100111 C
b1100011110010001 @
b100111010000110 A
b1101000101000011 +
b1101000101000011 8
b110010011010000 ,
b110010011010000 9
b11101100110000 )
b11101100110000 6
b101101110000101 *
b101101110000101 7
r-0.34222412109375 X
r0.77813720703125 Y
r-0.06732177734375 V
r-0.126495361328125 W
b111000010 2
b110 5
b111000010 4
r8.662231266498566e-06 R
r1.445319503545761e-05 S
r-0.42694091796875 P
r-0.16156005859375 Q
b100 1
b10 3
r-0.4269322557374835 T
r-0.1615745117887855 U
1-
#4660000
0-
#4665000
b100110000011001100110000101 J
b111111101111010000100111000011101 K
b100110000010101100110000101 L
b111111101111010000000111000011101 M
b1101000101000011 B
b110010011010000 C
b11101100110000 @
b101101110000101 A
b10100111001001101100010111 E
b10001001001011111001101110 F
b11111110011101011010000001001101 D
b11111100010111011010111001101010 G
b101011110111111 #
b101011110111111 H
b101100111111000 "
b101100111111000 I
b1101010000110010 +
b1101010000110010 8
b110001110011010 ,
b110001110011010 9
b1111011101100010 )
b1111011101100010 6
b1110111111001111 *
b1110111111001111 7
r-0.0538330078125 X
r0.188751220703125 Y
r0.714447021484375 V
r-0.1151123046875 W
b111000011 2
b111 5
b111000011 4
r9.221956133842468e-06 R
r1.447275280952454e-06 S
r0.266632080078125 P
r0.16387939453125 Q
b100 1
b11 3
r0.2666228581219912 T
r0.163880841806531 U
1-
#4670000
0-
#4675000
b110100110011001111111001111 J
b101110110110001110001010000000 K
b110100110010101111111001111 L
b101110110110001010001010000000 M
b100110000011 #
b100110000011 H
b1111101111010000 "
b1111101111010000 I
b10111010011101101011100000000 E
b11101111010010101000100011001111 F
b11110101001100011010110110010000 D
b100100000010100101000000010000 G
b1101010000110010 B
b110001110011010 C
b1111011101100010 @
b1110111111001111 A
b1111100100011100 +
b1111100100011100 8
b1100000101001 ,
b1100000101001 9
b101101101110011 )
b101101101110011 6
b1111000101000100 *
b1111000101000100 7
r0.54449462890625 X
r-0.858001708984375 Y
r-0.3582763671875 V
r-0.380340576171875 W
b111000100 2
b1000 5
b111000100 4
r8.654780685901642e-06 R
r1.12336128950119e-05 S
r0.685516357421875 P
r0.702880859375 Q
b100 1
b100 3
r0.6855077026411891 T
r0.702892092987895 U
1-
#4680000
0-
#4685000
b111111111011010110011100101100010 J
b111111000001110100001011001100010 K
b111111111011010101111100101100010 L
b111111000001110011101011001100010 M
b1111100100011100 B
b1100000101001 C
b101101101110011 @
b1111000101000100 A
b11111100101001011011011011110100 E
b10110001010100001001101110 F
b1011110010111100100100100 D
b11111001101100110100111110000110 G
b110100110011 #
b110100110011 H
b101110110110001 "
b101110110110001 I
b100010110110010 +
b100010110110010 8
b1001001000101101 ,
b1001001000101101 9
b1101001000100100 )
b1101001000100100 6
b1100111101010001 *
b1100111101010001 7
r-0.350799560546875 X
r-0.242767333984375 Y
r-0.78582763671875 V
r0.184417724609375 W
b111000101 2
b1001 5
b111000101 4
r9.174458682537079e-06 R
r3.364868462085724e-06 S
r0.074310302734375 P
r-0.03271484375 Q
b100 1
b101 3
r0.07430112827569246 T
r-0.03271147888153791 U
1-
#4690000
0-
#4695000
b1001000001110011010011011011 J
b1000100100110100001010000 K
b1001000001101111010011011011 L
b1000100100010100001010000 M
b1111111011010110 #
b1111111011010110 H
b1111000001110100 "
b1111000001110100 I
b1000101000010110110101101011 E
b11001011000011101110000 F
b11111101100010011101101110010100 D
b11111110100111000000001111100100 G
b100010110110010 B
b1001001000101101 C
b1101001000100100 @
b1100111101010001 A
b1101001100011001 +
b1101001100011001 8
b1110000011101101 ,
b1110000011101101 9
b1001101101101010 )
b1001101101101010 6
b1011110011011 *
b1011110011011 7
r-0.524993896484375 X
r0.512237548828125 Y
r0.561676025390625 V
r-0.473236083984375 W
b111000110 2
b1010 5
b111000110 4
r7.675029337406158e-06 R
r8.225440979003906e-06 S
r0.103118896484375 P
r0.731964111328125 Q
b100 1
b110 3
r0.1031112214550376 T
r0.731972336769104 U
1-
#4700000
0-
#4705000
b110011010111011001110100110 J
b100001010111110001001000110101 K
b110011010110111001110100110 L
b100001010111101101001000110101 M
b1101001100011001 B
b1110000011101101 C
b1001101101101010 @
b1011110011011 A
b10011101011000111100001010100 E
b11110010101111101111101101010010 F
b11110011100000111101000100001000 D
b10100111000101010001100111101 G
b1001000001110 #
b1001000001110 H
b1000100100 "
b1000100100 I
b1011110011001101 +
b1011110011001101 8
b100000110010001 ,
b100000110010001 9
b100011111100101 )
b100011111100101 6
b1100001101101101 *
b1100001101101101 7
r-0.224884033203125 X
r-0.62347412109375 Y
r0.7666015625 V
r-0.6728515625 W
b111000111 2
b1011 5
b111000111 4
r1.577660441398621e-06 R
r9.922310709953308e-06 S
r-0.00909423828125 P
r-0.1214599609375 Q
b100 1
b111 3
r-0.009095815941691399 T
r-0.12146988324821 U
1-
#4710000
0-
#4715000
b1000000100011111000001000101 J
b111101011011111100010111100100101 K
b1000000100011011000001000101 L
b111101011011111011110111100100101 M
b110011010111 #
b110011010111 H
b100001010111110 "
b100001010111110 I
b1100001101011010000100100010 E
b11111011110111000000111100100011 F
b10001101001001000101101011010 D
b11111101001000100111101001111111 G
b1011110011001101 B
b100000110010001 C
b100011111100101 @
b1100001101101101 A
b1110001100110111 +
b1110001100110111 8
b1011000000110010 ,
b1011000000110010 9
b110001000100000 )
b110001000100000 6
b1010100111100000 *
b1010100111100000 7
r0.23480224609375 X
r-0.190399169921875 Y
r-0.987884521484375 V
r0.52191162109375 W
b111001000 2
b1100 5
b111001000 4
r2.65706330537796e-06 R
r9.611248970031738e-06 S
r0.14105224609375 P
r0.0167236328125 Q
b100 1
b1000 3
r0.1410495890304446 T
r0.01673324406147003 U
1-
#4720000
0-
#4725000
b100010010100001010011111111110 J
b11010110111101111101011100 K
b100010010100000110011111111110 L
b11010110111001111101011100 M
b1110001100110111 B
b1011000000110010 C
b110001000100000 @
b1010100111100000 A
b10010011010011101110110110101 E
b1111111001101000101001001001 F
b11101101001000001011111001100001 D
b11110000011111000101110110111101 G
b1000000100011 #
b1000000100011 H
b1101011011111100 "
b1101011011111100 I
b1111000001110 +
b1111000001110 8
b1110011110100001 ,
b1110011110100001 9
b1000000110001101 )
b1000000110001101 6
b100001011001110 *
b100001011001110 7
r0.45654296875 X
r-0.781494140625 Y
r-0.474700927734375 V
r-0.69952392578125 W
b111001001 2
b1101 5
b111001001 4
r2.944841980934143e-06 R
r1.091789454221725e-05 S
r0.100311279296875 P
r0.52142333984375 Q
b100 1
b1001 3
r0.1003083344548941 T
r0.5214124219492078 U
1-
#4730000
0-
#4735000
b111101011000110001000100101100000 J
b100101111000011111100011100000 K
b111101011000110000100100101100000 L
b100101111000011011100011100000 M
b100010010100001 #
b100010010100001 H
b11010110111 "
b11010110111 I
b11100001011010010010101001000000 E
b1001101011110001111100100000 F
b11110100111101110111010011100000 D
b11010110110010010110111000000 G
b1111000001110 B
b1110011110100001 C
b1000000110001101 @
b100001011001110 A
b11101001110000 +
b11101001110000 8
b1001101111111000 ,
b1001101111111000 9
b1100001100111101 )
b1100001100111101 6
b1010011001110110 *
b1010011001110110 7
r-0.244171142578125 X
r0.9678955078125 Y
r0.784210205078125 V
r0.921295166015625 W
b111001010 2
b1110 5
b111001010 4
r1.150835305452347e-05 R
r4.01865690946579e-06 S
r0.126068115234375 P
r-0.3204345703125 Q
b100 1
b1010 3
r0.1260796235874295 T
r-0.3204385889694095 U
1-
#4740000
0-
#4745000
b10011111000011011111111110001 J
b1000011111001000100111011000 K
b10011111000010111111111110001 L
b1000011111000100100111011000 M
b11101001110000 B
b1001101111111000 C
b1100001100111101 @
b1010011001110110 A
b1100000010011011010010101101 E
b111110101111100101101000100 F
b11110001001001111001101110110110 D
b11111001101000111110010110001110 G
b1101011000110001 #
b1101011000110001 H
b100101111000011 "
b100101111000011 I
b1110000010111111 +
b1110000010111111 8
b111101111100100 ,
b111101111100100 9
b110010001100001 )
b110010001100001 6
b111010111101101 *
b111010111101101 7
r0.486175537109375 X
r0.53656005859375 Y
r-0.042877197265625 V
r0.18975830078125 W
b111001011 2
b1111 5
b111001011 4
r5.723908543586731e-06 R
r7.476657629013062e-06 S
r0.536163330078125 P
r0.052459716796875 Q
b100 1
b1011 3
r0.5361576061695814 T
r0.05246719345450401 U
1-
#4750000
0-
#4755000
b11010011011110000110111000 J
b110000110110111011011110100000 K
b11010011011010000110111000 L
b110000110110110111011110100000 M
b10011111000011 #
b10011111000011 H
b1000011111001 "
b1000011111001 I
b10111101111100001001000011000 E
b11101011100011111000111110100000 F
b11110010001000010011110010110000 D
b100010111111001011010001010000 G
b1110000010111111 B
b111101111100100 C
b110010001100001 @
b111010111101101 A
b11111000111011 +
b11111000111011 8
b100010010101110 ,
b100010010101110 9
b1111101010000011 )
b1111101010000011 6
b1100001001010 *
b1100001001010 7
r0.11236572265625 X
r-0.085540771484375 Y
r-0.95697021484375 V
r0.941864013671875 W
b111001100 2
b10000 5
b111001100 4
r1.302361488342285e-05 R
r1.356005668640137e-05 S
r-0.326629638671875 P
r0.591888427734375 Q
b100 1
b1100 3
r-0.3266426622867584 T
r0.5919019877910614 U
1-
#4760000
0-
#4765000
b100010001011101001110100110111 J
b1000101010100110110000110110101 K
b100010001011100101110100110111 L
b1000101010100110010000110110101 M
b11111000111011 B
b100010010101110 C
b1111101010000011 @
b1100001001010 A
b110000100101000000000101100100 E
b11110001100110100101101111010011 F
b11110011101111101100010001011111 D
b111001000100011110011000010100 G
b11010011011 #
b11010011011 H
b110000110110111 "
b110000110110111 I
b111001100010 +
b111001100010 8
b1111010100001101 ,
b1111010100001101 9
b1000010110000010 )
b1000010110000010 6
b111100010001111 *
b111100010001111 7
r0.750274658203125 X
r-0.1666259765625 Y
r0.68212890625 V
r0.377685546875 W
b111001101 2
b10001 5
b111001101 4
r1.396983861923218e-08 R
r1.291185617446899e-05 S
r0.310638427734375 P
r0.132598876953125 Q
b100 1
b1101 3
r0.3106384137645364 T
r0.1325859650969505 U
1-
#4770000
0-
#4775000
b100011011101101011000011000 J
b111110110011111010000011011 K
b100011011101001011000011000 L
b111110110011011010000011011 M
b100010001011101 #
b100010001011101 H
b111111111111111 "
b111111111111111 I
b11111110100001110001000100001010 E
b101111001111000010100001110 F
b11111110101010100111011000110001 D
b110100001000010101001001100 G
b111001100010 B
b1111010100001101 C
b1000010110000010 @
b111100010001111 A
b110000000001001 +
b110000000001001 8
b1110101010101100 ,
b1110101010101100 9
b101011101010000 )
b101011101010000 6
b11000001011000 *
b11000001011000 7
r0.392333984375 X
r0.9256591796875 Y
r-0.895111083984375 V
r-0.4119873046875 W
b111001110 2
b10010 5
b111001110 4
r8.039176464080811e-06 R
r1.996755599975586e-06 S
r0.051605224609375 P
r0.763397216796875 Q
b100 1
b1110 3
r0.05161326378583908 T
r0.763395220041275 U
1-
#4780000
0-
#4785000
b1100000000110110101001011000 J
b1101110100000001001111111 K
b1100000000110010101001011000 L
b1101110011100001001111111 M
b110000000001001 B
b1110101010101100 C
b101011101010000 @
b11000001011000 A
b101001111010011000110011010 E
b110110001011111100010111110 F
b11111001000111100011011111000100 D
b11111010110101111111101001000011 G
b100011011101 #
b100011011101 H
b111110110011 "
b111110110011 I
b11001000111000 +
b11001000111000 8
b111011001111100 ,
b111011001111100 9
b1000110101101101 )
b1000110101101101 6
b1100101101000100 *
b1100101101000100 7
r-0.462646484375 X
r0.404052734375 Y
r-0.811492919921875 V
r-0.881683349609375 W
b111001111 2
b10011 5
b111001111 4
r8.293427526950836e-06 R
r0 S
r0.534088134765625 P
r0.999969482421875 Q
b100 1
b1111 3
r0.534079841338098 T
r0.999969482421875 U
1-
#4790000
0-
#4795000
b1010110111001011110011011000 J
b111011011001110000001100101010000 K
b1010110111000111110011011000 L
b111011011001101111101100101010000 M
b1100000000110 #
b1100000000110 H
b1101110100 "
b1101110100 I
b11111000101110011100100111000000 E
b10010001000101011001100011000 F
b100000110000010001000111010000 D
b11111011111110001110101100100000 G
b11001000111000 B
b111011001111100 C
b1000110101101101 @
b1100101101000100 A
b1100010011001000 +
b1100010011001000 8
b11001110111000 ,
b11001110111000 9
b1001100000100001 )
b1001100000100001 6
b1000111100100101 *
b1000111100100101 7
r0.4432373046875 X
r0.3572998046875 Y
r0.089691162109375 V
r-0.086669921875 W
b111010000 2
b10100 5
b111010000 4
r5.267560482025146e-06 R
r1.242291182279587e-05 S
r0.069244384765625 P
r0.122650146484375 Q
b100 1
b10000 3
r0.06924965232610703 T
r0.1226625693961978 U
1-
#4800000
0-
#4805000
b111000000101000001011110110101100 J
b111111110000100011101001100011000 K
b111000000101000000111110110101100 L
b111111110000100011001001100011000 M
b1100010011001000 B
b11001110111000 C
b1001100000100001 @
b1000111100100101 A
b11001010111110001011111011001100 E
b11110101101001111011111011100000 F
b11101001100001100011100111011000 D
b11100111100101111100110011110000 G
b1010110111001 #
b1010110111001 H
b1011011001110000 "
b1011011001110000 I
b11100010111100 +
b11100010111100 8
b10110110111100 ,
b10110110111100 9
b101101111011 )
b101101111011 6
b1111010011101000 *
b1111010011101000 7
r-0.278289794921875 X
r-0.7459716796875 Y
r-0.5777587890625 V
r-0.513580322265625 W
b111010001 2
b10101 5
b111010001 4
r1.009553670883179e-05 R
r1.466367393732071e-05 S
r0.18768310546875 P
r0.0269775390625 Q
b100 1
b10001 3
r0.1876932010054588 T
r0.02696287538856268 U
1-
#4810000
0-
#4815000
b101000111110101001110100000 J
b111010001001011000110001111010000 K
b101000111110001001110100000 L
b111010001001011000010001111010000 M
b1000000101000001 #
b1000000101000001 H
b1111110000100011 "
b1111110000100011 I
b11101011000000111110101010111000 E
b11010000110110010100011101000 F
b11000000001110001110111001000 D
b11101001001100110100000110011000 G
b11100010111100 B
b10110110111100 C
b101101111011 @
b1111010011101000 A
b1101110001100001 +
b1101110001100001 8
b1010000010000100 ,
b1010000010000100 9
b1011011000001100 )
b1011011000001100 6
b1011111001000011 *
b1011111001000011 7
r0.493377685546875 X
r-0.2498779296875 Y
r-0.551727294921875 V
r0.657318115234375 W
b111010010 2
b10110 5
b111010010 4
r7.525086402893066e-07 R
r9.223818778991699e-06 S
r0.169708251953125 P
r-0.57470703125 Q
b100 1
b10010 3
r0.1697074994444847 T
r-0.574716255068779 U
1-
#4820000
0-
#4825000
b111111111100101111110011110110100 J
b111111011011110011000110000001100 K
b111111111100101111010011110110100 L
b111111011011110010100110000001100 M
b1101110001100001 B
b1010000010000100 C
b1011011000001100 @
b1011111001000011 A
b10000011010000110101010100 E
b11111101100010101001101001100000 F
b10100010110101011001010100 D
b11111110000001001010001001100000 G
b101000111110 #
b101000111110 H
b1010001001011000 "
b1010001001011000 I
b11111100100111 +
b11111100100111 8
b1110000000000100 ,
b1110000000000100 9
b1011100101100001 )
b1011100101100001 6
b101010000100011 *
b101010000100011 7
r-0.1778564453125 X
r-0.6080322265625 Y
r0.252044677734375 V
r-0.29827880859375 W
b111010011 2
b10111 5
b111010011 4
r5.550682544708252e-07 R
r4.552304744720459e-06 S
r-0.990203857421875 P
r-0.030181884765625 Q
b100 1
b10011 3
r-0.9902044124901295 T
r-0.03017733246088028 U
1-
#4830000
0-
#4835000
b100100101110110100100110010011 J
b1110001110101111000000000000 K
b100100101110110000100110010011 L
b1110001110101011000000000000 M
b1111111100101111 #
b1111111100101111 H
b1111011011110011 "
b1111011011110011 I
b11011100101010101111000110000 E
b1001001001011010101101100011 F
b1010010010100100101010001100 D
b11000100001001111101010001100 G
b11111100100111 B
b1110000000000100 C
b1011100101100001 @
b101010000100011 A
b1110100100111100 +
b1110100100111100 8
b1011001000101100 ,
b1011001000101100 9
b10000001000011 )
b10000001000011 6
b1101100111010010 *
b1101100111010010 7
r0.6478271484375 X
r0.310333251953125 Y
r0.364715576171875 V
r0.25714111328125 W
b111010100 2
b11000 5
b111010100 4
r4.678964614868164e-06 R
r8.538365364074707e-06 S
r0.08001708984375 P
r-0.731689453125 Q
b100 1
b10100 3
r0.08002176880836487 T
r-0.7316809147596359 U
1-
#4840000
0-
#4845000
b11101100101000111001111011001 J
b110111010010001001111000101 K
b11101100101000011001111011001 L
b110111010001101001111000101 M
b1110100100111100 B
b1011001000101100 C
b10000001000011 @
b1101100111010010 A
b1000110100101100010110000100 E
b10100110000010110111001010101 F
b11101110100101000001110011000111 D
b11110101011111001111000010001100 G
b100100101110110 #
b100100101110110 H
b1110001110101 "
b1110001110101 I
b101001011101100 +
b101001011101100 8
b10011110111001 ,
b10011110111001 9
b10111010101111 )
b10111010101111 6
b10000011101010 *
b10000011101010 7
r0.935333251953125 X
r-0.502105712890625 Y
r0.80926513671875 V
r0.8280029296875 W
b111010101 2
b11001 5
b111010101 4
r9.465962648391724e-06 R
r1.238659024238586e-05 S
r-0.006378173828125 P
r-0.070709228515625 Q
b100 1
b10101 3
r-0.006368707865476608 T
r-0.07072161510586739 U
1-
#4850000
0-
#4855000
b111111001100101101001000010111100 J
b1110011110100010100101100100 K
b111111001100101100101000010111100 L
b1110011110011110100101100100 M
b11101100101000 #
b11101100101000 H
b110111010010 "
b110111010010 I
b11110110001100010010000110000100 E
b11011001010010111100111000 F
b11111101001000011000101010110100 D
b1011100110110111010000011000 G
b101001011101100 B
b10011110111001 C
b10111010101111 @
b10000011101010 A
b111011110111001 +
b111011110111001 8
b1011111110111011 ,
b1011111110111011 9
b110011110010110 )
b110011110010110 6
b110100111111100 *
b110100111111100 7
r0.25958251953125 X
r0.764892578125 Y
r0.033782958984375 V
r-0.76568603515625 W
b111010110 2
b11010 5
b111010110 4
r2.282671630382538e-06 R
r1.1444091796875e-05 S
r0.57391357421875 P
r0.222320556640625 Q
b100 1
b10110 3
r0.5739158568903804 T
r0.2223320007324219 U
1-
#4860000
0-
#4865000
b10001111001111111000100101111 J
b111110101111111001001011111000110 K
b10001111001111011000100101111 L
b111110101111111000101011111000110 M
b111011110111001 B
b1011111110111011 C
b110011110010110 @
b110100111111100 A
b111001111100110010101110111 E
b1010101010010100101110111000 F
b1111000111110001011101010100 D
b101000110110110111100011010 G
b1111001100101101 #
b1111001100101101 H
b1110011110100 "
b1110011110100 I
b10000100111010 +
b10000100111010 8
b110000111101000 ,
b110000111101000 9
b10001010011 )
b10001010011 6
b1001110111111110 *
b1001110111111110 7
r-0.45538330078125 X
r0.965972900390625 Y
r0.702606201171875 V
r0.847381591796875 W
b111010111 2
b11011 5
b111010111 4
r1.236144453287125e-05 R
r1.054536551237106e-05 S
r0.462158203125 P
r0.10797119140625 Q
b100 1
b10111 3
r0.4621705645695329 T
r0.1079606460407376 U
1-
#4870000
0-
#4875000
b10111100011111000111110101110 J
b110110100111100110001100110101110 K
b10111100011110100111110101110 L
b110110100111100101101100110101110 M
b10001111001111 #
b10001111001111 H
b1110101111111001 "
b1110101111111001 I
b11100101111111101001010010010010 E
b110001100100001011101100011100 F
b110000011100011001010101100110 D
b11100101011001000110111100010100 G
b10000100111010 B
b110000111101000 C
b10001010011 @
b1001110111111110 A
b1100010110110110 +
b1100010110110110 8
b111101110100101 ,
b111101110100101 9
b101100111101111 )
b101100111101111 6
b110110001110111 *
b110110001110111 7
r-0.824249267578125 X
r0.592254638671875 Y
r0.813140869140625 V
r0.95635986328125 W
b111011000 2
b11100 5
b111011000 4
r1.126900315284729e-05 R
r5.39049506187439e-06 S
r-0.100189208984375 P
r0.2261962890625 Q
b100 1
b11000 3
r-0.1002004779875278 T
r0.2261908985674381 U
1-
#4880000
0-
#4885000
b111110100111011110010011111000100 J
b111011001111101001111111001100010 K
b111110100111011101110011111000100 L
b111011001111101001011111001100010 M
b1100010110110110 B
b111101110100101 C
b101100111101111 @
b110110001110111 A
b1101001110101111000111000 E
b11110011010001111000100110001100 F
b100011111010110111001110 D
b11011010100001000110110000110000 G
b10111100011111 #
b10111100011111 H
b1000000000000000 "
b1000000000000000 I
b1001011001111111 +
b1001011001111111 8
b100101111001111 ,
b100101111001111 9
b110100000010101 )
b110100000010101 6
b111101001101010 *
b111101001101010 7
r0.20355224609375 X
r0.3226318359375 Y
r-0.891937255859375 V
r-0.890472412109375 W
b111011001 2
b11101 5
b111011001 4
r1.172628253698349e-05 R
r9.590759873390198e-06 S
r0.279754638671875 P
r-0.156463623046875 Q
b100 1
b11001 3
r0.279766364954412 T
r-0.1564732138067484 U
1-
#4890000
0-
#4895000
b10010101111011011101110100101 J
b1001000110111010111101011001001 K
b10010101111010111101110100101 L
b1001000110111010011101011001001 M
b1110100111011110 #
b1110100111011110 H
b1011001111101001 "
b1011001111101001 I
b101011011011111100110000001011 E
b11100111010011011010111110011010 F
b11101011100001011101101011101010 D
b110100011000110001010110110011 G
b1001011001111111 B
b100101111001111 C
b110100000010101 @
b111101001101010 A
b1101000001110 +
b1101000001110 8
b10100101001100 ,
b10100101001100 9
b1000110111010101 )
b1000110111010101 6
b1000111000000101 *
b1000111000000101 7
r0.85845947265625 X
r0.627532958984375 Y
r0.250823974609375 V
r0.773681640625 W
b111011010 2
b11110 5
b111011010 4
r1.152046024799347e-05 R
r0 S
r0.368133544921875 P
r-1 Q
b100 1
b11010 3
r0.368122024461627 T
r-1 U
1-
#4900000
0-
#4905000
b111101100010111110110011010010001 J
b1001111001001010101100101001011 K
b111101100010111110010011010010001 L
b1001111001001010001100101001011 M
b1101000001110 B
b10100101001100 C
b1000110111010101 @
b1000111000000101 A
b11110110100100100111111111011 E
b11001101100011001101011010010110 F
b11010101000110101111000001101011 D
b100100010000000000100110110110 G
b10010101111011 #
b10010101111011 H
b111111111111111 "
b111111111111111 I
b110110111100010 +
b110110111100010 8
b101000001010011 ,
b101000001010011 9
b10000000011011 )
b10000000011011 6
b110001100001000 *
b110001100001000 7
r0.09442138671875 X
r-0.980560302734375 Y
r0.7337646484375 V
r-0.844085693359375 W
b111011011 2
b11111 5
b111011011 4
r5.777925252914429e-06 R
r1.487322151660919e-05 S
r-0.17291259765625 P
r-0.594451904296875 Q
b100 1
b11011 3
r-0.1729183755815029 T
r-0.5944370310753584 U
1-
#4910000
0-
#4915000
b111100001111110111011111010000010 J
b111111001001110111101001011010110 K
b111100001111110110111111010000010 L
b111111001001110111001001011010110 M
b1101100010111110 #
b1101100010111110 H
b11101101100101010011100000111100 E
b11110100011001100100011001000110 F
b11110100011000010110001110100110 D
b11101101100111001111011001111100 G
b110110111100010 B
b101000001010011 C
b10000000011011 @
b110001100001000 A
b110000010110 +
b110000010110 8
b1000001001111101 ,
b1000001001111101 9
b101110111101100 )
b101110111101100 6
b1001001111110101 *
b1001001111110101 7
r-0.61895751953125 X
r-0.956756591796875 Y
r-0.0125732421875 V
r-0.468902587890625 W
b111011100 2
b100000 5
b111011100 4
r1.038424670696259e-06 R
r0 S
r0.292816162109375 P
r0.999969482421875 Q
b100 1
b11100 3
r0.2928151236847043 T
r0.999969482421875 U
1-
#4920000
0-
#4925000
b110100100101001110110111010001 J
b10001010010110000010011000010 K
b110100100101001010110111010001 L
b10001010010101100010011000010 M
b110000010110 B
b1000001001111101 C
b101110111101100 @
b1001001111110101 A
b1010000100101101100011000001 E
b101010100000011101010100010000 F
b1101110001111101011011010110 D
b11111000100101001101110011000 G
b1100001111110111 #
b1100001111110111 H
b1111001001110111 "
b1111001001110111 I
b1011000011000110 +
b1011000011000110 8
b1000010110001001 ,
b1000010110001001 9
b1111111001100100 )
b1111111001100100 6
b1100001111111011 *
b1100001111111011 7
r-0.538055419921875 X
r0.601104736328125 Y
r0.659698486328125 V
r-0.081024169921875 W
b111011101 2
b100001 5
b111011101 4
r9.194947779178619e-06 R
r-0.30670166015625 P
b100 1
b11101 3
r-0.3066924652084708 T
1-
#4930000
0-
#4935000
b111001100110110100010011101001010 J
b110000100010011100011001011001 K
b111001100110110011110011101001010 L
b110000100010011000011001011001 M
b110100100101001 #
b110100100101001 H
b10001010010110 "
b10001010010110 I
b11010001111100111011010000111100 E
b11111010111001100011001100001110 F
b100011011110010001001001000 D
b110100111110001010100010100001 G
b1011000011000110 B
b1000010110001001 C
b1111111001100100 @
b1100001111111011 A
b1011101100100001 +
b1011101100100001 8
b100110011110001 ,
b100110011110001 9
b101010001110001 )
b101010001110001 6
b1111010110100001 *
b1111010110100001 7
r0.2991943359375 X
r0.70458984375 Y
r-0.466339111328125 V
r-0.5452880859375 W
b111011110 2
b100010 5
b111011110 4
r3.557652235031128e-07 R
r4.490837454795837e-06 S
r-0.469024658203125 P
r-0.105743408203125 Q
b100 1
b11110 3
r-0.4690250139683485 T
r-0.1057389173656702 U
1-
#4940000
0-
#4945000
b10011010110000111101110100110 J
b11100001101110000011011111011 K
b10011010110000011101110100110 L
b11100001101101100011011111011 M
b1011101100100001 B
b100110011110001 C
b101010001110001 @
b1111010110100001 A
b110001010001011110000100 E
b10010100100110010010000100010 F
b11111111000000101011000 D
b11100101101100100100001010011 G
b1001100110110100 #
b1001100110110100 H
b110000100010011 "
b110000100010011 I
b10011001001100 +
b10011001001100 8
b101101000110000 ,
b101101000110000 9
b1100010001001111 )
b1100010001001111 6
b1011101000110100 *
b1011101000110100 7
r-0.078277587890625 X
r-0.751495361328125 Y
r0.052764892578125 V
r-0.703643798828125 W
b111011111 2
b100011 5
b111011111 4
r1.092348247766495e-05 R
r1.412443816661835e-05 S
r0.821563720703125 P
r0.27020263671875 Q
b100 1
b11111 3
r0.8215746441856027 T
r0.2701885122805834 U
1-
#4950000
0-
#4955000
b11100001010111000111100100010 J
b10011100110011101101100000000 K
b11100001010110100111100100010 L
b10011100110011001101100000000 M
b10011010110000 #
b10011010110000 H
b11100001101110 "
b11100001101110 I
b11001011000010000101001100001 E
b10110010100100010011000001 F
b11101001010010000110110110010001 D
b11111100111000100000100010010001 G
b10011001001100 B
b101101000110000 C
b1100010001001111 @
b1011101000110100 A
b1111010111111011 +
b1111010111111011 8
b1001111111001111 ,
b1001111111001111 9
b11011000001 )
b11011000001 6
b1010010111101111 *
b1010010111101111 7
r-0.603057861328125 X
r-0.100006103515625 Y
r0.922454833984375 V
r0.41351318359375 W
b111100000 2
b100100 5
b111100000 4
r5.891546607017517e-06 R
r1.513399183750153e-06 S
r-0.7991943359375 P
r0.758392333984375 Q
b100 1
b100000 3
r-0.799200227484107 T
r0.7583938473835588 U
1-
#4960000
0-
#4965000
b111100000100001111101010001000000 J
b111110000010101110111000001001100 K
b111100000100001111001010001000000 L
b111110000010101110011000001001100 M
b1111010111111011 B
b1001111111001111 C
b11011000001 @
b1010010111101111 A
b11101010111110001001010011010000 E
b11110101100011101111111101110000 F
b11110111000100100000000101110100 D
b11100111011010010011000111000000 G
b11100001010111 #
b11100001010111 H
b10011100110011 "
b10011100110011 I
b1011001011001111 +
b1011001011001111 8
b1111001100110011 ,
b1111001100110011 9
b111011000010011 )
b111011000010011 6
b11010011101110 *
b11010011101110 7
r0.644012451171875 X
r-0.303497314453125 Y
r0.756378173828125 V
r0.100189208984375 W
b111100001 2
b100101 5
b111100001 4
r1.422129571437836e-05 R
r1.359451562166214e-05 S
r0.30224609375 P
r0.44085693359375 Q
b100 1
b100001 3
r0.3022603150457144 T
r0.4408433390781283 U
1-
#4970000
0-
#4975000
b111111010000000101100100 J
b100010000110111000100100000110 K
b111111001100000101100100 L
b100010000110110100100100000110 M
b1100000100001111 #
b1100000100001111 H
b1110000010101110 "
b1110000010101110 I
b11111101011101100101010100001111 E
b11100001100110110001010101 F
b11111111101111000101010000111011 D
b100001110101111001110101000001 G
b1011001011001111 B
b1111001100110011 C
b111011000010011 @
b11010011101110 A
b101001001101111 +
b101001001101111 8
b1101100100100111 ,
b1101100100100111 9
b110000011010001 )
b110000011010001 6
b110011010011 *
b110011010011 7
r-0.692169189453125 X
r0.446563720703125 Y
r0.23651123046875 V
r0.5562744140625 W
b111100010 2
b100110 5
b111100010 4
r1.165084540843964e-05 R
r6.437301635742188e-06 S
r0.440155029296875 P
r0.306243896484375 Q
b100 1
b100010 3
r0.4401433784514666 T
r0.3062503337860107 U
1-
#4980000
0-
#4985000
b111101010001000110001011100111011 J
b100000111101010000011000001101 K
b111101010001000101101011100111011 L
b100000111101001100011000001101 M
b101001001101111 B
b1101100100100111 C
b110000011010001 @
b110011010011 A
b11111010000110001000111011001001 E
b11110000000010100100100001110010 F
b11011100011001011010111101011101 D
b11111101010110100111010101101010 G
b111111010 #
b111111010 H
b100010000110111 "
b100010000110111 I
b1010011101100111 +
b1010011101100111 8
b11100100101001 ,
b11100100101001 9
b1111001000110 )
b1111001000110 6
b100011100110100 *
b100011100110100 7
r0.412200927734375 X
r0.527069091796875 Y
r0.755523681640625 V
r0.38116455078125 W
b111100011 2
b100111 5
b111100011 4
r4.827976226806641e-06 R
r1.151487231254578e-05 S
r-0.491729736328125 P
r-0.24468994140625 Q
b100 1
b100011 3
r-0.4917249083518982 T
r-0.2446784265339375 U
1-
#4990000
0-
#4995000
b111110101011100000100111001010100 J
b111011110111000010010001010000110 K
b111110101011100000000111001010100 L
b111011110111000001110001010000110 M
b1101010001000110 #
b1101010001000110 H
b100000111101010 "
b100000111101010 I
b11110001010011101110100011010111 E
b100001000010010010101111101 F
b11111001011001110110010011111 D
b11111110000011011100111100100101 G
b1010011101100111 B
b11100100101001 C
b1111001000110 @
b100011100110100 A
b11010011000011 +
b11010011000011 8
b100001101110111 ,
b100001101110111 9
b110000010110101 )
b110000010110101 6
b11000011001010 *
b11000011001010 7
r0.011016845703125 X
r-0.829376220703125 Y
r0.010498046875 V
r-0.677001953125 W
b111100100 2
b101000 5
b111100100 4
r1.492723822593689e-05 R
r1.310743391513824e-05 S
r0.01544189453125 P
r0.532928466796875 Q
b100 1
b100100 3
r0.01542696729302406 T
r0.5329153593629599 U
1-
#5000000
0-
#5005000
b111101110000111100100000100100010 J
b11010011000000110001100101010 K
b111101110000111100000000100100010 L
b11010011000000010001100101010 M
b11010011000011 B
b100001101110111 C
b110000010110101 @
b11000011001010 A
b110110000100110111100110110 E
b11100111010110111001000111101100 F
b11110101100001011101100000101010 D
b1111111001011111101101010100 G
b1110101011100000 #
b1110101011100000 H
b1011110111000010 "
b1011110111000010 I
b101101001 +
b101101001 8
b1001010111010111 ,
b1001010111010111 9
b101011000 )
b101011000 6
b1010100101011000 *
b1010100101011000 7
r-0.443603515625 X
r0.837127685546875 Y
r0.5164794921875 V
r0.12786865234375 W
b111100101 2
b101001 5
b111100101 4
r9.720213711261749e-06 R
r1.381617039442062e-05 S
r-0.34161376953125 P
r0.51495361328125 Q
b100 1
b100101 3
r-0.3416234897449613 T
r0.5149397971108556 U
1-
#5010000
0-
#5015000
b100011100010101100010100000001 J
b111111000111011010101111000000111 K
b100011100010101000010100000001 L
b111111000111011010001111000000111 M
b1101110000111100 #
b1101110000111100 H
b11010011000000 "
b11010011000000 I
b11001011111000101001100100011 E
b1010000011100011000111011110 F
b10011111011100110110111011111 D
b1100110110111000101111100110 G
b101101001 B
b1001010111010111 C
b101011000 @
b1010100101011000 A
b1100011100111000 +
b1100011100111000 8
b110101100100111 ,
b110101100100111 9
b100001000011100 )
b100001000011100 6
b1000001011110 *
b1000001011110 7
r-0.7977294921875 X
r0.76300048828125 Y
r0.508544921875 V
r0.8319091796875 W
b111100110 2
b101010 5
b111100110 4
r3.416091203689575e-06 R
r7.027760148048401e-06 S
r-0.1650390625 P
r-0.51751708984375 Q
b100 1
b100110 3
r-0.1650356464087963 T
r-0.517524117603898 U
1-
#5020000
0-
#5025000
b111111110111101110110011000000000 J
b100011111011011100101111010000 K
b111111110111101110010011000000000 L
b100011111011011000101111010000 M
b1100011100111000 B
b110101100100111 C
b100001000011100 @
b1000001011110 A
b11111111011100010101100011101000 E
b11111111100001011100110100011000 F
b11110010100011000 D
b100011111011110111000011101000 G
b100011100010101 #
b100011100010101 H
b1111000111011010 "
b1111000111011010 I
b1001100111100100 +
b1001100111100100 8
b110000110101010 ,
b110000110101010 9
b100000100011000 )
b100000100011000 6
b110101001111100 *
b110101001111100 7
r-0.237884521484375 X
r0.281707763671875 Y
r0.201629638671875 V
r0.34100341796875 W
b111100111 2
b101011 5
b111100111 4
r2.700835466384888e-07 R
r8.383765816688538e-06 S
r-0.2794189453125 P
r0.412109375 Q
b100 1
b100111 3
r-0.2794186752289534 T
r0.4121177587658167 U
1-
#5030000
0-
#5035000
b11000000010101010110011010100 J
b10101100000111100111000110010 K
b11000000010100110110011010100 L
b10101100000111000111000110010 M
b1111110111101110 #
b1111110111101110 H
b100011111011011 "
b100011111011011 I
b11011101010111100011001000100 E
b11111100010111101010011010010000 F
b11110001010101100011101000100000 D
b110110110011100100001010010 G
b1001100111100100 B
b110000110101010 C
b100000100011000 @
b110101001111100 A
b1110000110001101 +
b1110000110001101 8
b10010000001111 ,
b10010000001111 9
b1100111001111 )
b1100111001111 6
b10101110100110 *
b10101110100110 7
r0.5401611328125 X
r0.009765625 Y
r-0.1236572265625 V
r-0.3590087890625 W
b111101000 2
b101100 5
b111101000 4
r1.193024218082428e-06 R
r7.159076631069183e-06 S
r0.555328369140625 P
r-0.11053466796875 Q
b100 1
b101000 3
r0.5553295621648431 T
r-0.1105275088921189 U
1-
#5040000
0-
#5045000
b111101110010111001000010001100000 J
b1000010100101101010000011111000 K
b111101110010111000100010001100000 L
b1000010100101100110000011111000 M
b1110000110001101 B
b10010000001111 C
b1100111001111 @
b10101110100110 A
b11000110101010101000111110000 E
b11010101100001101111001001110000 F
b11100110000010010101000101100000 D
b101000100111111011001001011000 G
b11000000010101 #
b11000000010101 H
b10101100000111 "
b10101100000111 I
b100010100100100 +
b100010100100100 8
b101000000 ,
b101000000 9
b1111000000101100 )
b1111000000101100 6
b1101001000001100 *
b1101001000001100 7
r-0.2462158203125 X
r0.49163818359375 Y
r-0.240478515625 V
r0.482574462890625 W
b111101001 2
b101101 5
b111101001 4
r9.059906005859375e-06 R
r2.816319465637207e-06 S
r-0.01617431640625 P
r0.561370849609375 Q
b100 1
b101001 3
r-0.01616525650024414 T
r0.5613736659288406 U
1-
#5050000
0-
#5055000
b111111110011100011100111110001111 J
b1001001110000000000010110111 K
b111111110011100011000111110001111 L
b1001001101111100000010110111 M
b1101110010111001 #
b1101110010111001 H
b111111111111111 "
b111111111111111 I
b11101000101001111100100001 E
b11111010110011101111000001101110 F
b11111100111011100010011000000011 D
b110001001011110011010111010 G
b100010100100100 B
b101000000 C
b1111000000101100 @
b1101001000001100 A
b1110000001111100 +
b1110000001111100 8
b11111011101110 ,
b11111011101110 9
b1110000100111000 )
b1110000100111000 6
b11110111000101 *
b11110111000101 7
r-0.23291015625 X
r-0.60260009765625 Y
r-0.831207275390625 V
r0.884735107421875 W
b111101010 2
b101110 5
b111101010 4
r4.570931196212769e-06 R
r3.384426236152649e-06 S
r0.375640869140625 P
r0.336151123046875 Q
b100 1
b101010 3
r0.3756362982094288 T
r0.3361545074731112 U
1-
#5060000
0-
#5065000
b111110011100000110011110010110000 J
b100000011010010110011010000 K
b111110011100000101111110010110000 L
b100000011001110110011010000 M
b1110000001111100 B
b11111011101110 C
b1110000100111000 @
b11110111000101 A
b11111111111011000011011100000000 E
b11110011100101101100010110110000 F
b11111011101110011010001000110000 D
b11111111110001101000111100000000 G
b1111110011100011 #
b1111110011100011 H
b1001001110000 "
b1001001110000 I
b1110001000110000 +
b1110001000110000 8
b1011001011011110 ,
b1011001011011110 9
b1001010110011011 )
b1001010110011011 6
b111000100111111 *
b111000100111111 7
r0.853302001953125 X
r-0.13323974609375 Y
r-0.110626220703125 V
r0.300048828125 W
b111101011 2
b101111 5
b111101011 4
r1.421570777893066e-05 R
r0 S
r-0.275604248046875 P
r0.999969482421875 Q
b100 1
b101011 3
r-0.2756184637546539 T
r0.999969482421875 U
1-
#5070000
0-
#5075000
b111110000110101000111110101111100 J
b1011011001010100110000000110 K
b111110000110101000011110101111100 L
b1011011001010000110000000110 M
b1110011100000110 #
b1110011100000110 H
b100000011010 "
b100000011010 I
b11111000011011101111001000010000 E
b11111000011001010100101101101100 F
b11110010100001011100100000 D
b1111001011110010001100100110 G
b1110001000110000 B
b1011001011011110 C
b1001010110011011 @
b111000100111111 A
b110110100111001 +
b110110100111001 8
b1110111011110010 ,
b1110111011110010 9
b1111000111010111 )
b1111000111010111 6
b10011001101000 *
b10011001101000 7
r0.705474853515625 X
r0.093536376953125 Y
r0.2520751953125 V
r0.785980224609375 W
b111101100 2
b110000 5
b111101100 4
r3.709457814693451e-06 R
r1.508835703134537e-05 S
r-0.024322509765625 P
r0.14404296875 Q
b100 1
b101100 3
r-0.02431880030781031 T
r0.1440278803929687 U
1-
#5080000
0-
#5085000
b10010110111101001110000111010 J
b111010001011111010101111110010010 K
b10010110111100101110000111010 L
b111010001011111010001111110010010 M
b110110100111001 B
b1110111011110010 C
b1111000111010111 @
b10011001101000 A
b100000000011101000001001101010 E
b11110010110011111101100111010000 F
b1100011000111110001100010000 D
b11011101111000010000001010100010 G
b1110000110101000 #
b1110000110101000 H
b1011011001010 "
b1011011001010 I
b101101001001101 +
b101101001001101 8
b101111111001 ,
b101111111001 9
b10000001000100 )
b10000001000100 6
b110010010011011 *
b110010010011011 7
r0.413818359375 X
r-0.256195068359375 Y
r-0.1187744140625 V
r0.025726318359375 W
b111101101 2
b110001 5
b111101101 4
r7.897615432739258e-07 R
r4.57465648651123e-06 S
r-0.19512939453125 P
r0.06329345703125 Q
b100 1
b101101 3
r-0.1951301842927933 T
r0.06328888237476349 U
1-
#5090000
0-
#5095000
b10001010101001001010001100110 J
b11011110111101101001110001 K
b10001010101000101010001100110 L
b11011110111001101001110001 M
b10010110111101 #
b10010110111101 H
b1010001011111010 "
b1010001011111010 I
b111100010111111100111110 E
b10000011000101101010100101000 F
b11111001111101010110001111011111 D
b11111101011100001111111001010000 G
b101101001001101 B
b101111111001 C
b10000001000100 @
b110010010011011 A
b11010011111000 +
b11010011111000 8
b1101111100110101 ,
b1101111100110101 9
b1111000011001100 )
b1111000011001100 6
b1101001011 *
b1101001011 7
r-0.871246337890625 X
r0.302215576171875 Y
r0.58123779296875 V
r-0.45751953125 W
b111101110 2
b110010 5
b111101110 4
r1.465901732444763e-05 R
r2.866610884666443e-06 S
r-0.237060546875 P
r0.17803955078125 Q
b100 1
b101110 3
r-0.2370458878576756 T
r0.1780424173921347 U
1-
#5100000
0-
#5105000
b100100111111110100111011000011 J
b111111001010100110010011101001111 K
b100100111111110000111011000011 L
b111111001010100101110011101001111 M
b11010011111000 B
b1101111100110101 C
b1111000011001100 @
b1101001011 A
b1100000100100111000100100 E
b100011011111001100000010011111 F
b1011011000011001110001110100 D
b100101101001000001111000011 G
b10001010101001 #
b10001010101001 H
b11011110111 "
b11011110111 I
b1001000001111011 +
b1001000001111011 8
b10011010101111 ,
b10011010101111 9
b100101001100110 )
b100101001100110 6
b1100010101110000 *
b1100010101110000 7
r-0.87188720703125 X
r-0.0606689453125 Y
r0.33062744140625 V
r0.950775146484375 W
b111101111 2
b110011 5
b111101111 4
r8.529052138328552e-06 R
r7.526949048042297e-06 S
r0.294830322265625 P
r-0.72674560546875 Q
b100 1
b101111 3
r0.2948217932134867 T
r-0.726738078519702 U
1-
#5110000
0-
#5115000
b10101000010011101011100100 J
b10101110011000110111100111 K
b10101000001111101011100100 L
b10101110010100110111100111 M
b100100111111110 #
b100100111111110 H
b1111001010100110 "
b1111001010100110 I
b1111100101000111000111100 E
b101011100110110010101000 F
b11111100110110101011010110100000 D
b11111111100101000000001110000111 G
b1001000001111011 B
b10011010101111 C
b100101001100110 @
b1100010101110000 A
b1001000001100110 +
b1001000001100110 8
b1111100000111100 ,
b1111100000111100 9
b10101001010010 )
b10101001010010 6
b111100110110011 *
b111100110110011 7
r0.507476806640625 X
r0.994537353515625 Y
r0.852294921875 V
r0.58868408203125 W
b111110000 2
b110100 5
b111110000 4
r1.039542257785797e-05 R
r6.304122507572174e-06 S
r0.270782470703125 P
r0.054412841796875 Q
b100 1
b110000 3
r0.2707720752805471 T
r0.05441914591938257 U
1-
#5120000
0-
#5125000
b100100110000010001110010001010 J
b10111100011111011100010001110 K
b100100110000001101110010001010 L
b10111100011110111100010001110 M
b1001000001100110 B
b1111100000111100 C
b10101001010010 @
b111100110110011 A
b1011001111011111111110111010 E
b11001100000101101110011010000 F
b11011111100101110001111100000010 D
b11110111001001101001011110010000 G
b10101000010 #
b10101000010 H
b10101110011 "
b10101110011 I
b100000011110101 +
b100000011110101 8
b111111101001101 ,
b111111101001101 9
b110110100011000 )
b110110100011000 6
b100101101011010 *
b100101101011010 7
r0.212310791015625 X
r-0.332244873046875 Y
r0.728515625 V
r0.374603271484375 W
b111110001 2
b110101 5
b111110001 4
r3.519468009471893e-06 R
r5.88688999414444e-06 S
r0.57806396484375 P
r-0.10430908203125 Q
b100 1
b110001 3
r0.5780674843117595 T
r-0.1043149689212441 U
1-
#5130000
0-
#5135000
b111001001101010011100100010001010 J
b1110110000100011000101001000 K
b111001001101010011000100010001010 L
b1110110000011111000101001000 M
b100100110000010 #
b100100110000010 H
b10111100011111 "
b10111100011111 I
b11111110101101110101101100111000 E
b11001010111100100010110101010010 F
b11101101100011001111110010101100 D
b11111100010011101110110111110100 G
b100000011110101 B
b111111101001101 C
b110110100011000 @
b100101101011010 A
b1101100101101 +
b1101100101101 8
b1101010101111001 ,
b1101010101111001 9
b101110101000000 )
b101110101000000 6
b10111111110011 *
b10111111110011 7
r-0.3695068359375 X
r-0.986053466796875 Y
r-0.470184326171875 V
r0.23248291015625 W
b111110010 2
b110110 5
b111110010 4
r1.218169927597046e-06 R
r1.194421201944351e-05 S
r0.04107666015625 P
r0.042572021484375 Q
b100 1
b110010 3
r0.0410754419863224 T
r0.04256007727235556 U
1-
#5140000
0-
#5145000
b1001001010111101001010101011010 J
b1001110010100010100000011010 K
b1001001010111100101010101011010 L
b1001110010011110100000011010 M
b1101100101101 B
b1101010101111001 C
b101110101000000 @
b10111111110011 A
b110110001111111011100000111000 E
b10011000111101001110100100010 F
b11011101011100110011111111000 D
b100101011110000101000000010010 G
b1001001101010011 #
b1001001101010011 H
b1110110000100 "
b1110110000100 I
b1101000010110100 +
b1101000010110100 8
b1000000111001001 ,
b1000000111001001 9
b1100001111010001 )
b1100001111010001 6
b1110111000010 *
b1110111000010 7
r0.46441650390625 X
r-0.165771484375 Y
r-0.073944091796875 V
r0.928985595703125 W
b111110011 2
b110111 5
b111110011 4
r8.454546332359314e-06 R
r1.775100827217102e-06 S
r0.57427978515625 P
r0.368133544921875 Q
b100 1
b110011 3
r0.5742713306099176 T
r0.3681317698210478 U
1-
#5150000
0-
#5155000
b111110101100110011010000111110111 J
b111101110001000101111010010011011 K
b111110101100110010110000111110111 L
b111101110001000101011010010011011 M
b111111111111111 #
b111111111111111 H
b1001110010100 "
b1001110010100 I
b11110000100000100101001101000000 E
b101000101110000111010110111 F
b1001111001100010010001000000 D
b11111000000010001101100011011011 G
b1101000010110100 B
b1000000111001001 C
b1100001111010001 @
b1110111000010 A
b11101101110010 +
b11101101110010 8
b1110101011001000 ,
b1110101011001000 9
b1111011010001001 )
b1111011010001001 6
b111011011101001 *
b111011011101001 7
r0.10089111328125 X
r-0.443145751953125 Y
r0.248992919921875 V
r-0.333160400390625 W
b111110100 2
b111000 5
b111110100 4
r2.035871148109436e-06 R
r3.509223461151123e-06 S
r-0.849029541015625 P
r0.2305908203125 Q
b100 1
b110100 3
r-0.8490275051444769 T
r0.2305873110890388 U
1-
#5160000
0-
#5165000
b11000001011001101110010000001 J
b111100110001101011110000001011110 K
b11000001011001001110010000001 L
b111100110001101011010000001011110 M
b11101101110010 B
b1110101011001000 C
b1111011010001001 @
b111011011101001 A
b11101101011000001000000011001 E
b11111010100000001000110001101000 F
b1011000111100111111011110100 D
b11110001010101000001111101010010 G
b1110101100110011 #
b1110101100110011 H
b1101110001000101 "
b1101110001000101 I
b110011101010 +
b110011101010 8
b1100011101000111 ,
b1100011101000111 9
b1111111011111 )
b1111111011111 6
b1101010101011011 *
b1101010101011011 7
r-0.802001953125 X
r0.702728271484375 Y
r-0.525543212890625 V
r0.27734375 W
b111110101 2
b111001 5
b111110101 4
r0 R
r5.697831511497498e-06 S
r0.999969482421875 P
r0.1529541015625 Q
b100 1
b110101 3
r0.999969482421875 T
r0.1529484037309885 U
1-
#5170000
0-
#5175000
b11100011001011011101111001010 J
b111111000010101111100010000000110 K
b11100011001010111101111001010 L
b111111000010101111000010000000110 M
b11000001011001 #
b11000001011001 H
b1100110001101011 "
b1100110001101011 I
b110010001101010100001000 E
b11011100111001010011011000010 F
b11111101110011010101110000000010 D
b11110110001001001110000000001000 G
b110011101010 B
b1100011101000111 C
b1111111011111 @
b1101010101011011 A
b1001100101011000 +
b1001100101011000 8
b101100111110011 ,
b101100111110011 9
b1011110010111011 )
b1011110010111011 6
b10001110000000 *
b10001110000000 7
r-0.292694091796875 X
r0.028045654296875 Y
r0.09332275390625 V
r-0.643341064453125 W
b111110110 2
b111010 5
b111110110 4
r7.160939276218414e-06 R
r1.254212111234665e-05 S
r-0.162506103515625 P
r-0.279144287109375 Q
b100 1
b110110 3
r-0.1625132644549012 T
r-0.2791317449882627 U
1-
#5180000
0-
#5185000
b111110110110010011011100100000111 J
b111110101111001001101100111 K
b111110110110010010111100100000111 L
b111110101110101001101100111 M
b1001100101011000 B
b101100111110011 C
b1011110010111011 @
b10001110000000 A
b11111000111100000010111111011001 E
b11111101110110010100100100101110 F
b1100110111001010111010110 D
b1001011100101110100100111101 G
b11100011001011 #
b11100011001011 H
b1111000010101111 "
b1111000010101111 I
b1101101010001001 +
b1101101010001001 8
b1110010111 ,
b1110010111 9
b101111110010 )
b101111110010 6
b1010110110100111 *
b1010110110100111 7
r-0.9493408203125 X
r0.938934326171875 Y
r-0.16009521484375 V
r-0.81109619140625 W
b111110111 2
b111011 5
b111110111 4
r6.795860826969147e-06 R
r7.716938853263855e-06 S
r0.377716064453125 P
r-0.402984619140625 Q
b100 1
b110111 3
r0.377722860313952 T
r-0.4029769022017717 U
1-
#5190000
0-
#5195000
b111011010001000010001110010000001 J
b111110001011111111100111100111000 K
b111011010001000001101110010000001 L
b111110001011111111000111100111000 M
b1110110110010011 #
b1110110110010011 H
b111110101111 "
b111110101111 I
b11101000010111010010100010000001 E
b11110001110000111011010000000000 F
b11010111110011010001101001000 D
b1100011110010011001010000000 G
b1101101010001001 B
b1110010111 C
b101111110010 @
b1010110110100111 A
b1000011001111100 +
b1000011001111100 8
b111100000101111 ,
b111100000101111 9
b1110101110000010 )
b1110101110000010 6
b1001100000101110 *
b1001100000101110 7
r-0.3302001953125 X
r-0.728912353515625 Y
r0.74658203125 V
r-0.19964599609375 W
b111111000 2
b111100 5
b111111000 4
r1.003965735435486e-06 R
r9.592622518539429e-07 S
r0.443695068359375 P
r-0.119659423828125 Q
b100 1
b111000 3
r0.4436940643936396 T
r-0.1196584645658731 U
1-
#5200000
0-
#5205000
b1100001110000100011000011101 J
b100110000010100111111111 K
b1100001110000000011000011101 L
b100101111110100111111111 M
b1000011001111100 B
b111100000101111 C
b1110101110000010 @
b1001100000101110 A
b1010101110000110111110 E
b1100000011010010010001011111 F
b11111110010000000111100010000010 D
b11111110110110000110001010000001 G
b1011010001000010 #
b1011010001000010 H
b1110001011111111 "
b1110001011111111 I
b1101010110111100 +
b1101010110111100 8
b1010001010110011 ,
b1010001010110011 9
b101111110010000 )
b101111110010000 6
b1110011001110010 *
b1110011001110010 7
r0.667755126953125 X
r0.028289794921875 Y
r-0.5067138671875 V
r-0.012054443359375 W
b111111001 2
b111101 5
b111111001 4
r1.662410795688629e-06 R
r1.063290983438492e-05 S
r-0.143951416015625 P
r0.122528076171875 Q
b100 1
b111001 3
r-0.1439530784264207 T
r0.1225174432620406 U
1-
#5210000
0-
#5215000
b100111101010010011011100100110 J
b111000101100010001010000101111010 K
b100111101010001111011100100110 L
b111000101100010000110000101111010 M
b1100001110000 #
b1100001110000 H
b100110000 "
b100110000 I
b11110110011000010010110011011110 E
b110001010001111100101001001000 F
b1001101110100001111011111000 D
b11001111010000101000000001110010 G
b1101010110111100 B
b1010001010110011 C
b101111110010000 @
b1110011001110010 A
b101010101111001 +
b101010101111001 8
b1110011111 ,
b1110011111 9
b1011111100100100 )
b1011111100100100 6
b1111111001110101 *
b1111111001110101 7
r-0.23895263671875 X
r0.173919677734375 Y
r0.5205078125 V
r0.666595458984375 W
b111111010 2
b111110 5
b111111010 4
r8.462928235530853e-06 R
r3.628432750701904e-06 S
r-0.59173583984375 P
r-0.226593017578125 Q
b100 1
b111010 3
r-0.5917443027719855 T
r-0.2265893891453743 U
1-
#5220000
0-
#5225000
b111100001011001000100011101101000 J
b11001000101111000011111110110 K
b111100001011001000000011101101000 L
b11001000101110100011111110110 M
b101010101111001 B
b1110011111 C
b1011111100100100 @
b1111111001110101 A
b11011101001010111111000110110000 E
b100001110000001010110111000 F
b11110000001110001111110111000000 D
b1001010100000100010110110110 G
b100111101010010 #
b100111101010010 H
b1000101100010001 "
b1000101100010001 I
b1110000101101010 +
b1110000101101010 8
b1011001000011 ,
b1011001000011 9
b100001010100000 )
b100001010100000 6
b101010101010011 *
b101010101010011 7
r-0.7391357421875 X
r0.068817138671875 Y
r0.8751220703125 V
r-0.621917724609375 W
b111111011 2
b111111 5
b111111011 4
r1.457519829273224e-06 R
r5.24614006280899e-06 S
r0.19091796875 P
r0.00927734375 Q
b100 1
b111011 3
r0.1909194262698293 T
r0.009272097609937191 U
1-
#5230000
0-
#5235000
b111111110100100011000000110101001 J
b10101101000100101110110100111 K
b111111110100100010100000110101001 L
b10101101000100001110110100111 M
b1100001011001000 #
b1100001011001000 H
b11001000101111 "
b11001000101111 I
b11111111000101010010001101011100 E
b11111111011111000001111001001101 F
b11101010010110000100110000000100 D
b11111111111110100110100110101011 G
b1110000101101010 B
b1011001000011 C
b100001010100000 @
b101010101010011 A
b1010000101100100 +
b1010000101100100 8
b100011001111 ,
b100011001111 9
b111000000000100 )
b111000000000100 6
b1011000001100101 *
b1011000001100101 7
r-0.697509765625 X
r-0.350738525390625 Y
r-0.74310302734375 V
r0.30615234375 W
b111111100 2
b0 5
b111111100 4
r2.110376954078674e-06 R
r7.277354598045349e-06 S
r0.61968994140625 P
r-0.913543701171875 Q
b100 1
b111100 3
r0.6196878310292959 T
r-0.913550978526473 U
1-
#5240000
0-
#5245000
b111111011100110011011011100111110 J
b1111011000011000000001111001 K
b111111011100110010111011100111110 L
b1111011000010100000001111001 M
b1010000101100100 B
b100011001111 C
b111000000000100 @
b1011000001100101 A
b101110010110010111111100000 E
b11110101110011100100011101011110 F
b11111000000010100011011001000000 D
b111011010110111011010111001 G
b1111110100100011 #
b1111110100100011 H
b10101101000100 "
b10101101000100 I
b1010011010111000 +
b1010011010111000 8
b1101001100011011 ,
b1101001100011011 9
b1010000011100010 )
b1010000011100010 6
b10011100110000 *
b10011100110000 7
r-0.95849609375 X
r0.939208984375 Y
r-0.764617919921875 V
r-0.35870361328125 W
b111111101 2
b1 5
b111111101 4
r1.765787601470947e-06 R
r1.336075365543365e-05 S
r-0.478271484375 P
r0.392059326171875 Q
b100 1
b111101 3
r-0.4782697185873985 T
r0.3920459654182196 U
1-
#5250000
0-
#5255000
b100001010001100101111110110000 J
b100110101010001100010000011011 K
b100001010001100001111110110000 L
b100110101010001000010000011011 M
b1111011100110011 #
b1111011100110011 H
b1111011000011 "
b1111011000011 I
b11110110101011001100111100 E
b11101011010110110110001110100 F
b11010110100110100100010110010000 D
b11111101010000101100100110101011 G
b1010011010111000 B
b1101001100011011 C
b1010000011100010 @
b10011100110000 A
b1000010101010000 +
b1000010101010000 8
b111100000111000 ,
b111100000111000 9
b1001111000100001 )
b1001111000100001 6
b1101001000010110 *
b1101001000010110 7
r0.03533935546875 X
r-0.009979248046875 Y
r0.105072021484375 V
r-0.361541748046875 W
b111111110 2
b10 5
b111111110 4
r1.486297696828842e-05 R
r7.069669663906097e-06 S
r-0.022369384765625 P
r0.3380126953125 Q
b100 1
b111110 3
r-0.02238424774259329 T
r0.3380197649821639 U
1-
#5260000
0-
#5265000
b11000000111100100001010110 J
b111010111111101001100001110100000 K
b11000000111000100001010110 L
b111010111111101001000001110100000 M
b1000010101010000 B
b111100000111000 C
b1001111000100001 @
b1101001000010110 A
b10000101011100011110111010110 E
b11110010010101010100101010000000 F
b100001001011000010111001110000 D
b11111001001000001011001000010000 G
b100001010001100 #
b100001010001100 H
b100110101010001 "
b100110101010001 I
b10010000110 +
b10010000110 8
b1111111010111001 ,
b1111111010111001 9
b110101110011 )
b110101110011 6
b1101000110111001 *
b1101000110111001 7
r-0.470428466796875 X
r0.841796875 Y
r0.34832763671875 V
r0.212371826171875 W
b111111111 2
b11 5
b111111111 4
r2.088025212287903e-06 R
r1.514609903097153e-05 S
r-0.068756103515625 P
r0.240325927734375 Q
b100 1
b111111 3
r-0.06875819154083729 T
r0.240310781635344 U
1-
#5270000
0-
#5275000
b111101000000010110110010000011000 J
b110111011100010001111010110000000 K
b111101000000010110010010000011000 L
b110111011100010001011010110000000 M
b11000000111 #
b11000000111 H
b1010111111101001 "
b1010111111101001 I
b11010010000010100000111100111000 E
b10110000000010001010011100000 F
b101110111001111000111101010000 D
b11101010011100000100010011010000 G
b10010000110 B
b1111111010111001 C
b110101110011 @
b1101000110111001 A
b1100001111001001 +
b1100001111001001 8
b110101111000000 ,
b110101111000000 9
b10110010010110 )
b10110010010110 6
b1101100101111 *
b1101100101111 7
r0.866668701171875 X
r-0.40008544921875 Y
r0.1741943359375 V
r0.41339111328125 W
b1000000000 2
b100 5
b1000000000 4
r7.554888725280762e-06 R
r9.788200259208679e-07 S
r0.5198974609375 P
r0.604034423828125 Q
b100 1
b0 3
r0.5199050158262253 T
r0.6040354026481509 U
1-
#5280000
0-
#5285000
b111111111000111011011110011110001 J
b111111111111111101000011001111111 K
b111111111000111010111110011110001 L
b111111111111111100100011001111111 M
b1100001111001001 B
b110101111000000 C
b10110010010110 @
b1101100101111 A
b11111111111011101101001000011011 E
b11111111001011101010101011010110 F
b1111001101011000110010 D
b1110110001110010110001 G
b1101000000010110 #
b1101000000010110 H
b1000000000000000 "
b1000000000000000 I
b110111011101111 +
b110111011101111 8
b1100110011001010 ,
b1100110011001010 9
b1011001001100 )
b1011001001100 6
b11010011101010 *
b11010011101010 7
r-0.26287841796875 X
r0.220489501953125 Y
r-0.897674560546875 V
r-0.3719482421875 W
b1000000001 2
b101 5
b1000000001 4
r1.987442374229431e-06 R
r8.642673492431641e-07 S
r0.047088623046875 P
r-0.625701904296875 Q
b100 1
b1 3
r0.04709061048924923 T
r-0.6257010400295258 U
1-
#5290000
0-
#5295000
b1100010111111000011101100111 J
b10101111011100000010001111010 K
b1100010111110100011101100111 L
b10101111011011100010001111010 M
b1111111000111011 #
b1111111000111011 H
b1111111111111101 "
b1111111111111101 I
b10010110001000010001010000000 E
b11111001100110110010010011100111 F
b11110101100000110100001111000110 D
b1011011100010000100001000000 G
b110111011101111 B
b1100110011001010 C
b1011001001100 @
b11010011101010 A
b1101111001011010 +
b1101111001011010 8
b1110000111001 ,
b1110000111001 9
b1000110100011001 )
b1000110100011001 6
b1101000001100100 *
b1101000001100100 7
r0.4906005859375 X
r-0.9012451171875 Y
r0.060577392578125 V
r-0.1519775390625 W
b1000000010 2
b110 5
b1000000010 4
r8.605420589447021e-06 R
r0 S
r-0.37432861328125 P
r-1 Q
b100 1
b10 3
r-0.3743200078606606 T
r-1 U
1-
#5300000
0-
#5305000
b10010011110000101101001101110 J
b111101011110000001111111110110000 K
b10010011110000001101001101110 L
b111101011110000001011111110110000 M
b1101111001011010 B
b1110000111001 C
b1000110100011001 @
b1101000001100100 A
b11111011100010100010011111111000 E
b10110111011011111001001110110 F
b1001101010010111100011110100 D
b11110101011010100011100010100100 G
b1100010111111 #
b1100010111111 H
b10101111011100 "
b10101111011100 I
b11111011001100 +
b11111011001100 8
b1000110010100100 ,
b1000110010100100 9
b11111000001 )
b11111000001 6
b1110110010001100 *
b1110110010001100 7
r0.226837158203125 X
r-0.946319580078125 Y
r0.964813232421875 V
r-0.14886474609375 W
b1000000011 2
b111 5
b1000000011 4
r7.292255759239197e-07 R
r1.370999962091446e-05 S
r-0.013824462890625 P
r-9.1552734375e-05 Q
b100 1
b11 3
r-0.01382519211620092 T
r-0.0001052627339959145 U
1-
#5310000
0-
#5315000
b111111001100101110110000110111001 J
b111101011101001100100110101111010 K
b111111001100101110010000110111001 L
b111101011101001100000110101111010 M
b10010011110000 #
b10010011110000 H
b1101011110000001 "
b1101011110000001 I
b11110011010101010010011010010001 E
b110010000011111101100101000 F
b1111000110100100100011001010 D
b11111010110000000101011001000100 G
b11111011001100 B
b1000110010100100 C
b11111000001 @
b1110110010001100 A
b1110100001001 +
b1110100001001 8
b1000011011011111 ,
b1000011011011111 9
b111101101111111 )
b111101101111111 6
b1110110011110010 *
b1110110011110010 7
r-0.115753173828125 X
r0.803070068359375 Y
r0.2501220703125 V
r-0.361724853515625 W
b1000000100 2
b1000 5
b1000000100 4
r1.349393278360367e-05 R
r1.419149339199066e-05 S
r0.193328857421875 P
r0.3426513671875 Q
b100 1
b100 3
r0.1933153634890914 T
r0.342637175694108 U
1-
#5320000
0-
#5325000
b111110111101111000010101100110100 J
b110110111010110110111100100 K
b111110111101110111110101100110100 L
b110110111010010110111100100 M
b1110100001001 B
b1000011011011111 C
b111101101111111 @
b1110110011110010 A
b11111100100000011000001110100100 E
b11111011001110100110011110010000 F
b1111001101110101111001100 D
b1000110001000001100110110000 G
b1111001100101110 #
b1111001100101110 H
b1101011101001100 "
b1101011101001100 I
b1111000100101111 +
b1111000100101111 8
b110011011001011 ,
b110011011001011 9
b10000000000100 )
b10000000000100 6
b1101000110110011 *
b1101000110110011 7
r-0.954376220703125 X
r-0.477630615234375 Y
r0.321929931640625 V
r0.969818115234375 W
b1000000101 2
b1001 5
b1000000101 4
r6.301328539848328e-06 R
r1.518428325653076e-05 S
r0.28857421875 P
r-0.316375732421875 Q
b100 1
b101 3
r0.2885805200785398 T
r-0.3163605481386185 U
1-
#5330000
0-
#5335000
b111000011011010000000110000100011 J
b111111011000000101001100001010111 K
b111000011011001111100110000100011 L
b111111011000000100101100001010111 M
b1110111101111000 #
b1110111101111000 H
b110110111010 "
b110110111010 I
b11000101100100010000110110100001 E
b11111101110101101011111010000010 F
b1110000000011011101001110111 D
b1001000001000001001011001110 G
b1111000100101111 B
b110011011001011 C
b10000000000100 @
b1101000110110011 A
b1000010111010111 +
b1000010111010111 8
b1100001011011101 ,
b1100001011011101 9
b10100100110101 )
b10100100110101 6
b111110000100011 *
b111110000100011 7
r0.67901611328125 X
r-0.41851806640625 Y
r0.39556884765625 V
r-0.654327392578125 W
b1000000110 2
b1010 5
b1000000110 4
r8.040107786655426e-06 R
r3.213062882423401e-06 S
r-0.10015869140625 P
r-0.3179931640625 Q
b100 1
b110 3
r-0.1001506512984633 T
r-0.3179899509996176 U
1-
#5340000
0-
#5345000
b1111100010010011111000001001 J
b111101111010000110011011000110101 K
b1111100010001111111000001001 L
b111101111010000101111011000110101 M
b1000010111010111 B
b1100001011011101 C
b10100100110101 @
b111110000100011 A
b1100110110101111101100101100 E
b10101011100000001011011101 F
b11111110001001011010010010111100 D
b11101101011010001001101011110001 G
b1000011011010000 #
b1000011011010000 H
b1111011000000101 "
b1111011000000101 I
b101011011101010 +
b101011011101010 8
b1100101001101110 ,
b1100101001101110 9
b11001010100010 )
b11001010100010 6
b1010110000111111 *
b1010110000111111 7
r-0.466705322265625 X
r0.052947998046875 Y
r-0.30645751953125 V
r0.271942138671875 W
b1000000111 2
b1011 5
b1000000111 4
r4.958361387252808e-06 R
r1.094117760658264e-05 S
r-0.129150390625 P
r0.10723876953125 Q
b100 1
b111 3
r-0.1291553489863873 T
r0.1072497107088566 U
1-
#5350000
0-
#5355000
b110111010111011000110110100100110 J
b111110110000001001100101110110100 K
b110111010111011000010110100100110 L
b111110110000001001000101110110100 M
b1111100010010 #
b1111100010010 H
b1101111010000110 "
b1101111010000110 I
b11110110001010001011110011000001 E
b11000100110000110111000001100101 F
b11101100010101100010010010000011 D
b11100010010110101011000000110111 G
b101011011101010 B
b1100101001101110 C
b11001010100010 @
b1010110000111111 A
b1100010001000011 +
b1100010001000011 8
b11011000111 ,
b11011000111 9
b1101100011000110 )
b1101100011000110 6
b10001011001111 *
b10001011001111 7
r-0.593505859375 X
r-0.914764404296875 Y
r-0.53118896484375 V
r0.1590576171875 W
b1000001000 2
b1100 5
b1000001000 4
r1.236516982316971e-05 R
r9.455718100070953e-06 S
r-0.94677734375 P
r-0.077972412109375 Q
b100 1
b1000 3
r-0.9467897089198232 T
r-0.07798186782747507 U
1-
#5360000
0-
#5365000
b111011000111110000111000100110010 J
b10101100100010011111110 K
b111011000111110000011000100110010 L
b10101100000010011111110 M
b1100010001000011 B
b11011000111 C
b1101100011000110 @
b10001011001111 A
b11110101011001111001010110011100 E
b11100011100100001001101110010110 F
b10001001100001011010000010100 D
b10001100001101011100100010010 G
b1000000000000000 #
b1000000000000000 H
b1110110000001001 "
b1110110000001001 I
b1011010000001000 +
b1011010000001000 8
b1000101011101001 ,
b1000101011101001 9
b1011110000000010 )
b1011110000000010 6
b1010001011100 *
b1010001011100 7
r0.00604248046875 X
r0.735321044921875 Y
r-0.176971435546875 V
r-0.305938720703125 W
b1000001001 2
b1101 5
b1000001001 4
r4.684552550315857e-07 R
r2.334825694561005e-06 S
r0.24273681640625 P
r-0.26153564453125 Q
b100 1
b1001 3
r0.242736347950995 T
r-0.2615379793569446 U
1-
#5370000
0-
#5375000
b111110110110101101111111000010111 J
b111110111110001001101010100010111 K
b111110110110101101011111000010111 L
b111110111110001001001010100010111 M
b1011000111110000 #
b1011000111110000 H
b10101100 "
b10101100 I
b11111110111101100010010111101010 E
b11110111111000001001100000101101 F
b1001001001110101001111010010 D
b111010111110100011101001 G
b1011010000001000 B
b1000101011101001 C
b1011110000000010 @
b1010001011100 A
b11000110 +
b11000110 8
b101111000011111 ,
b101111000011111 9
b1110100101011001 )
b1110100101011001 6
b1101100011010111 *
b1101100011010111 7
r-0.38037109375 X
r-0.646392822265625 Y
r0.788421630859375 V
r-0.9686279296875 W
b1000001010 2
b1110 5
b1000001010 4
r0 R
r2.790242433547974e-06 S
r-1 P
r-0.155975341796875 Q
b100 1
b1010 3
r-1 T
r-0.1559725515544415 U
1-
#5380000
0-
#5385000
b11001000011101100010010110010 J
b111100010100000110001011110101100 K
b11001000011101000010010110010 L
b111100010100000101101011110101100 M
b11000110 B
b101111000011111 C
b1110100101011001 @
b1101100011010111 A
b11111000110010011000111010010 E
b11111001111101010101001011100000 F
b10100001011010100100000010000 D
b11110110101100000001111110111100 G
b1110110110101101 #
b1110110110101101 H
b1110111110001001 "
b1110111110001001 I
b1100111101010000 +
b1100111101010000 8
b1010110101000011 ,
b1010110101000011 9
b110010011101011 )
b110010011101011 6
b1000010000000100 *
b1000010000000100 7
r-0.684844970703125 X
r0.11578369140625 Y
r0.64215087890625 V
r-0.35418701171875 W
b1000001011 2
b1111 5
b1000001011 4
r1.172907650470734e-05 R
r1.190230250358582e-06 S
r-0.60986328125 P
r0.0052490234375 Q
b100 1
b1011 3
r-0.6098515521734953 T
r0.005250213667750359 U
1-
#5390000
0-
#5395000
b111110111100011011110011000010001 J
b111110001101010111111100100110011 K
b111110111100011011010011000010001 L
b111110001101010111011100100110011 M
b11001000011101 #
b11001000011101 H
b1100010100000110 "
b1100010100000110 I
b11110111101010111110111111000111 E
b11111111111000011011011001001010 F
b11111111111011100111101011010110 D
b11110001100110100011010000001001 G
b1100111101010000 B
b1010110101000011 C
b110010011101011 @
b1000010000000100 A
b1010100001010111 +
b1010100001010111 8
b111011010010 ,
b111011010010 9
b101001000110010 )
b101001000110010 6
b1101001010101010 *
b1101001010101010 7
r-0.111114501953125 X
r-0.20556640625 Y
r-0.07818603515625 V
r-0.80877685546875 W
b1000001100 2
b10000 5
b1000001100 4
r1.480337232351303e-05 R
r5.028210580348969e-06 S
r-0.143157958984375 P
r-0.128631591796875 Q
b100 1
b1100 3
r-0.1431431556120515 T
r-0.1286265635862947 U
1-
#5400000
0-
#5405000
b111110110111101101111010111000001 J
b111011010000111111001010011100 K
b111110110111101101011010111000001 L
b111011010000111011001010011100 M
b1010100001010111 B
b111011010010 C
b101001000110010 @
b1101001010101010 A
b11011111011000100011100010000001 E
b10111100101000111110101000000 F
b11101100110011101000111001110000 D
b101000000100100100000100001100 G
b1110111100011011 #
b1110111100011011 H
b1110001101010111 "
b1110001101010111 I
b1111000111000111 +
b1111000111000111 8
b1110010110110000 ,
b1110010110110000 9
b1111010111111110 )
b1111010111111110 6
b1001100001111010 *
b1001100001111010 7
r0.280487060546875 X
r-0.634979248046875 Y
r-0.889190673828125 V
r-0.790985107421875 W
b1000001101 2
b10001 5
b1000001101 4
r1.119449734687805e-06 R
r9.6149742603302e-06 S
r0.391510009765625 P
r-0.46075439453125 Q
b100 1
b1101 3
r0.3915111292153597 T
r-0.4607640095055103 U
1-
#5410000
0-
#5415000
b10100010010001001000011001010 J
b11001100001011001110001110110 K
b10100010010000101000011001010 L
b11001100001010101110001110110 M
b1110110111101101 #
b1110110111101101 H
b111011010000111 "
b111011010000111 I
b100110000100010100100000100 E
b1111100001100010011111000110 F
b11100011110110101011111011111110 D
b11111101011000000001101101110100 G
b1111000111000111 B
b1110010110110000 C
b1111010111111110 @
b1001100001111010 A
b10001111100111 +
b10001111100111 8
b1010111010111001 ,
b1010111010111001 9
b1000111000101111 )
b1000111000101111 6
b1001101011000001 *
b1001101011000001 7
r-0.326751708984375 X
r-0.46051025390625 Y
r-0.53741455078125 V
r-0.970245361328125 W
b1000001110 2
b10010 5
b1000001110 4
r9.075738489627838e-06 R
r1.363735646009445e-05 S
r-0.131988525390625 P
r-0.223907470703125 Q
b100 1
b1110 3
r-0.1319794496521354 T
r-0.2238938333466649 U
1-
#5420000
0-
#5425000
b110110001111111010101110110 J
b1010000101011101111101101110 K
b110110001111011010101110110 L
b1010000101011001111101101110 M
b10001111100111 B
b1010111010111001 C
b1000111000101111 @
b1001101011000001 A
b1000001110101010010100000 E
b101110000000110000011010110 F
b100011100101011001110010 D
b1010101000111111010111100000 G
b10100010010001 #
b10100010010001 H
b11001100001011 "
b11001100001011 I
b1101011000101101 +
b1101011000101101 8
b1100010100001110 ,
b1100010100001110 9
b1011101100110110 )
b1011101100110110 6
b1000001111001111 *
b1000001111001111 7
r0.999114990234375 X
r-0.178863525390625 Y
r-0.068023681640625 V
r0.712066650390625 W
b1000001111 2
b10011 5
b1000001111 4
r1.28159299492836e-05 R
r1.206621527671814e-05 S
r-0.141204833984375 P
r0.925994873046875 Q
b100 1
b1111 3
r-0.1411920180544257 T
r0.9260069392621517 U
1-
#5430000
0-
#5435000
b10101111011111111100100011110 J
b110000000110111000101000010000 K
b10101111011111011100100011110 L
b110000000110110100101000010000 M
b110110001111 #
b110110001111 H
b1010000101011 "
b1010000101011 I
b100100001000101011000111110111 E
b11110001110011010000011100100111 F
b11110000000010011011100101101001 D
b100000001001010000001101111001 G
b1101011000101101 B
b1100010100001110 C
b1011101100110110 @
b1000001111001111 A
b111111111100011 +
b111111111100011 8
b1110100100011011 ,
b1110100100011011 9
b1111011101001011 )
b1111011101001011 6
b101101100100101 *
b101101100100101 7
r-0.933685302734375 X
r-0.824920654296875 Y
r0.683013916015625 V
r-0.637725830078125 W
b1000010000 2
b10100 5
b1000010000 4
r1.125596463680267e-05 R
r8.473172783851624e-06 S
r0.316925048828125 P
r0.398773193359375 Q
b100 1
b10000 3
r0.3169137928634882 T
r0.3987647201865911 U
1-
#5440000
0-
#5445000
b100100001000010100000001010111 J
b10001010110111011001111010100 K
b100100001000010000000001010111 L
b10001010110110111001111010100 M
b111111111100011 B
b1110100100011011 C
b1111011101001011 @
b101101100100101 A
b1111110101101100101011110100 E
b10100010010100011010101100011 F
b1011001111010000110001111110 D
b11100100110001000000001010010 G
b10101111011111 #
b10101111011111 H
b110000000110111 "
b110000000110111 I
b1000100001111101 +
b1000100001111101 8
b1001011001101001 ,
b1001011001101001 9
b101011101101101 )
b101011101101101 6
b1010111001011111 *
b1010111001011111 7
r0.029022216796875 X
r-0.092529296875 Y
r-0.8585205078125 V
r0.67889404296875 W
b1000010001 2
b10101 5
b1000010001 4
r1.274608075618744e-05 R
r7.49342143535614e-06 S
r0.105926513671875 P
r0.157562255859375 Q
b100 1
b10001 3
r0.1059392597526312 T
r0.1575697492808104 U
1-
#5450000
0-
#5455000
b101110010011111100010010111000 J
b111111100001100110000110101100110 K
b101110010011111000010010111000 L
b111111100001100101100110101100110 M
b100100001000010 #
b100100001000010 H
b10001010110111 "
b10001010110111 I
b110001110101011111101001 E
b101101100010000010110011001111 F
b11111011101001100111110010000001 D
b11110111110110010100100111100111 G
b1000100001111101 B
b1001011001101001 C
b101011101101101 @
b1010111001011111 A
b1110110111 +
b1110110111 8
b1111010000101000 ,
b1111010000101000 9
b1001001000011100 )
b1001001000011100 6
b101011011100110 *
b101011011100110 7
r0.41748046875 X
r-0.152557373046875 Y
r0.061248779296875 V
r-0.934967041015625 W
b1000010010 2
b10110 5
b1000010010 4
r1.361779868602753e-05 R
r1.285970211029053e-05 S
r0.342742919921875 P
r0.751678466796875 Q
b100 1
b10010 3
r0.342756537720561 T
r0.7516656070947647 U
1-
#5460000
0-
#5465000
b10000011001001011000011000 J
b1001010011110111101011010111110 K
b10000011000101011000011000 L
b1001010011110111001011010111110 M
b1110110111 B
b1111010000101000 C
b1001001000011100 @
b101011011100110 A
b11011011111100001011100110110101 E
b100110000110111001110001100011 F
b11010111001011111001100000111001 D
b100001101010110010111011110111 G
b101110010011111 #
b101110010011111 H
b1111100001100110 "
b1111100001100110 I
b11010101110000 +
b11010101110000 8
b1110110001111001 ,
b1110110001111001 9
b11111010111 )
b11111010111 6
b1000100001010011 *
b1000100001010011 7
r-0.552520751953125 X
r-0.57427978515625 Y
r0.57293701171875 V
r-0.846588134765625 W
b1000010011 2
b10111 5
b1000010011 4
r8.102506399154663e-08 R
r2.902001142501831e-06 S
r0.56451416015625 P
r0.271209716796875 Q
b100 1
b10011 3
r0.564514241181314 T
r0.2712068147957325 U
1-
#5470000
0-
#5475000
b110010110001001010011001010 J
b111111101100100110100010111101100 K
b110010110000101010011001010 L
b111111101100100110000010111101100 M
b10000011001 #
b10000011001 H
b111111111111111 "
b111111111111111 I
b101000101011000010001100000 E
b1010000101101000001101010 F
b11111110011001111100011000000100 D
b11111011111110101100101111110000 G
b11010101110000 B
b1110110001111001 C
b11111010111 @
b1000100001010011 A
b1011100101000111 +
b1011100101000111 8
b1011011001111110 ,
b1011011001111110 9
b100100101010110 )
b100100101010110 6
b1001001110100011 *
b1001001110100011 7
r-0.172119140625 X
r-0.256805419921875 Y
r0.68377685546875 V
r-0.913116455078125 W
b1000010100 2
b11000 5
b1000010100 4
r1.125037670135498e-06 R
r1.206435263156891e-05 S
r0.723602294921875 P
r-0.05938720703125 Q
b100 1
b10100 3
r0.7236034199595451 T
r-0.05939927138388157 U
1-
#5480000
0-
#5485000
b111100110011010111111101111101111 J
b111011111100100001000101011 K
b111100110011010111011101111101111 L
b111011111100000001000101011 M
b1011100101000111 B
b1011011001111110 C
b100100101010110 @
b1001001110100011 A
b11111111011001101110100010011111 E
b11100111000001001101001101010000 F
b1101000101111000100010000 D
b1001001000001111001100111011 G
b110010110001 #
b110010110001 H
b1111101100100110 "
b1111101100100110 I
b1110100111111000 +
b1110100111111000 8
b1101111100100001 ,
b1101111100100001 9
b101011110000110 )
b101011110000110 6
b1000101100011111 *
b1000101100011111 7
r-0.21514892578125 X
r-0.77618408203125 Y
r-0.802490234375 V
r-0.601348876953125 W
b1000010101 2
b11001 5
b1000010101 4
r9.991228580474854e-06 R
r0 S
r0.032012939453125 P
r0.999969482421875 Q
b100 1
b10101 3
r0.03200294822454453 T
r0.999969482421875 U
1-
#5490000
0-
#5495000
b1000111000010011100110001001 J
b110011011000000100111101100000 K
b1000111000001111100110001001 L
b110011011000000000111101100000 M
b1100110011010111 #
b1100110011010111 H
b111011111100 "
b111011111100 I
b11101010111100010011110001010100 E
b11101111011111011110100110101 F
b11101011101111010111110011011010 D
b11111000111011000110000111010 G
b1110100111111000 B
b1101111100100001 C
b101011110000110 @
b1000101100011111 A
b1110010001110110 +
b1110010001110110 8
b1001110010100110 ,
b1001110010100110 9
b1001100101001000 )
b1001100101001000 6
b1011001100000111 *
b1011001100000111 7
r0.521697998046875 X
r-0.05517578125 Y
r0.522674560546875 V
r0.836029052734375 W
b1000010110 2
b11010 5
b1000010110 4
r1.030229032039642e-05 R
r1.411885023117065e-06 S
r0.099151611328125 P
r-0.03790283203125 Q
b100 1
b10110 3
r0.0991413090378046 T
r-0.03790142014622688 U
1-
#5500000
0-
#5505000
b111111110110100100011111101001110 J
b10110100010100111000000101111 K
b111111110110100011111111101001110 L
b10110100010100011000000101111 M
b1110010001110110 B
b1001110010100110 C
b1001100101001000 @
b1011001100000111 A
b11110100110000110000001001000110 E
b1010000011101111110100001000 F
b11111000011101111011111111010000 D
b1111000000011110111111111111 G
b1000111000010 #
b1000111000010 H
b110011011000000 "
b110011011000000 I
b100001011000111 +
b100001011000111 8
b1111100011110000 ,
b1111100011110000 9
b100001011100111 )
b100001011100111 6
b110101100000011 *
b110101100000011 7
r0.833038330078125 X
r0.238922119140625 Y
r-0.6612548828125 V
r-0.029052734375 W
b1000010111 2
b11011 5
b1000010111 4
r1.428928226232529e-05 R
r5.168840289115906e-07 S
r-0.399688720703125 P
r0.1170654296875 Q
b100 1
b10111 3
r-0.3996744314208627 T
r0.1170659465715289 U
1-
#5510000
0-
#5515000
b110000001001010100010111101010 J
b10010110100101101001101011010 K
b110000001001010000010111101010 L
b10010110100101001001101011010 M
b1111110110100100 #
b1111110110100100 H
b10110100010100 "
b10110100010100 I
b100111110111010100010010110000 E
b1000010001111100000100111010 F
b1011000011001100011100110000 D
b11101110111110101101010001010 G
b100001011000111 B
b1111100011110000 C
b100001011100111 @
b110101100000011 A
b110101010100001 +
b110101010100001 8
b1111010010101 ,
b1111010010101 9
b1010101101011100 )
b1010101101011100 6
b1111110001001000 *
b1111110001001000 7
r0.092041015625 X
r-0.33880615234375 Y
r-0.41204833984375 V
r0.9417724609375 W
b1000011000 2
b11100 5
b1000011000 4
r1.541338860988617e-06 R
r3.665685653686523e-06 S
r0.13873291015625 P
r0.802734375 Q
b100 1
b11000 3
r0.138731368817389 T
r0.8027380406856537 U
1-
#5520000
0-
#5525000
b11010000100011011010111100101 J
b111101011100110001110101100111111 K
b11010000100010111010111100101 L
b111101011100110001010101100111111 M
b110101010100001 B
b1111010010101 C
b1010101101011100 @
b1111110001001000 A
b11111110001001111000000010010000 E
b11011111010011111010101010101 F
b10001011100111000111110010001 D
b11111101000011000011101011010000 G
b110000001001010 #
b110000001001010 H
b10010110100101 "
b10010110100101 I
b101111001000 +
b101111001000 8
b1101010010100010 ,
b1101010010100010 9
b1100101101000010 )
b1100101101000010 6
b111100010001100 *
b111100010001100 7
r0.329193115234375 X
r-0.084564208984375 Y
r-0.237518310546875 V
r-0.830780029296875 W
b1000011001 2
b11101 5
b1000011001 4
r1.657754182815552e-07 R
r1.148786395788193e-05 S
r-0.0184326171875 P
r0.3521728515625 Q
b100 1
b11001 3
r-0.01843278296291828 T
r0.3521843394264579 U
1-
#5530000
0-
#5535000
b111110100010101110011110111010100 J
b100010110011111010100100001100 K
b111110100010101101111110111010100 L
b100010110011110110100100001100 M
b11010000100011 #
b11010000100011 H
b1101011100110001 "
b1101011100110001 I
b11110101111000111000010010001100 E
b11111110011100110111100101001000 F
b11011100101111101101110011011100 D
b11111111100011100100010111101000 G
b101111001000 B
b1101010010100010 C
b1100101101000010 @
b111100010001100 A
b10101000100011 +
b10101000100011 8
b1111010100101101 ,
b1111010100101101 9
b1110000110011001 )
b1110000110011001 6
b1001010110101001 *
b1001010110101001 7
r-0.37786865234375 X
r0.83294677734375 Y
r-0.0450439453125 V
r0.391143798828125 W
b1000011010 2
b11110 5
b1000011010 4
r1.410022377967834e-06 R
r4.613772034645081e-06 S
r0.75225830078125 P
r0.294097900390625 Q
b100 1
b11010 3
r0.752259710803628 T
r0.2941025141626596 U
1-
#5540000
0-
#5545000
b1110011110111011100100100100 J
b111101110000000011101011100001000 K
b1110011110110111100100100100 L
b111101110000000011001011100001000 M
b10101000100011 B
b1111010100101101 C
b1110000110011001 @
b1001010110101001 A
b1000111011110100011111000100 E
b101100011000011000101100000 F
b11111101100100101010000110010000 D
b11101011100101000011100010011000 G
b1110100010101110 #
b1110100010101110 H
b100010110011111 "
b100010110011111 I
b1100111110100010 +
b1100111110100010 8
b110101010011110 ,
b110101010011110 9
b1111101000111100 )
b1111101000111100 6
b11001000010001 *
b11001000010001 7
r0.514190673828125 X
r-0.002105712890625 Y
r-0.35833740234375 V
r-0.140899658203125 W
b1000011011 2
b11111 5
b1000011011 4
r2.409331500530243e-06 R
r1.031067222356796e-05 S
r0.407318115234375 P
r-0.318817138671875 Q
b100 1
b11011 3
r0.4073157059028745 T
r-0.3188068279996514 U
1-
#5550000
0-
#5555000
b111101111110010001000010100000000 J
b1001100000000101100111001010 K
b111101111110010000100010100000000 L
b1001100000000001100111001010 M
b1110011110111 #
b1110011110111 H
b1101110000000011 "
b1101110000000011 I
b1010010010001010011100101 E
b11101110011111110011000000011011 F
b11111010111111101111000111101011 D
b100011111110000101110110101 G
b1100111110100010 B
b110101010011110 C
b1111101000111100 @
b11001000010001 A
b100000111010001 +
b100000111010001 8
b1111111110111011 ,
b1111111110111011 9
b1101001000100010 )
b1101001000100010 6
b1110110111110111 *
b1110110111110111 7
r0.68145751953125 X
r0.113006591796875 Y
r0.666717529296875 V
r0.040802001953125 W
b1000011100 2
b100000 5
b1000011100 4
r5.178153514862061e-07 R
r5.472451448440552e-06 S
r-0.18218994140625 P
r0.543914794921875 Q
b100 1
b11100 3
r-0.1821904592216015 T
r0.5439093224704266 U
1-
#5560000
0-
#5565000
b111110100001000111111011011001010 J
b10011110000110101001010000110 K
b111110100001000111011011011001010 L
b10011110000110001001010000110 M
b100000111010001 B
b1111111110111011 C
b1101001000100010 @
b1110110111110111 A
b11111101100110010100100100001000 E
b11110110100010100110110111000010 F
b1000101101101110111111000 D
b10100110110011111000001111110 G
b1101111110010001 #
b1101111110010001 H
b1001100000000 "
b1001100000000 I
b101011100111010 +
b101011100111010 8
b111001110111 ,
b111001110111 9
b101010101010111 )
b101010101010111 6
b10100111001 *
b10100111001 7
r0.566314697265625 X
r-0.300994873046875 Y
r-0.603790283203125 V
r0.67230224609375 W
b1000011101 2
b100001 5
b1000011101 4
r1.63540244102478e-06 R
r5.491077899932861e-06 S
r0.226287841796875 P
r-0.281158447265625 Q
b100 1
b11101 3
r0.226286206394434 T
r-0.2811529561877251 U
1-
#5570000
0-
#5575000
b111111011011010011001101001111101 J
b1011110011111110110010101011 K
b111111011011010010101101001111101 L
b1011110011111010110010101011 M
b1110100001000111 #
b1110100001000111 H
b10011110000110 "
b10011110000110 I
b11000101110011010110 E
b11111011010111001111110110100111 F
b11110100001101010010111111000010 D
b1001101110001101101 G
b101011100111010 B
b111001110111 C
b101010101010111 @
b10100111001 A
b100100001111101 +
b100100001111101 8
b1101100101111001 ,
b1101100101111001 9
b1011001010110111 )
b1011001010110111 6
b101011000001110 *
b101011000001110 7
r0.19677734375 X
r0.222076416015625 Y
r-0.48883056640625 V
r0.50347900390625 W
b1000011110 2
b100010 5
b1000011110 4
r1.406669616699219e-05 R
r6.148591637611389e-06 S
r-0.253387451171875 P
r0.1484375 Q
b100 1
b11110 3
r-0.253401517868042 T
r0.1484436485916376 U
1-
#5580000
0-
#5585000
b110100110100011101101011011 J
b111100011001101111110010011001001 K
b110100110011111101101011011 L
b111100011001101111010010011001001 M
b100100001111101 B
b1101100101111001 C
b1011001010110111 @
b101011000001110 A
b100110100100110110101110001 E
b1110001111000110111101010 F
b11101000100111110011010110110 D
b10010111000101101111111 G
b1111011011010011 #
b1111011011010011 H
b1011110011111 "
b1011110011111 I
b1100100110000 +
b1100100110000 8
b1110001101101 ,
b1110001101101 9
b1100000101101110 )
b1100000101101110 6
b100000001110010 *
b100000001110010 7
r0.909820556640625 X
r0.2425537109375 Y
r0.407745361328125 V
r-0.41937255859375 W
b1000011111 2
b100011 5
b1000011111 4
r1.30627304315567e-05 R
r4.416331648826599e-06 S
r-0.185333251953125 P
r0.30877685546875 Q
b100 1
b11111 3
r-0.1853201892226934 T
r0.3087812718003988 U
1-
#5590000
0-
#5595000
b100011111111111100110001010101 J
b1000111011110000111101000011 K
b100011111111111000110001010101 L
b1000111011101100111101000011 M
b110100110100 #
b110100110100 H
b1100011001101111 "
b1100011001101111 I
b1011101000011001011101111111 E
b11000010111011111010011010110 F
b11101010000111011011101101011011 D
b11110011000011001000101010011110 G
b1100100110000 B
b1110001101101 C
b1100000101101110 @
b100000001110010 A
b111010001110101 +
b111010001110101 8
b1111100001100 ,
b1111100001100 9
b11010000110001 )
b11010000110001 6
b1100101001010010 *
b1100101001010010 7
r-0.801788330078125 X
r0.6790771484375 Y
r-0.326324462890625 V
r0.409942626953125 W
b1000100000 2
b100100 5
b1000100000 4
r8.94349068403244e-06 R
r1.0649673640728e-05 S
r-0.071685791015625 P
r0.184539794921875 Q
b100 1
b100000 3
r-0.07169473450630903 T
r0.1845504445955157 U
1-
#5600000
0-
#5605000
b111111111011001001101101100110110 J
b1101010100000010010111101010 K
b111111111011001001001101100110110 L
b1101010011111110010111101010 M
b111010001110101 B
b1111100001100 C
b11010000110001 @
b1100101001010010 A
b11111001000011010110001111010110 E
b110010101110011011101100000 F
b11111001110110000000001010100000 D
b111001001111110100010001010 G
b100011111111111 #
b100011111111111 H
b1000111011110 "
b1000111011110 I
b1001100101011111 +
b1001100101011111 8
b101011011101100 ,
b101011011101100 9
b1101011000111011 )
b1101011000111011 6
b11010001111001 *
b11010001111001 7
r-0.601470947265625 X
r0.78143310546875 Y
r-0.390380859375 V
r-0.154541015625 W
b1000100001 2
b100101 5
b1000100001 4
r1.107342541217804e-06 R
r8.770264685153961e-06 S
r0.1031494140625 P
r-0.449737548828125 Q
b100 1
b100001 3
r0.1031483067199588 T
r-0.4497287785634398 U
1-
#5610000
0-
#5615000
b111101101111010010100000011000110 J
b111100001101111111001101101110011 K
b111101101111010010000000011000110 L
b111100001101111110101101101110011 M
b1111111011001001 #
b1111111011001001 H
b1101010100000 "
b1101010100000 I
b110010101000110000101001100 E
b11100111100101001001111101111010 F
b10111101111100000111001100101 D
b11111001011111010110100111011000 G
b1001100101011111 B
b101011011101100 C
b1101011000111011 @
b11010001111001 A
b1011001100000011 +
b1011001100000011 8
b110010000000110 ,
b110010000000110 9
b1100111000001000 )
b1100111000001000 6
b1110110000111000 *
b1110110000111000 7
r-0.559600830078125 X
r-0.093475341796875 Y
r-0.735748291015625 V
r-0.954376220703125 W
b1000100010 2
b100110 5
b1000100010 4
r2.940185368061066e-06 R
r1.162011176347733e-05 S
r0.562469482421875 P
r0.13958740234375 Q
b100 1
b100010 3
r0.5624724226072431 T
r0.1395757822319865 U
1-
#5620000
0-
#5625000
b111011100110010000101101001001011 J
b1000100101000001010100111 K
b111011100110010000001101001001011 L
b1000100100100001010100111 M
b1011001100000011 B
b110010000000110 C
b1100111000001000 @
b1110110000111000 A
b11110001110100010101000001100100 E
b11101010111101101100100111100111 F
b10000101111101100001011100101 D
b10001110100010000010110001100 G
b1101101111010010 #
b1101101111010010 H
b1100001101111111 "
b1100001101111111 I
b1011100001011111 +
b1011100001011111 8
b1111010000001001 ,
b1111010000001001 9
b1010000111010011 )
b1010000111010011 6
b1000010111010111 *
b1000010111010111 7
r-0.625579833984375 X
r-0.309478759765625 Y
r0.951629638671875 V
r0.341705322265625 W
b1000100011 2
b100111 5
b1000100011 4
r6.487593054771423e-06 R
r6.219372153282166e-06 S
r-0.009490966796875 P
r0.2080078125 Q
b100 1
b100011 3
r-0.009484479203820229 T
r0.2080015931278467 U
1-
#5630000
0-
#5635000
b111110010011011010010000011011000 J
b111101001001111101010011100111000 K
b111110010011011001110000011011000 L
b111101001001111100110011100111000 M
b1011100110010000 #
b1011100110010000 H
b1000100101 "
b1000100101 I
b11101100011110011111010000110000 E
b101111100101110110010101000 F
b1111000001110000001000011000 D
b11111000010001010110100101010000 G
b1011100001011111 B
b1111010000001001 C
b1010000111010011 @
b1000010111010111 A
b1010111111101101 +
b1010111111101101 8
b1101100001100011 ,
b1101100001100011 9
b111100111001111 )
b111100111001111 6
b10101110111101 *
b10101110111101 7
r-0.101409912109375 X
r0.71124267578125 Y
r-0.280059814453125 V
r-0.6376953125 W
b1000100100 2
b101000 5
b1000100100 4
r1.844018697738647e-07 R
r8.714385330677032e-06 S
r-0.28265380859375 P
r-0.472686767578125 Q
b100 1
b100100 3
r-0.2826536241918802 T
r-0.4726954819634557 U
1-
#5640000
0-
#5645000
b100110100101010011111100110100 J
b111101011010111000010101101000010 K
b100110100101001111111100110100 L
b111101011010110111110101101000010 M
b1010111111101101 B
b1101100001100011 C
b111100111001111 @
b10101110111101 A
b100011001101100110001101011 E
b100010001011100011001011001001 F
b11010010110011011010101001101 D
b101101101011010000010001111 G
b1110010011011010 #
b1110010011011010 H
b1101001001111101 "
b1101001001111101 I
b1111001100000101 +
b1111001100000101 8
b101101100001010 ,
b101101100001010 9
b1101110000100111 )
b1101110000100111 6
b1010111001100000 *
b1010111001100000 7
r-0.398773193359375 X
r-0.765228271484375 Y
r-0.260101318359375 V
r0.2572021484375 W
b1000100101 2
b101001 5
b1000100101 4
r6.268732249736786e-06 R
r1.462642103433609e-05 S
r-0.55029296875 P
r0.016754150390625 Q
b100 1
b100101 3
r-0.5502867000177503 T
r0.01673952396959066 U
1-
#5650000
0-
#5655000
b111011111011110001011010000000110 J
b11111010101010101110001110100 K
b111011111011110000111010000000110 L
b11111010101010001110001110100 M
b100110100101010 #
b100110100101010 H
b1101011010111000 "
b1101011010111000 I
b11101101001001101100001100001101 E
b11110010010100011011000011111001 F
b11011001111001100100010110100011 D
b11111001001110110110001000010111 G
b1111001100000101 B
b101101100001010 C
b1101110000100111 @
b1010111001100000 A
b1100110011110101 +
b1100110011110101 8
b1001111000001101 ,
b1001111000001101 9
b1101111010110101 )
b1101111010110101 6
b10000011101100 *
b10000011101100 7
r-0.860382080078125 X
r-0.860443115234375 Y
r-0.917877197265625 V
r-0.6351318359375 W
b1000100110 2
b101010 5
b1000100110 4
r7.428228855133057e-06 R
r5.908310413360596e-06 S
r-0.21209716796875 P
r-0.355560302734375 Q
b100 1
b100110 3
r-0.2121045961976051 T
r-0.3555662110447884 U
1-
#5660000
0-
#5665000
b111110111011001000011111001100110 J
b111100001001001111101110111111101 K
b111110111011000111111111001100110 L
b111100001001001111001110111111101 M
b1100110011110101 B
b1001111000001101 C
b1101111010110101 @
b10000011101100 A
b11110011010000000111011010000110 E
b100001000111000011111100000 F
b1110100010101000111000011 D
b11100010111110001110111111000000 G
b1011111011110001 #
b1011111011110001 H
b11111010101010 "
b11111010101010 I
b1001000111011111 +
b1001000111011111 8
b1001000111011101 ,
b1001000111011101 9
b1000101010000011 )
b1000101010000011 6
b1010111010110100 *
b1010111010110100 7
r0.072967529296875 X
r-0.38787841796875 Y
r-0.148345947265625 V
r0.166839599609375 W
b1000100111 2
b101011 5
b1000100111 4
r1.899898052215576e-07 R
r4.945322871208191e-06 S
r0.60284423828125 P
r-0.322509765625 Q
b100 1
b100111 3
r0.6028440482914448 T
r-0.3225147109478712 U
1-
#5670000
0-
#5675000
b110001011001101011100001101 J
b111101100110001000011010011000011 K
b110001011001001011100001101 L
b111101100110000111111010011000011 M
b1110111011001000 #
b1110111011001000 H
b1100001001001111 "
b1100001001001111 I
b1100101111010000010100110001 E
b11111001011011111001000111011100 F
b110101000110101111100111001 D
b11110011011001110101001111111100 G
b1001000111011111 B
b1001000111011101 C
b1000101010000011 @
b1010111010110100 A
b100101010111 +
b100101010111 8
b1100111001011010 ,
b1100111001011010 9
b1110110100000011 )
b1110110100000011 6
b1010101011011 *
b1010101011011 7
r-0.431793212890625 X
r0.70794677734375 Y
r0.14892578125 V
r-0.126953125 W
b1000101000 2
b101100 5
b1000101000 4
r2.855435013771057e-06 R
r6.783753633499146e-06 S
r-0.508270263671875 P
r0.48956298828125 Q
b100 1
b101000 3
r-0.5082731191068888 T
r0.4895697720348835 U
1-
#5680000
0-
#5685000
b1010101100001010010100011100011 J
b111110000011011110010101001000111 K
b1010101100001001110100011100011 L
b111110000011011101110101001000111 M
b100101010111 B
b1100111001011010 C
b1110110100000011 @
b1010101011011 A
b110010100010111100011000010111 E
b100010111110010010001011001100 F
b110010100010101101101100011101 D
b100010111110011100010101100100 G
b110001011001 #
b110001011001 H
b1101100110001000 "
b1101100110001000 I
b1100100010111011 +
b1100100010111011 8
b101101010011110 ,
b101101010011110 9
b1001100010000 )
b1001100010000 6
b1110111111000000 *
b1110111111000000 7
r-0.30224609375 X
r0.37139892578125 Y
r-0.17474365234375 V
r-0.5181884765625 W
b1000101001 2
b101101 5
b1000101001 4
r3.818422555923462e-07 R
r7.149763405323029e-06 S
r-0.134521484375 P
r-0.481964111328125 Q
b100 1
b101001 3
r-0.1345218662172556 T
r-0.4819569615647197 U
1-
#5690000
0-
#5695000
b100011101100111000111111011 J
b111111100100011010101010011111001 K
b100011101100011000111111011 L
b111111100100011010001010011111001 M
b111111111111111 #
b111111111111111 H
b1110000011011110 "
b1110000011011110 I
b11101011101011110100001110 E
b110001110111010011101101 F
b11111111010011101010011100000101 D
b11111011110110111011101111111110 G
b1100100010111011 B
b101101010011110 C
b1001100010000 @
b1110111111000000 A
b1101100101010000 +
b1101100101010000 8
b10111110001010 ,
b10111110001010 9
b1110100110100010 )
b1110100110100010 6
b1011110110101100 *
b1011110110101100 7
r-0.452178955078125 X
r0.008392333984375 Y
r-0.497467041015625 V
r0.6580810546875 W
b1000101010 2
b101110 5
b1000101010 4
r5.495734512805939e-06 R
r2.679415047168732e-06 S
r0.096466064453125 P
r-0.300537109375 Q
b100 1
b101010 3
r0.09647156018763781 T
r-0.3005397887900472 U
1-
#5700000
0-
#5705000
b1010010000011100010100100000 J
b111111110010111010100101111010000 K
b1010010000011000010100100000 L
b111111110010111010000101111010000 M
b1101100101010000 B
b10111110001010 C
b1110100110100010 @
b1011110110101100 A
b110101111110110001111100000 E
b11100000100010000101000000 F
b11111011111000100110110010110000 D
b11111010001111110111100010000000 G
b100011101100 #
b100011101100 H
b1111100100011010 "
b1111100100011010 I
b1100011000011111 +
b1100011000011111 8
b100010011 ,
b100010011 9
b1100000001010011 )
b1100000001010011 6
b101010000111100 *
b101010000111100 7
r-0.143951416015625 X
r-0.7945556640625 Y
r-0.1751708984375 V
r0.27386474609375 W
b1000101011 2
b101111 5
b1000101011 4
r0 R
r5.179084837436676e-06 S
r0.999969482421875 P
r-0.24322509765625 Q
b100 1
b101011 3
r0.999969482421875 T
r-0.2432302767410874 U
1-
#5710000
0-
#5715000
b101110111110000000100010100 J
b111110000010011011011111000011000 K
b101110111101100000100010100 L
b111110000010011010111111000011000 M
b1010010000011 #
b1010010000011 H
b1111110010111010 "
b1111110010111010 I
b11111011110110001010111101010100 E
b1010000001100001000111000000 F
b11011000010101010010100000 D
b11110011101011101101001010111000 G
b1100011000011111 B
b100010011 C
b1100000001010011 @
b101010000111100 A
b1110110110010011 +
b1110110110010011 8
b1001101001001100 ,
b1001101001001100 9
b1110100110010100 )
b1110100110010100 6
b10001100001110 *
b10001100001110 7
r-0.60302734375 X
r-0.31097412109375 Y
r-0.58843994140625 V
r0.9544677734375 W
b1000101100 2
b110000 5
b1000101100 4
r1.191627234220505e-05 R
r5.000270903110504e-06 S
r0.0697021484375 P
r-0.05389404296875 Q
b100 1
b101100 3
r0.06971406470984221 T
r-0.05388904269784689 U
1-
#5720000
0-
#5725000
b111101100101100000111010001101101 J
b111110001111101010100000001100111 K
b111101100101100000011010001101101 L
b111110001111101010000000001100111 M
b1110110110010011 B
b1001101001001100 C
b1110100110010100 @
b10001100001110 A
b11111111101110111001100100101001 E
b11101100111101001001101101000100 F
b1110011001010111110000001101 D
b10110100111110001110100 G
b101110111110 #
b101110111110 H
b1110000010011011 "
b1110000010011011 I
b1011001011010000 +
b1011001011010000 8
b1101100000110010 ,
b1101100000110010 9
b1011010010101110 )
b1011010010101110 6
b111101000101100 *
b111101000101100 7
r-0.1654052734375 X
r0.118896484375 Y
r-0.519744873046875 V
r-0.525543212890625 W
b1000101101 2
b110001 5
b1000101101 4
r1.221895217895508e-06 R
r2.816319465637207e-06 S
r0.160247802734375 P
r-0.02557373046875 Q
b100 1
b101101 3
r0.1602490246295929 T
r-0.02557091414928436 U
1-
#5730000
0-
#5735000
b110011000101011011011111010 J
b111110000011101011111000000101100 K
b110011000100111011011111010 L
b111110000011101011011000000101100 M
b1101100101100000 #
b1101100101100000 H
b1110001111101010 "
b1110001111101010 I
b1000111010000101111111110000 E
b11111101011110100001011100001010 F
b1100111010010001111111100 D
b11110010000100101101010000101000 G
b1011001011010000 B
b1101100000110010 C
b1011010010101110 @
b111101000101100 A
b1110101011010100 +
b1110101011010100 8
b111100111000 ,
b111100111000 9
b1011110101111001 )
b1011110101111001 6
b1011110010111011 *
b1011110010111011 7
r-0.73980712890625 X
r0.809295654296875 Y
r0.6082763671875 V
r0.346710205078125 W
b1000101110 2
b110010 5
b1000101110 4
r1.500174403190613e-05 R
r4.544854164123535e-07 S
r0.09173583984375 P
r-0.245269775390625 Q
b100 1
b101110 3
r0.09172083809971809 T
r-0.2452702298760414 U
1-
#5740000
0-
#5745000
b111100110111000000011010110111100 J
b111010110010010110111001100111000 K
b111100110110111111111010110111100 L
b111010110010010110011001100111000 M
b1110101011010100 B
b111100111000 C
b1011110101111001 @
b1011110010111011 A
b1011101101100001100111111100 E
b11011011001010011101101111000000 F
b10110101101011100100101100000 D
b11101101000000001111110010011000 G
b110011000101 #
b110011000101 H
b1110000011101011 "
b1110000011101011 I
b1010000101001110 +
b1010000101001110 8
b110011110010111 ,
b110011110010111 9
b100110111011100 )
b100110111011100 6
b10110001100001 *
b10110001100001 7
r0.134735107421875 X
r0.971343994140625 Y
r0.60186767578125 V
r-0.550994873046875 W
b1000101111 2
b110011 5
b1000101111 4
r1.249928027391434e-05 R
r9.592622518539429e-08 S
r-0.3017578125 P
r-0.21942138671875 Q
b100 1
b101111 3
r-0.3017453132197261 T
r-0.2194212907925248 U
1-
#5750000
0-
#5755000
b1100111000000001001010100 J
b111110110011111111111101110110100 K
b1100110111100001001010100 L
b111110110011111111011101110110100 M
b1100110111000000 #
b1100110111000000 H
b1010110010010110 "
b1010110010010110 I
b11111100000010111000100101111000 E
b101100100000011100011011100 F
b101100000001000001000110100 D
b11111100000000000011110111101000 G
b1010000101001110 B
b110011110010111 C
b100110111011100 @
b10110001100001 A
b1000100111111 +
b1000100111111 8
b111110001010101 ,
b111110001010101 9
b100110100001010 )
b100110100001010 6
b1011100101111001 *
b1011100101111001 7
r0.8541259765625 X
r0.570831298828125 Y
r-0.058837890625 V
r0.031005859375 W
b1000110000 2
b110100 5
b1000110000 4
r2.151355147361755e-06 R
r1.148506999015808e-05 S
r0.099761962890625 P
r-0.242828369140625 Q
b100 1
b110000 3
r0.09975981153547764 T
r-0.2428168840706348 U
1-
#5760000
0-
#5765000
b1111000101110011011101010010 J
b101110110000100101111100101111 K
b1111000101101111011101010010 L
b101110110000100001111100101111 M
b1000100111111 B
b111110001010101 C
b100110100001010 @
b1011100101111001 A
b11111100000010111000011000100 E
b11101111100101011000011010001110 F
b11100011001100110001010100001000 D
b10001111101010011010000110111 G
b1100111000 #
b1100111000 H
b1110110011111111 "
b1110110011111111 I
b110110101010100 +
b110110101010100 8
b100100100010001 ,
b100100100010001 9
b1111100001111000 )
b1111100001111000 6
b1111111000 *
b1111111000 7
r-0.34375 X
r0.39508056640625 Y
r0.770477294921875 V
r0.946136474609375 W
b1000110001 2
b110101 5
b1000110001 4
r2.447515726089478e-06 R
r1.221150159835815e-05 S
r-0.392578125 P
r-0.65167236328125 Q
b100 1
b110001 3
r-0.3925805725157261 T
r-0.6516601517796516 U
1-
#5770000
0-
#5775000
b100000101010100101101000011001 J
b111011000100011101101000110110111 K
b100000101010100001101000011001 L
b111011000100011101001000110110111 M
b1111000101110 #
b1111000101110 H
b101110110000100 "
b101110110000100 I
b100101011010100110110001010010 E
b11111011001111111010110111000111 F
b101001100001001111101110110 D
b11011101101111110011000100101101 G
b110110101010100 B
b100100100010001 C
b1111100001111000 @
b1111111000 A
b1101010000000000 +
b1101010000000000 8
b11001010010010 ,
b11001010010010 9
b110001010011111 )
b110001010011111 6
b111100100011011 *
b111100100011011 7
r-0.911285400390625 X
r-0.5775146484375 Y
r0.902008056640625 V
r0.451904296875 W
b1000110010 2
b110110 5
b1000110010 4
r1.470372080802917e-05 R
r1.423433423042297e-05 S
r0.025146484375 P
r-0.148468017578125 Q
b100 1
b110010 3
r0.02513178065419197 T
r-0.1484537832438946 U
1-
#5780000
0-
#5785000
b111111111100010111101110101011000 J
b100010110011001110000011000 K
b111111111100010111001110101011000 L
b100010110010101110000011000 M
b1101010000000000 B
b11001010010010 C
b110001010011111 @
b111100100011011 A
b11111101110110011011011111111000 E
b1101100011110010101100000 F
b11111100110010001001111101100000 D
b1001000011111101101111000 G
b100000101010100 #
b100000101010100 H
b1011000100011101 "
b1011000100011101 I
b1000101101011011 +
b1000101101011011 8
b1011011000010100 ,
b1011011000010100 9
b111001101110101 )
b111001101110101 6
b11100111011000 *
b11100111011000 7
r0.755706787109375 X
r0.088348388671875 Y
r-0.19793701171875 V
r0.421875 W
b1000110011 2
b110111 5
b1000110011 4
r2.069398760795593e-06 R
r7.434748113155365e-06 S
r0.23577880859375 P
r0.7305908203125 Q
b100 1
b110011 3
r0.2357767391949892 T
r0.7305982550606132 U
1-
#5790000
0-
#5795000
b111111110101010101110100010101110 J
b101000110111111110101101100110 K
b111111110101010101010100010101110 L
b101000110111111010101101100110 M
b1111111100010111 #
b1111111100010111 H
b100010110011 "
b100010110011 I
b10011011110110100110010101110 E
b11101011001011110101110000000000 F
b11101111000011001010110000000000 D
b10111111011000101011101100110 G
b1000101101011011 B
b1011011000010100 C
b111001101110101 @
b11100111011000 A
b110000010111011 +
b110000010111011 8
b101101001111 ,
b101101001111 9
b1110011010101010 )
b1110011010101010 6
b11011000000000 *
b11011000000000 7
r-0.436859130859375 X
r-0.45880126953125 Y
r-0.9715576171875 V
r-0.68585205078125 W
b1000110100 2
b111000 5
b1000110100 4
r6.222166121006012e-06 R
r4.223547875881195e-06 S
r0.5103759765625 P
r-0.616302490234375 Q
b100 1
b110100 3
r0.510382198728621 T
r-0.6162982666864991 U
1-
#5800000
0-
#5805000
b111000100010011100100101011101100 J
b100011111001111100001101001001 K
b111000100010011100000101011101100 L
b100011111001111000001101001001 M
b110000010111011 B
b101101001111 C
b1110011010101010 @
b11011000000000 A
b11011110101010010011001100100100 E
b11100101101001001101011111001000 F
b11001011011001001001000110010111 D
b11101111010011000001010011100000 G
b1111110101010101 #
b1111110101010101 H
b101000110111111 "
b101000110111111 I
b1100100000010101 +
b1100100000010101 8
b1100010101000110 ,
b1100010101000110 9
b1000001110100100 )
b1000001110100100 6
b1010100000110110 *
b1010100000110110 7
r0.180267333984375 X
r0.483001708984375 Y
r-0.912261962890625 V
r-0.261199951171875 W
b1000110101 2
b111001 5
b1000110101 4
r6.996095180511475e-06 R
r8.560717105865479e-06 S
r-0.007110595703125 P
r0.067962646484375 Q
b100 1
b110101 3
r-0.007103599607944489 T
r0.06795408576726913 U
1-
#5810000
0-
#5815000
b10011010010010010111001110110 J
b1011111101011010101111010010 K
b10011010010001110111001110110 L
b1011111101010110101111010010 M
b1000100010011100 #
b1000100010011100 H
b100011111001111 "
b100011111001111 I
b11111110111000010111110001110110 E
b10100011001110111001000000000 F
b11110110011011010011111000101110 D
b10011000101010101000000000 G
b1100100000010101 B
b1100010101000110 C
b1000001110100100 @
b1010100000110110 A
b1011100010011 +
b1011100010011 8
b11110111010011 ,
b11110111010011 9
b1000101100111011 )
b1000101100111011 6
b1101111010010001 *
b1101111010010001 7
r-0.0628662109375 X
r0.687164306640625 Y
r0.1812744140625 V
r-0.03070068359375 W
b1000110110 2
b111010 5
b1000110110 4
r9.698793292045593e-06 R
r1.034699380397797e-05 S
r-0.020843505859375 P
r0.638641357421875 Q
b100 1
b110110 3
r-0.02083380706608295 T
r0.638651704415679 U
1-
#5820000
0-
#5825000
b101111101101000110111101000110 J
b111111000111110011110000001010000 K
b101111101101000010111101000110 L
b111111000111110011010000001010000 M
b1011100010011 B
b11110111010011 C
b1000101100111011 @
b1101111010010001 A
b11100100001110011001011011000 E
b10011001011001111110001101110 F
b11011001010011110110001110100 D
b10100001000111000110011000100 G
b10011010010010 #
b10011010010010 H
b1011111101011 "
b1011111101011 I
b1111011111110100 +
b1111011111110100 8
b101011111110101 ,
b101011111110101 9
b1011100110100 )
b1011100110100 6
b1111110000010010 *
b1111110000010010 7
r-0.123870849609375 X
r-0.212249755859375 Y
r-0.191497802734375 V
r0.24041748046875 W
b1000110111 2
b111011 5
b1000110111 4
r2.603977918624878e-06 R
r7.832422852516174e-07 S
r-0.9327392578125 P
r0.561004638671875 Q
b100 1
b110111 3
r-0.9327366538345814 T
r0.5610054219141603 U
1-
#5830000
0-
#5835000
b111100000110010011001110001100100 J
b10011100111001110000100010 K
b111100000110010010101110001100100 L
b10011100110101110000100010 M
b101111101101000 #
b101111101101000 H
b1111000111110011 "
b1111000111110011 I
b11100011110011001101000010100001 E
b11111100111111001000101111000011 F
b11110101011110011010001001100001 D
b11110111111011001111111010000011 G
b1111011111110100 B
b101011111110101 C
b1011100110100 @
b1111110000010010 A
b1111000000100101 +
b1111000000100101 8
b1110010011010101 ,
b1110010011010101 9
b1110011101111101 )
b1110011101111101 6
b1111011000110 *
b1111011000110 7
r-0.82318115234375 X
r-0.5655517578125 Y
r-0.303375244140625 V
r0.177520751953125 W
b1000111000 2
b111100 5
b1000111000 4
r4.181638360023499e-06 R
r4.811212420463562e-06 S
r0.30133056640625 P
r0.186859130859375 Q
b100 1
b111000 3
r0.30132638476789 T
r0.1868543196469545 U
1-
#5840000
0-
#5845000
b1000000110001011111111101100 J
b111111111011000010101000110101010 K
b1000000110000111111111101100 L
b111111111011000010001000110101010 M
b1111000000100101 B
b1110010011010101 C
b1110011101111101 @
b1111011000110 A
b111111110001110000011000100 E
b111111001111100101000 F
b11111111010001010100100110010000 D
b11111110101001100101101100111010 G
b1100000110010011 #
b1100000110010011 H
b10011100111 "
b10011100111 I
b1001011010100010 +
b1001011010100010 8
b1011011110011100 ,
b1011011110011100 9
b1101100100101011 )
b1101100100101011 6
b1011010111001 *
b1011010111001 7
r-0.3277587890625 X
r0.40594482421875 Y
r0.025054931640625 V
r-0.799835205078125 W
b1000111001 2
b111101 5
b1000111001 4
r1.127086579799652e-05 R
r7.703900337219238e-06 S
r0.745361328125 P
r-0.109771728515625 Q
b100 1
b111001 3
r0.745372598990798 T
r-0.1097640246152878 U
1-
#5850000
0-
#5855000
b101100100100000110011111 J
b111111011001101111000110110101101 K
b101100100000000110011111 L
b111111011001101110100110110101101 M
b1000000110001 #
b1000000110001 H
b1111111011000010 "
b1111111011000010 I
b10100110011110111100000001 E
b11111110000110000001001010011110 F
b1100001001010010100010001 D
b11111100101110111111001010111110 G
b1001011010100010 B
b1011011110011100 C
b1101100100101011 @
b1011010111001 A
b1101011000001100 +
b1101011000001100 8
b11001111110110 ,
b11001111110110 9
b1100110101 )
b1100110101 6
b1001100110011111 *
b1001100110011111 7
r0.676055908203125 X
r-0.2235107421875 Y
r0.41357421875 V
r-0.755767822265625 W
b1000111010 2
b111110 5
b1000111010 4
r8.489936590194702e-06 R
r8.551403880119324e-06 S
r-0.487701416015625 P
r0.038299560546875 Q
b100 1
b111010 3
r-0.4877099059522152 T
r0.03829100914299488 U
1-
#5860000
0-
#5865000
b1101000010001101001000110 J
b111101001100101111011100010000110 K
b1101000001101101001000110 L
b111101001100101110111100010000110 M
b1101011000001100 B
b11001111110110 C
b1100110101 @
b1001100110011111 A
b1010111110110001001100110100 E
b11110110101001011100011100010010 F
b1111111110111001111100110110 D
b11111001100100110001011110111100 G
b101100100 #
b101100100 H
b1111011001101111 "
b1111011001101111 I
b101011010001001 +
b101011010001001 8
b1110001101100100 ,
b1110001101100100 9
b11010011110000 )
b11010011110000 6
b1001111101000011 *
b1001111101000011 7
r-0.161224365234375 X
r0.728607177734375 Y
r0.642822265625 V
r0.645904541015625 W
b1000111011 2
b111111 5
b1000111011 4
r1.862645149230957e-08 R
r4.211440682411194e-06 S
r0.126495361328125 P
r-0.00970458984375 Q
b100 1
b111011 3
r0.1264953427016735 T
r-0.009700378403067589 U
1-
#5870000
0-
#5875000
b10001011011100000000101100010 J
b111101011101111110001011101001110 K
b10001011011011100000101100010 L
b111101011101111101101011101001110 M
b1101000010 #
b1101000010 H
b1101001100101111 "
b1101001100101111 I
b101001101010001111101110 E
b10000110001110001110101110100 F
b11111111011110010111010001111100 D
b11101011001110000100101111001010 G
b101011010001001 B
b1110001101100100 C
b11010011110000 @
b1001111101000011 A
b1110101101011101 +
b1110101101011101 8
b101110101000011 ,
b101110101000011 9
b101001001001000 )
b101001001001000 6
b101001010101101 *
b101001010101101 7
r-0.747711181640625 X
r-0.893585205078125 Y
r-0.423736572265625 V
r-0.4681396484375 W
b1000111100 2
b0 5
b1000111100 4
r3.864988684654236e-07 R
r1.199822872877121e-05 S
r0.0108642578125 P
r-0.074737548828125 Q
b100 1
b111100 3
r0.01086464431136847 T
r-0.07474954705685377 U
1-
#5880000
0-
#5885000
b111011001011000100111101010011011 J
b111111000111010101110101010111100 K
b111011001011000100011101010011011 L
b111111000111010101010101010111100 M
b1110101101011101 B
b101110101000011 C
b101001001001000 @
b101001010101101 A
b11111010000101010111110111000000 E
b11011111010011001011110011011011 F
b10001111001001111010001110000 D
b1010110011111001111100101100 G
b10001011011100 #
b10001011011100 H
b1101011101111110 "
b1101011101111110 I
b1010000001001011 +
b1010000001001011 8
b1000110110011111 ,
b1000110110011111 9
b1100100111000011 )
b1100100111000011 6
b1100010000010100 *
b1100010000010100 7
r-0.47918701171875 X
r0.30242919921875 Y
r0.2515869140625 V
r0.558837890625 W
b1000111101 2
b1 5
b1000111101 4
r8.994713425636292e-06 R
r1.782551407814026e-06 S
r0.02545166015625 P
r-0.350128173828125 Q
b100 1
b111101 3
r0.02544266544282436 T
r-0.3501299563795328 U
1-
#5890000
0-
#5895000
b10111010011111100100010110001 J
b100100110000001100000000011111 K
b10111010011111000100010110001 L
b100100110000001000000000011111 M
b1011001011000100 #
b1011001011000100 H
b1111000111010101 "
b1111000111010101 I
b11101111110011011000011011000 E
b11111001010101011101011111011001 F
b11111001010111011111110000101000 D
b11110000111100111110001000111 G
b1010000001001011 B
b1000110110011111 C
b1100100111000011 @
b1100010000010100 A
b1100001010101010 +
b1100001010101010 8
b10011010110110 ,
b10011010110110 9
b10000000110100 )
b10000000110100 6
b100011110001000 *
b100011110001000 7
r0.017822265625 X
r-0.4273681640625 Y
r0.611328125 V
r0.34661865234375 W
b1000111110 2
b10 5
b1000111110 4
r1.492910087108612e-05 R
r9.702518582344055e-06 S
r0.2723388671875 P
r-0.31646728515625 Q
b100 1
b111110 3
r0.2723239380866289 T
r-0.3164769876748323 U
1-
#5900000
0-
#5905000
b101110101000101110100011111001 J
b110011111110001000001001011 K
b101110101000101010100011111001 L
b110011111101101000001001011 M
b1100001010101010 B
b10011010110110 C
b10000000110100 @
b100011110001000 A
b11000001110111011011100011101 E
b10110011001101111000111011100 F
b10100010001101111110000100001 D
b11010110001011100110001101100 G
b10111010011111 #
b10111010011111 H
b100100110000001 "
b100100110000001 I
b1001001000 +
b1001001000 8
b1100100101001100 ,
b1100100101001100 9
b100111001000000 )
b100111001000000 6
b10110001011110 *
b10110001011110 7
r-0.953094482421875 X
r0.3726806640625 Y
r0.8404541015625 V
r0.447998046875 W
b1000111111 2
b11 5
b1000111111 4
r1.397263258695602e-05 R
r1.018866896629333e-05 S
r-0.6033935546875 P
r-0.110687255859375 Q
b100 1
b111111 3
r-0.603379582054913 T
r-0.1106770671904087 U
1-
#5910000
0-
#5915000
b111110011101110110110110101001000 J
b10010100010001000000000101000 K
b111110011101110110010110101001000 L
b10010100010000100000000101000 M
b101110101000101 #
b101110101000101 H
b110011111110 "
b110011111110 I
b100110111101001110011111000 E
b11101110110111001001000001010000 F
b11111000010010001100101010001000 D
b1010110100010000101010110000 G
b1001001000 B
b1100100101001100 C
b100111001000000 @
b10110001011110 A
b1000011000000001 +
b1000011000000001 8
b10111110110100 ,
b10111110110100 9
b110101110010100 )
b110101110010100 6
b11100101011000 *
b11100101011000 7
r-0.874114990234375 X
r0.809326171875 Y
r-0.21966552734375 V
r0.200042724609375 W
b1001000000 2
b100 5
b1001000000 4
r2.07219272851944e-06 R
r2.887099981307983e-08 S
r0.364227294921875 P
r0.574249267578125 Q
b100 1
b0 3
r0.3642293671146035 T
r0.5742492964491248 U
1-
#5920000
0-
#5925000
b111101111101011001111000101110000 J
b111110101110100101011011111101000 K
b111101111101011001011000101110000 L
b111110101110100100111011111101000 M
b1000011000000001 B
b10111110110100 C
b110101110010100 @
b11100101011000 A
b11101111010001110111101100000000 E
b11001010011011001110000 F
b101100101000001000000000 D
b11110110100001001111100111101000 G
b1110011101110110 #
b1110011101110110 H
b10010100010001 "
b10010100010001 I
b1001000000011101 +
b1001000000011101 8
b110011110011000 ,
b110011110011000 9
b1110001111100010 )
b1110001111100010 6
b1100110011011 *
b1100110011011 7
r0.1126708984375 X
r-0.19879150390625 Y
r0.387664794921875 V
r-0.700714111328125 W
b1001000001 2
b101 5
b1001000001 4
r9.768642485141754e-06 R
r1.137424260377884e-05 S
r0.728668212890625 P
r0.10150146484375 Q
b100 1
b1 3
r0.7286779815331101 T
r0.1014900906011462 U
1-
#5930000
0-
#5935000
b111111000101110000101100101101000 J
b111101111100111101011001001100 K
b111111000101110000001100101101000 L
b111101111100111001011001001100 M
b1101111101011001 #
b1101111101011001 H
b1110101110100101 "
b1110101110100101 I
b10100000010111101000000010000 E
b11100100101011000100100101011000 F
b11001100101110111110001110010100 D
b1010101011110111100111100000 G
b1001000000011101 B
b110011110011000 C
b1110001111100010 @
b1100110011011 A
b111001101100 +
b111001101100 8
b1110011010001110 ,
b1110011010001110 9
b11000110011111 )
b11000110011111 6
b1010011001001111 *
b1010011001001111 7
r0.39166259765625 X
r0.04180908203125 Y
r-0.2930908203125 V
r-0.554046630859375 W
b1001000010 2
b110 5
b1001000010 4
r1.079589128494263e-05 R
r1.522153615951538e-05 S
r-0.19171142578125 P
r0.289581298828125 Q
b100 1
b10 3
r-0.1917006298899651 T
r0.2895660772919655 U
1-
#5940000
0-
#5945000
b111101001011011101001001010111111 J
b111111110000100101110000001101110 K
b111101001011011100101001010111111 L
b111111110000100101010000001101110 M
b111001101100 B
b1110011010001110 C
b11000110011111 @
b1010011001001111 A
b11110100100111110011110000110000 E
b11110100110011110001011010001111 F
b1100010010011111000010011010 D
b1010010111001001000100001000 G
b1111000101110000 #
b1111000101110000 H
b111101111100111 "
b111101111100111 I
b11001000100010 +
b11001000100010 8
b10101011010 ,
b10101011010 9
b1101101001111100 )
b1101101001111100 6
b1011100100010101 *
b1011100100010101 7
r-0.160614013671875 X
r0.359405517578125 Y
r0.325408935546875 V
r-0.1002197265625 W
b1001000011 2
b111 5
b1001000011 4
r1.17868185043335e-05 R
r1.929700374603271e-06 S
r-0.255096435546875 P
r-0.159027099609375 Q
b100 1
b11 3
r-0.2550846487283707 T
r-0.1590290293097496 U
1-
#5950000
0-
#5955000
b111110110000001000001101110000110 J
b110000111101101100010111110 K
b111110110000000111101101110000110 L
b110000111101001100010111110 M
b1101001011011101 #
b1101001011011101 H
b1111110000100101 "
b1111110000100101 I
b11111011000100010110000000110010 E
b11111010111100100111101101010100 F
b10110010111010000100010100 D
b1000111010100011100111010010 G
b11001000100010 B
b10101011010 C
b1101101001111100 @
b1011100100010101 A
b1110101101110001 +
b1110101101110001 8
b10111000000001 ,
b10111000000001 9
b10100110100111 )
b10100110100111 6
b1111001100101100 *
b1111001100101100 7
r-0.211639404296875 X
r-0.4329833984375 Y
r-0.220703125 V
r-0.7080078125 W
b1001000100 2
b1000 5
b1001000100 4
r6.057322025299072e-06 R
r5.315989255905151e-06 S
r-0.11376953125 P
r0.967987060546875 Q
b100 1
b100 3
r-0.1137634739279747 T
r0.9679923765361309 U
1-
#5960000
0-
#5965000
b111110001010101000010101001100010 J
b101110111010111110111101010 K
b111110001010100111110101001100010 L
b101110111010011110111101010 M
b1110101101110001 B
b10111000000001 C
b10100110100111 @
b1111001100101100 A
b11111111001101110011101110011000 E
b11110010000111001010111011001010 F
b11111000101001110011110001111000 D
b11111110100001000111101001100010 G
b1110110000001000 #
b1110110000001000 H
b110000111101 "
b110000111101 I
b1110010011101001 +
b1110010011101001 8
b1100100010010100 ,
b1100100010010100 9
b1110001111000000 )
b1110001111000000 6
b1010010101100000 *
b1010010101100000 7
r0.707550048828125 X
r-0.603759765625 Y
r-0.1202392578125 V
r-0.463134765625 W
b1001000101 2
b1001 5
b1001000101 4
r1.078937202692032e-05 R
r7.731840014457703e-06 S
r-0.352630615234375 P
r-0.030120849609375 Q
b100 1
b101 3
r-0.3526414046064019 T
r-0.03011311776936054 U
1-
#5970000
0-
#5975000
b1000100001000010011000010011 J
b1000010100110101101110101 K
b1000100000111110011000010011 L
b1000010100010101101110101 M
b1110001010101000 #
b1110001010101000 H
b101110111010 "
b101110111010 I
b111011111000010101110100111 E
b1000001111011101001101100 F
b11111100101001111010111110110111 D
b11111101101100011101101100101100 G
b1110010011101001 B
b1100100010010100 C
b1110001111000000 @
b1010010101100000 A
b101101010010001 +
b101101010010001 8
b1011001010111000 ,
b1011001010111000 9
b1111000010011100 )
b1111000010011100 6
b1100010010111000 *
b1100010010111000 7
r-0.1815185546875 X
r-0.390899658203125 Y
r-0.57244873046875 V
r-0.8135986328125 W
b1001000110 2
b1010 5
b1001000110 4
r8.696690201759338e-06 R
r5.898997187614441e-06 S
r-0.156005859375 P
r0.095611572265625 Q
b100 1
b110 3
r-0.1560145560652018 T
r0.09561747126281261 U
1-
#5980000
0-
#5985000
b1111101101001110111101100000 J
b10000101000011001000111000000 K
b1111101101001010111101100000 L
b10000101000010101000111000000 M
b101101010010001 B
b1011001010111000 C
b1111000010011100 @
b1100010010111000 A
b110000111011010101100000000 E
b1001100101110000010001100000 F
b10111111010100100111000000 D
b10011100111101001101110000000 G
b1000100001000 #
b1000100001000 H
b1000010100 "
b1000010100 I
b1110100011000100 +
b1110100011000100 8
b1100110111110111 ,
b1100110111110111 9
b1011011010111010 )
b1011011010111010 6
b1001011111011100 *
b1001011111011100 7
r0.365570068359375 X
r-0.118896484375 Y
r-0.714599609375 V
r-0.927459716796875 W
b1001000111 2
b1011 5
b1001000111 4
r5.153939127922058e-06 R
r1.476146280765533e-05 S
r-0.229248046875 P
r0.09161376953125 Q
b100 1
b111 3
r-0.2292532008141279 T
r0.09162853099405766 U
1-
#5990000
0-
#5995000
b111101111101011001100010001011000 J
b10111010101110111001111100100 K
b111101111101011001000010001011000 L
b10111010101110011001111100100 M
b1111101101001 #
b1111101101001 H
b10000101000011 "
b10000101000011 I
b100101001010110100000100000 E
b11101011000001110001110000111000 F
b11111010100011100010000001011100 D
b10001111001010101010001000000 G
b1110100011000100 B
b1100110111110111 C
b1011011010111010 @
b1001011111011100 A
b10111011001011 +
b10111011001011 8
b1111000011001000 ,
b1111000011001000 9
b1010010010001000 )
b1010010010001000 6
b1000100101001001 *
b1000100101001001 7
r-0.240325927734375 X
r0.549713134765625 Y
r0.2760009765625 V
r0.57977294921875 W
b1001001000 2
b1100 5
b1001001000 4
r6.181187927722931e-06 R
r1.03609636425972e-05 S
r0.133056640625 P
r0.0162353515625 Q
b100 1
b1000 3
r0.1330504594370723 T
r0.0162457125261426 U
1-
#6000000
0-
#6005000
b10111110001100010001111100110 J
b1101101101000111101011011100 K
b10111110001011110001111100110 L
b1101101101000011101011011100 M
b10111011001011 B
b1111000011001000 C
b1010010010001000 @
b1000100101001001 A
b1110010100100011111101110110 E
b1001011100111010010001110000 F
b110101001100111011001101000 D
b10100010110101011000101000100 G
b1101111101011001 #
b1101111101011001 H
b10111010101110 "
b10111010101110 I
b1110000100111101 +
b1110000100111101 8
b100011001011101 ,
b100011001011101 9
b10001101010100 )
b10001101010100 6
b100101000110110 *
b100101000110110 7
r-0.686767578125 X
r-0.178192138671875 Y
r-0.12445068359375 V
r0.3927001953125 W
b1001001001 2
b1101 5
b1001001001 4
r1.129508018493652e-05 R
r1.102685928344727e-05 S
r0.245391845703125 P
r0.259857177734375 Q
b100 1
b1001 3
r0.2454031407833099 T
r0.2598461508750916 U
1-
#6010000
0-
#6015000
b111101111101111010100010100100011 J
b10111110001110000100100110000 K
b111101111101111010000010100100011 L
b10111110001101100100100110000 M
b10111110001100 #
b10111110001100 H
b1101101101000 "
b1101101101000 I
b101011100000000101001000000 E
b11101010010011001111101011100011 F
b11101111010001111110011111011000 D
b111000011101011000100001000 G
b1110000100111101 B
b100011001011101 C
b10001101010100 @
b100101000110110 A
b1010100000011000 +
b1010100000011000 8
b1110100100110001 ,
b1110100100110001 9
b1111000000010010 )
b1111000000010010 6
b11001001000100 *
b11001001000100 7
r-0.21392822265625 X
r0.533660888671875 Y
r-0.82952880859375 V
r-0.938262939453125 W
b1001001010 2
b1110 5
b1001001010 4
r1.035630702972412e-06 R
r1.237168908119202e-05 S
r-0.255096435546875 P
r0.36468505859375 Q
b100 1
b1010 3
r-0.255095399916172 T
r0.3646974302828312 U
1-
#6020000
0-
#6025000
b110010110011001001100010 J
b11000101001001011101010011010 K
b110010101111001001100010 L
b11000101001000111101010011010 M
b1010100000011000 B
b1110100100110001 C
b1111000000010010 @
b11001001000100 A
b1001101101011100110110000100 E
b11110111000101010010010011011110 F
b11111011110000010011111100000100 D
b10100011001011011100110011110 G
b1101111101111010 #
b1101111101111010 H
b10111110001110 "
b10111110001110 I
b1110010010011110 +
b1110010010011110 8
b100010001001111 ,
b100010001001111 9
b1001010111010010 )
b1001010111010010 6
b1000011111100111 *
b1000011111100111 7
r0.460418701171875 X
r-0.942352294921875 Y
r-0.95318603515625 V
r0.231109619140625 W
b1001001011 2
b1111 5
b1001001011 4
r6.699934601783752e-06 R
r1.403316855430603e-05 S
r0.3714599609375 P
r0.214111328125 Q
b100 1
b1011 3
r0.3714532610028982 T
r0.2141253612935543 U
1-
#6030000
0-
#6035000
b111110000001010001110101111010010 J
b111110110000011010111000101010100 K
b111110000001010001010101111010010 L
b111110110000011010011000101010100 M
b110010110 #
b110010110 H
b11000101001001 "
b11000101001001 I
b1011010110101010101110010 E
b11101110101111010101011001100000 F
b101011110000101000110110000 D
b11111011100001011000001100000100 G
b1110010010011110 B
b100010001001111 C
b1001010111010010 @
b1000011111100111 A
b11101011101111 +
b11101011101111 8
b1000011101100001 ,
b1000011101100001 9
b1000010111111110 )
b1000010111111110 6
b1110110010101 *
b1110110010101 7
r0.964141845703125 X
r0.44915771484375 Y
r0.080718994140625 V
r0.872589111328125 W
b1001001100 2
b10000 5
b1001001100 4
r1.224689185619354e-06 R
r1.306831836700439e-05 S
r-0.25408935546875 P
r0.37152099609375 Q
b100 1
b1100 3
r-0.2540881307795644 T
r0.371507927775383 U
1-
#6040000
0-
#6045000
b111110000100000111110000001100000 J
b111010100100110010000110010101101 K
b111110000100000111010000001100000 L
b111010100100110001100110010101101 M
b11101011101111 B
b1000011101100001 C
b1000010111111110 @
b1110110010101 A
b11100011101010110000001111001110 E
b1100110110001001110010010010 F
b1011010110110111111110011100 D
b11011111111101000100110001001001 G
b1110000001010001 #
b1110000001010001 H
b1110110000011010 "
b1110110000011010 I
b111101101101001 +
b111101101101001 8
b11100101111110 ,
b11100101111110 9
b101001010101 )
b101001010101 6
b110111110110001 *
b110111110110001 7
r0.560546875 X
r-0.57269287109375 Y
r0.098907470703125 V
r0.368865966796875 W
b1001001101 2
b10001 5
b1001001101 4
r3.246590495109558e-06 R
r1.287087798118591e-06 S
r0.01239013671875 P
r0.385040283203125 Q
b100 1
b1101 3
r0.01238689012825489 T
r0.3850389961153269 U
1-
#6050000
0-
#6055000
b1000000010011000101011101011001 J
b1110001001100110010001010011 K
b1000000010011000001011101011001 L
b1110001001100010010001010011 M
b1110000100000111 #
b1110000100000111 H
b1010100100110010 "
b1010100100110010 I
b111001011111001011011100111110 E
b110110011110110000000011011 F
b11100011111010011010010000100010 D
b11110010000011111100100001110101 G
b111101101101001 B
b11100101111110 C
b101001010101 @
b110111110110001 A
b100011111000000 +
b100011111000000 8
b1011011010110010 ,
b1011011010110010 9
b110010101001 )
b110010101001 6
b10111100110111 *
b10111100110111 7
r-0.87603759765625 X
r0.2835693359375 Y
r0.87774658203125 V
r-0.20977783203125 W
b1001001110 2
b10010 5
b1001001110 4
r1.044757664203644e-05 R
r1.176074147224426e-05 S
r-0.247528076171875 P
r-0.15545654296875 Q
b100 1
b1110 3
r-0.247517628595233 T
r-0.1554447822272778 U
1-
#6060000
0-
#6065000
b111000001010100001110101101111 J
b10100000110101000111001000001 K
b111000001010011101110101101111 L
b10100000110100100111001000001 M
b100011111000000 B
b1011011010110010 C
b110010101001 @
b10111100110111 A
b10010100100000001011010110 E
b110101110101111101101010011001 F
b100111110110001001111011101 D
b11001000101010110001000011110 G
b111111111111111 #
b111111111111111 H
b1110001001100 "
b1110001001100 I
b1000111111011110 +
b1000111111011110 8
b10010001001100 ,
b10010001001100 9
b111000001011010 )
b111000001011010 6
b1110010100100110 *
b1110010100100110 7
r-0.480621337890625 X
r0.311798095703125 Y
r0.94970703125 V
r0.208526611328125 W
b1001001111 2
b10011 5
b1001001111 4
r7.718801498413086e-06 R
r1.223664730787277e-05 S
r-0.241973876953125 P
r-0.67816162109375 Q
b100 1
b1111 3
r-0.2419661581516266 T
r-0.6781738577410579 U
1-
#6070000
0-
#6075000
b1001100110111101110111000010 J
b111101110111011101101000001111110 K
b1001100110111001110111000010 L
b111101110111011101001000001111110 M
b111000001010100 #
b111000001010100 H
b10100000110101 "
b10100000110101 I
b11111100010111111111001110000010 E
b1101001110111010101001000000 F
b11100011000101110111000000 D
b11110010011110101110111000111110 G
b1000111111011110 B
b10010001001100 C
b111000001011010 @
b1110010100100110 A
b1100001001111011 +
b1100001001111011 8
b10011111101001 ,
b10011111101001 9
b111100110010000 )
b111100110010000 6
b1101010110001 *
b1101010110001 7
r0.60528564453125 X
r0.853607177734375 Y
r0.98614501953125 V
r0.391693115234375 W
b1001010000 2
b10100 5
b1001010000 4
r0 R
r8.660368621349335e-06 S
r0.999969482421875 P
r0.2210693359375 Q
b100 1
b10000 3
r0.999969482421875 T
r0.2210779963061213 U
1-
#6080000
0-
#6085000
b11011101100010011001110101100 J
b101101011001111110101100111100 K
b11011101100001111001110101100 L
b101101011001111010101100111100 M
b1100001001111011 B
b10011111101001 C
b111100110010000 @
b1101010110001 A
b1111111011100000001010111000 E
b1011110000101111000011110100 F
b11001110110010011011010000001100 D
b11111100001100010101111101001000 G
b1001100110111 #
b1001100110111 H
b1101110111011101 "
b1101110111011101 I
b100110101111010 +
b100110101111010 8
b110110101000011 ,
b110110101000011 9
b111111000111010 )
b111111000111010 6
b11001000100011 *
b11001000100011 7
r-0.421630859375 X
r-0.447509765625 Y
r-0.275146484375 V
r-0.2767333984375 W
b1001010001 2
b10101 5
b1001010001 4
r8.241273462772369e-06 R
r1.186039298772812e-05 S
r0.8775634765625 P
r0.314117431640625 Q
b100 1
b10001 3
r0.8775552352890372 T
r0.3141055712476373 U
1-
#6090000
0-
#6095000
b1100100010011100100100011011 J
b100001010111111111100111101001 K
b1100100010011000100100011011 L
b100001010111111011100111101001 M
b11011101100010 #
b11011101100010 H
b101101011001111 "
b101101011001111 I
b10010111100111001010000010000 E
b11111001100101011111010100001011 F
b11100010110010011000100000110000 D
b100001010010100001000011001 G
b100110101111010 B
b110110101000011 C
b111111000111010 @
b11001000100011 A
b1100101000001000 +
b1100101000001000 8
b1100011010111000 ,
b1100011010111000 9
b1101110011001000 )
b1101110011001000 6
b1101110010010100 *
b1101110010010100 7
r-0.1214599609375 X
r0.91094970703125 Y
r-0.088592529296875 V
r-0.310089111328125 W
b1001010010 2
b10110 5
b1001010010 4
r7.094815373420715e-06 R
r3.93204391002655e-06 S
r0.150115966796875 P
r-0.266693115234375 Q
b100 1
b10010 3
r0.1501230616122484 T
r-0.266689183190465 U
1-
#6100000
0-
#6105000
b1000101000011000110011011011100 J
b111101111001100101010110010000101 K
b1000101000011000010011011011100 L
b111101111001100100110110010000101 M
b1100101000001000 B
b1100011010111000 C
b1101110011001000 @
b1101110010010100 A
b110101110111111011101100101110 E
b1111001011000110101110101110 F
b100110001100111001100110100100 D
b10101011001100000011000101001 G
b1100100010011 #
b1100100010011 H
b100001010111111 "
b100001010111111 I
b1111000001110100 +
b1111000001110100 8
b111010010011010 ,
b111010010011010 9
b1111010010101001 )
b1111010010101001 6
b1101100001001111 *
b1101100001001111 7
r0.37347412109375 X
r-0.256011962890625 Y
r-0.777191162109375 V
r0.78125 W
b1001010011 2
b10111 5
b1001010011 4
r2.93925404548645e-06 R
r1.030787825584412e-05 S
r0.43267822265625 P
r0.709442138671875 Q
b100 1
b10011 3
r0.4326752834022045 T
r0.7094524465501308 U
1-
#6110000
0-
#6115000
b1111010110010100110001100000 J
b100000001000110000100000 K
b1111010110010000110001100000 L
b100000000100110000100000 M
b111111111111111 #
b111111111111111 H
b1101111001100101 "
b1101111001100101 I
b111111000010101111111000000 E
b111011101111010110010100000 F
b111011011001011011001000000 D
b111111011010000001001100000 G
b1111000001110100 B
b111010010011010 C
b1111010010101001 @
b1101100001001111 A
b10111111001110 +
b10111111001110 8
b1101111100111011 ,
b1101111100111011 9
b1001110010000101 )
b1001110010000101 6
b110010000000000 *
b110010000000000 7
r-0.958953857421875 X
r-0.377288818359375 Y
r0.64239501953125 V
r-0.854522705078125 W
b1001010100 2
b11000 5
b1001010100 4
r2.17091292142868e-06 R
r1.380685716867447e-05 S
r0.195892333984375 P
r0.521453857421875 Q
b100 1
b10100 3
r0.1958945048972964 T
r0.5214676642790437 U
1-
#6120000
0-
#6125000
b111111101001111110001010101110110 J
b111101101001110111101111011110010 K
b111111101001111101101010101110110 L
b111101101001110111001111011110010 M
b10111111001110 B
b1101111100111011 C
b1001110010000101 @
b110010000000000 A
b11111010110101011100000110101010 E
b10011010010001001111001100 F
b101100000100110010010100 D
b11101101111010111110101110000110 G
b1111010110010 #
b1111010110010 H
b100000001 "
b100000001 I
b1000010101000001 +
b1000010101000001 8
b1100111110110101 ,
b1100111110110101 9
b101001000111010 )
b101001000111010 6
b1001001010011111 *
b1001001010011111 7
r-0.131378173828125 X
r-0.0977783203125 Y
r0.25457763671875 V
r0.84466552734375 W
b1001010101 2
b11001 5
b1001010101 4
r0 R
r4.644505679607391e-06 S
r0.999969482421875 P
r-0.262542724609375 Q
b100 1
b10101 3
r0.999969482421875 T
r-0.2625473691150546 U
1-
#6130000
0-
#6135000
b11111011010001010010110100111 J
b101110001101110110111111010 K
b11111011010000110010110100111 L
b101110001101010110111111010 M
b1111101001111110 #
b1111101001111110 H
b1101101001110111 "
b1101101001110111 I
b1100101110111110110110100111 E
b10010101011000111100000000000 F
b11101101011011000101111000000110 D
b11110011001100110000110000000000 G
b1000010101000001 B
b1100111110110101 C
b101001000111010 @
b1001001010011111 A
b1110111100101111 +
b1110111100101111 8
b1111001101111100 ,
b1111001101111100 9
b10000010010110 )
b10000010010110 6
b110110000011110 *
b110110000011110 7
r-0.812042236328125 X
r0.4268798828125 Y
r-0.071563720703125 V
r-0.9466552734375 W
b1001010110 2
b11010 5
b1001010110 4
r2.950429916381836e-06 R
r1.236796379089355e-05 S
r0.23980712890625 P
r0.007843017578125 Q
b100 1
b10110 3
r0.2398100793361664 T
r0.007830649614334106 U
1-
#6140000
0-
#6145000
b100100111011110001111001100001 J
b111100000011110111100010110001 K
b100100111011101101111001100001 L
b111100000011110011100010110001 M
b1110111100101111 B
b1111001101111100 C
b10000010010110 @
b110110000011110 A
b11110000011111010000100100000010 E
b110100011100011101010101011111 F
b11011000100100110000001010111010 D
b10100101000100011101101101011 G
b11111011010001 #
b11111011010001 H
b101110001101 "
b101110001101 I
b1001100000001111 +
b1001100000001111 8
b11011010100100 ,
b11011010100100 9
b1111011011010111 )
b1111011011010111 6
b1000011011010100 *
b1000011011010100 7
r-0.835693359375 X
r0.507354736328125 Y
r-0.141448974609375 V
r-0.95587158203125 W
b1001010111 2
b11011 5
b1001010111 4
r1.014210283756256e-05 R
r7.377937436103821e-06 S
r-0.04302978515625 P
r-0.293243408203125 Q
b100 1
b10111 3
r-0.04303992725908756 T
r-0.2932360302656889 U
1-
#6150000
0-
#6155000
b111110111010011100100011000101010 J
b111111100110110110001001011111110 K
b111110111010011100000011000101010 L
b111111100110110101101001011111110 M
b100100111011110 #
b100100111011110 H
b111100000011110 "
b111100000011110 I
b11111110011010000010101010101000 E
b11111000111001011101101110000010 F
b11111101110111000000010110001010 D
b11111010101101101101100010001000 G
b1001100000001111 B
b11011010100100 C
b1111011011010111 @
b1000011011010100 A
b1001010100001000 +
b1001010100001000 8
b100000011110001 ,
b100000011110001 9
b1110110111100101 )
b1110110111100101 6
b1000010110100110 *
b1000010110100110 7
r-0.3414306640625 X
r0.262725830078125 Y
r-0.568023681640625 V
r-0.695526123046875 W
b1001011000 2
b11100 5
b1001011000 4
r6.281770765781403e-06 R
r1.096166670322418e-05 S
r0.490753173828125 P
r0.090240478515625 Q
b100 1
b11000 3
r0.4907468920573592 T
r0.09025144018232822 U
1-
#6160000
0-
#6165000
b101111001111101000001000101000 J
b111100010011010110011100100110111 K
b101111001111100100001000101000 L
b111100010011010101111100100110111 M
b1001010100001000 B
b100000011110001 C
b1110110111100101 @
b1000010110100110 A
b11111110000010110111101110111100 E
b110001001100101100011001101100 F
b11101110000001111010011001 D
b11100110001000110001011111010000 G
b1110111010011100 #
b1110111010011100 H
b1111100110110110 "
b1111100110110110 I
b1101010001001100 +
b1101010001001100 8
b10000110100001 ,
b10000110100001 9
b1011011101001011 )
b1011011101001011 6
b1010011011111001 *
b1010011011111001 7
r-0.8187255859375 X
r-0.07830810546875 Y
r0.390411376953125 V
r0.627716064453125 W
b1001011001 2
b11101 5
b1001011001 4
r8.015893399715424e-06 R
r1.351628452539444e-05 S
r0.57708740234375 P
r0.93841552734375 Q
b100 1
b11001 3
r0.5770793864503503 T
r0.9384290436282754 U
1-
#6170000
0-
#6175000
b101110100010000011111111000101 J
b111011001011001011101100100011110 K
b101110100001111111111111000101 L
b111011001011001011001100100011110 M
b101111001111101 #
b101111001111101 H
b1100010011010110 "
b1100010011010110 I
b11111011011010000011010010010101 E
b110011000111111100101100110000 F
b111100100001011100000101000 D
b11100000111101100101000101000110 G
b1101010001001100 B
b10000110100001 C
b1011011101001011 @
b1010011011111001 A
b1001011100110100 +
b1001011100110100 8
b1111010111111010 ,
b1111010111111010 9
b11000111111001 )
b11000111111001 6
b101000001011001 *
b101000001011001 7
r-0.84283447265625 X
r0.1763916015625 Y
r-0.24432373046875 V
r0.522674560546875 W
b1001011010 2
b11110 5
b1001011010 4
r1.469627022743225e-06 R
r1.073069870471954e-05 S
r-0.1358642578125 P
r-0.04913330078125 Q
b100 1
b11010 3
r-0.1358627881854773 T
r-0.04914403147995472 U
1-
#6180000
0-
#6185000
b101101001011111011100010111 J
b111100111111001001101010101010101 K
b101101001011011011100010111 L
b111100111111001001001010101010101 M
b1001011100110100 B
b1111010111111010 C
b11000111111001 @
b101000001011001 A
b11110110011100101111000100101011 E
b1111001100101100010111101100 F
b1100011010011000011001000100 D
b11110100010011100001101110011001 G
b101110100010000 #
b101110100010000 H
b1011001011001011 "
b1011001011001011 I
b1001010000011110 +
b1001010000011110 8
b1011010010100 ,
b1011010010100 9
b1110000010111010 )
b1110000010111010 6
b100001011100111 *
b100001011100111 7
r-0.781005859375 X
r0.18280029296875 Y
r-0.512054443359375 V
r-0.214691162109375 W
b1001011011 2
b11111 5
b1001011011 4
r1.474469900131226e-05 R
r1.617707312107086e-06 S
r0.738189697265625 P
r-0.46221923828125 Q
b100 1
b11011 3
r0.7381749525666237 T
r-0.4622208559885621 U
1-
#6190000
0-
#6195000
b111011101001001110010101100111110 J
b10001010011111101111001010110 K
b111011101001001101110101100111110 L
b10001010011111001111001010110 M
b101101001011 #
b101101001011 H
b1100111111001001 "
b1100111111001001 I
b11111110000010110001101000101010 E
b11011111000110111101000100010100 F
b11101011100010110000010110010100 D
b11111100110110101010001111101010 G
b1001010000011110 B
b1011010010100 C
b1110000010111010 @
b100001011100111 A
b1001110000001000 +
b1001110000001000 8
b1011101100110 ,
b1011101100110 9
b1011111001110101 )
b1011111001110101 6
b1110010010000101 *
b1110010010000101 7
r0.74932861328125 X
r-0.698699951171875 Y
r-0.655120849609375 V
r-0.423736572265625 W
b1001011100 2
b100000 5
b1001011100 4
r5.494803190231323e-08 R
r5.988404154777527e-06 S
r0.72705078125 P
r-0.603179931640625 Q
b100 1
b11100 3
r0.7270507263019681 T
r-0.6031739432364702 U
1-
#6200000
0-
#6205000
b111100001000011001000101010011010 J
b111111000101110001110100111000000 K
b111100001000011000100101010011010 L
b111111000101110001010100111000000 M
b1001110000001000 B
b1011101100110 C
b1011111001110101 @
b1110010010000101 A
b11111101001111011110011110001000 E
b11100011110011100110001100010010 F
b1101001011011101110111001100 D
b101111001101000011110001100 G
b1011101001001110 #
b1011101001001110 H
b10001010011111 "
b10001010011111 I
b101111111101010 +
b101111111101010 8
b1010011010010001 ,
b1010011010010001 9
b1010110000100101 )
b1010110000100101 6
b1100100111000011 *
b1100100111000011 7
r-0.61065673828125 X
r0.17132568359375 Y
r0.910888671875 V
r0.84783935546875 W
b1001011101 2
b100001 5
b1001011101 4
r1.313444226980209e-05 R
r5.085952579975128e-06 S
r0.088226318359375 P
r-0.376678466796875 Q
b100 1
b11101 3
r0.0882394528016448 T
r-0.376673380844295 U
1-
#6210000
0-
#6215000
b100101111011101010111000110 J
b111100011111001010000000001010110 K
b100101111011001010111000110 L
b111100011111001001100000001010110 M
b1100001000011001 #
b1100001000011001 H
b1111000101110001 "
b1111000101110001 I
b11111010000000100110010110011110 E
b1010101110110011000000101000 F
b11001100110000011111110101000 D
b11111101011111001111111111111110 G
b101111111101010 B
b1010011010010001 C
b1010110000100101 @
b1100100111000011 A
b1011000111010110 +
b1011000111010110 8
b1010111101110 ,
b1010111101110 9
b111010010011000 )
b111010010011000 6
b110110010000110 *
b110110010000110 7
r0.73291015625 X
r0.213592529296875 Y
r0.26495361328125 V
r-0.5352783203125 W
b1001011110 2
b100010 5
b1001011110 4
r4.949048161506653e-06 R
r7.232651114463806e-06 S
r-0.54449462890625 P
r0.270477294921875 Q
b100 1
b11110 3
r-0.5444995779544115 T
r0.2704845275729895 U
1-
#6220000
0-
#6225000
b1000111110011000100000110011 J
b110010010111011110010010100001 K
b1000111110010100100000110011 L
b110010010111011010010010100001 M
b1011000111010110 B
b1010111101110 C
b111010010011000 @
b110110010000110 A
b11101010010110111111011110101 E
b11101011101011011100100100111110 F
b11100000100101010001010011010010 D
b10010111100101011100101110011 G
b100101111011 #
b100101111011 H
b1100011111001010 "
b1100011111001010 I
b101110111010000 +
b101110111010000 8
b1101101010111 ,
b1101101010111 9
b10000111101010 )
b10000111101010 6
b1011101101111100 *
b1011101101111100 7
r0.9251708984375 X
r0.15399169921875 Y
r0.25579833984375 V
r-0.138641357421875 W
b1001011111 2
b100011 5
b1001011111 4
r1.273117959499359e-05 R
r9.953975677490234e-06 S
r-0.483612060546875 P
r-0.113739013671875 Q
b100 1
b11111 3
r-0.48362479172647 T
r-0.1137290596961975 U
1-
#6230000
0-
#6235000
b111101000110110100111101101010100 J
b101100111001011001001110000100 K
b111101000110110100011101101010100 L
b101100111001010101001110000100 M
b1000111110011 #
b1000111110011 H
b110010010111011 "
b110010010111011 I
b1001111111001101110101010000 E
b11011110110111010101111000000100 F
b11011100011001101000111100010000 D
b1001010010111110001010010100 G
b101110111010000 B
b1101101010111 C
b10000111101010 @
b1011101101111100 A
b111011001101100 +
b111011001101100 8
b1001110110110 ,
b1001110110110 9
b10000010111110 )
b10000010111110 6
b1110111001000001 *
b1110111001000001 7
r-0.615875244140625 X
r-0.33740234375 Y
r0.853515625 V
r-0.41943359375 W
b1001100000 2
b100100 5
b1001100000 4
r5.191192030906677e-06 R
r1.517869532108307e-05 S
r0.074066162109375 P
r-0.43914794921875 Q
b100 1
b100000 3
r0.07407135330140591 T
r-0.4391631279140711 U
1-
#6240000
0-
#6245000
b111101010100000111101010101000110 J
b111101100010000010111101100000100 K
b111101010100000111001010101000110 L
b111101100010000010011101100000100 M
b111011001101100 B
b1001110110110 C
b10000010111110 @
b1110111001000001 A
b11100111110011010010000110 E
b11100110111001000110000011000000 F
b1100011011011001000000100000 D
b11111000101011101100101100100100 G
b1101000110110100 #
b1101000110110100 H
b101100111001011 "
b101100111001011 I
b1011000100101011 +
b1011000100101011 8
b1101010011010000 ,
b1101010011010000 9
b110110101000000 )
b110110101000000 6
b1100101001010000 *
b1100101001010000 7
r0.3638916015625 X
r-0.298309326171875 Y
r-0.4542236328125 V
r0.53643798828125 W
b1001100001 2
b100101 5
b1001100001 4
r1.330394297838211e-05 R
r8.733011782169342e-06 S
r0.140228271484375 P
r0.786956787109375 Q
b100 1
b100001 3
r0.1402149675413966 T
r0.7869655201211572 U
1-
#6250000
0-
#6255000
b111111010010100000001101010000000 J
b111101111011111010001000100001110 K
b111111010010011111101101010000000 L
b111101111011111001101000100001110 M
b1101010100000111 #
b1101010100000111 H
b1101100010000010 "
b1101100010000010 I
b10100001010110000100010100 E
b11110111110010100111100101101100 F
b1111001001010110010000101000 D
b11111110101000100011010100110110 G
b1011000100101011 B
b1101010011010000 C
b110110101000000 @
b1100101001010000 A
b10111010010100 +
b10111010010100 8
b1101100111010001 ,
b1101100111010001 9
b1100010111011100 )
b1100010111011100 6
b100010010101010 *
b100010010101010 7
r-0.421295166015625 X
r0.676422119140625 Y
r-0.7520751953125 V
r0.34588623046875 W
b1001100010 2
b100110 5
b1001100010 4
r1.414492726325989e-05 R
r1.060590147972107e-05 S
r-0.3616943359375 P
r0.701507568359375 Q
b100 1
b100010 3
r-0.3616801910102367 T
r0.7014969624578953 U
1-
#6260000
0-
#6265000
b111111110000110100100111101110000 J
b101010101100110100011101000000 K
b111111110000110100000111101110000 L
b101010101100110000011101000000 M
b10111010010100 B
b1101100111010001 C
b1100010111011100 @
b100010010101010 A
b11101101100100011100010000000000 E
b10000100010000100101101110000 F
b11011110010110111001100111000000 D
b1001000011101010000100000000 G
b1111010010100000 #
b1111010010100000 H
b1101111011111010 "
b1101111011111010 I
b1100101000010011 +
b1100101000010011 8
b101011010010101 ,
b101011010010101 9
b1001111110111100 )
b1001111110111100 6
b10110001000110 *
b10110001000110 7
r-0.393951416015625 X
r0.982269287109375 Y
r0.695465087890625 V
r0.572174072265625 W
b1001100011 2
b100111 5
b1001100011 4
r5.071982741355896e-06 R
r1.407042145729065e-05 S
r-0.335723876953125 P
r-0.30853271484375 Q
b100 1
b100011 3
r-0.3357188049703836 T
r-0.3085186444222927 U
1-
#6270000
0-
#6275000
b10101001010101000001011100100 J
b10101100111110110011010 K
b10101001010100100001011100100 L
b10101100011110110011010 M
b1111110000110100 #
b1111110000110100 H
b101010101100110 "
b101010101100110 I
b1000101011000000010010011100 E
b1100011111100011111001001000 F
b11110101011010111110101100110000 D
b11110101110000100010100011001010 G
b1100101000010011 B
b101011010010101 C
b1001111110111100 @
b10110001000110 A
b1100110110010011 +
b1100110110010011 8
b111110110111011 ,
b111110110111011 9
b101100100000101 )
b101100100000101 6
b100100100111101 *
b100100100111101 7
r-0.7120361328125 X
r0.042266845703125 Y
r-0.212371826171875 V
r0.224212646484375 W
b1001100100 2
b101000 5
b1001100100 4
r8.940696716308594e-06 R
r1.119263470172882e-05 S
r-0.0888671875 P
r-0.25799560546875 Q
b100 1
b100100 3
r-0.08887612819671631 T
r-0.2580067981034517 U
1-
#6280000
0-
#6285000
b111010110000111011110010110011110 J
b111111010101100100101010111001010 K
b111010110000111011010010110011110 L
b111111010101100100001010111001010 M
b1100110110010011 B
b111110110111011 C
b101100100000101 @
b100100100111101 A
b11011111011100010010000001101100 E
b11110110101011001000010100110010 F
b10100010001110011001011110100 D
b1110111110010100100010111110 G
b10101001010101 #
b10101001010101 H
b10101100 "
b10101100 I
b1010010011011100 +
b1010010011011100 8
b10101101001 ,
b10101101001 9
b1110010011010001 )
b1110010011010001 6
b1110010110011 *
b1110010110011 7
r-0.150970458984375 X
r-0.571319580078125 Y
r-0.14910888671875 V
r0.35565185546875 W
b1001100101 2
b101001 5
b1001100101 4
r3.680586814880371e-06 R
r1.728534698486328e-06 S
r-0.0296630859375 P
r0.66717529296875 Q
b100 1
b100101 3
r-0.02965940535068512 T
r0.6671770215034485 U
1-
#6290000
0-
#6295000
b11101010010111001111010101110 J
b110101100000010110100110110000 K
b11101010010110101111010101110 L
b110101100000010010100110110000 M
b1010110000111011 #
b1010110000111011 H
b1111010101100100 "
b1111010101100100 I
b101011101110000111011110100111 E
b11110001100100101110011100000111 F
b11101110011101110001111011011111 D
b100011111110000100100010001111 G
b1010010011011100 B
b10101101001 C
b1110010011010001 @
b1110010110011 A
b1110110010101101 +
b1110110010101101 8
b1011011011011111 ,
b1011011011011111 9
b1110110011101010 )
b1110110011101010 6
b10110110000110 *
b10110110000110 7
r-0.050079345703125 X
r-0.8380126953125 Y
r0.291290283203125 V
r-0.892822265625 W
b1001100110 2
b101010 5
b1001100110 4
r1.456961035728455e-05 R
r1.46869570016861e-05 S
r0.330718994140625 P
r0.0052490234375 Q
b100 1
b100110 3
r0.3307044245302677 T
r0.005263710394501686 U
1-
#6300000
0-
#6305000
b111110101001101011000010010001101 J
b111110110111011011111110011001111 K
b111110101001101010100010010001101 L
b111110110111011011011110011001111 M
b1110110010101101 B
b1011011011011111 C
b1110110011101010 @
b10110110000110 A
b11111111011011001110111010111001 E
b11110101110010000101010111010100 F
b1001101011011000011110011100 D
b100110110100010001101011 G
b11101010010111 #
b11101010010111 H
b110101100000010 "
b110101100000010 I
b1111100110010111 +
b1111100110010111 8
b1001010010111100 ,
b1001010010111100 9
b10010101001001 )
b10010101001001 6
b1000110110111000 *
b1000110110111000 7
r-0.604583740234375 X
r-0.218231201171875 Y
r0.604095458984375 V
r0.035980224609375 W
b1001100111 2
b101011 5
b1001100111 4
r8.968636393547058e-06 R
r5.194917321205139e-06 S
r-0.654449462890625 P
r-0.0828857421875 Q
b100 1
b100111 3
r-0.6544404942542315 T
r-0.08288054727017879 U
1-
#6310000
0-
#6315000
b10000001000100011101100100 J
b111110001100011100101100110011000 K
b10000001000000011101100100 L
b111110001100011100001100110011000 M
b1110101001101011 #
b1110101001101011 H
b1110110111011011 "
b1110110111011011 I
b101011100111011101111010110 E
b11111100100100000100101110001110 F
b1011100001101001000100010 D
b11110010111111101110101110111010 G
b1111100110010111 B
b1001010010111100 C
b10010101001001 @
b1000110110111000 A
b1011001010011101 +
b1011001010011101 8
b1110010000010001 ,
b1110010000010001 9
b100110101010011 )
b100110101010011 6
b10010011011 *
b10010011011 7
r0.71527099609375 X
r0.282470703125 Y
r0.20947265625 V
r0.076171875 W
b1001101000 2
b101100 5
b1001101000 4
r7.944181561470032e-06 R
r9.939074516296387e-06 S
r0.457733154296875 P
r0.83599853515625 Q
b100 1
b101000 3
r0.4577252101153135 T
r0.8360084742307663 U
1-
#6320000
0-
#6325000
b111110011001111010110010100100100 J
b110000110100011011010000010001 K
b111110011001111010010010100100100 L
b110000110100010111010000010001 M
b1011001010011101 B
b1110010000010001 C
b100110101010011 @
b10010011011 A
b11110000011000001001010110011100 E
b10110111001000111110001000 F
b11111111000100001111111100001111 D
b101111111000100111001100100000 G
b10000001000 #
b10000001000 H
b1110001100011100 "
b1110001100011100 I
b101101110001110 +
b101101110001110 8
b10010000101000 ,
b10010000101000 9
b1101011010000 )
b1101011010000 6
b100111000000 *
b100111000000 7
r-0.6630859375 X
r-0.491607666015625 Y
r0.083282470703125 V
r0.973602294921875 W
b1001101001 2
b101101 5
b1001101001 4
r1.417379826307297e-05 R
r1.449789851903915e-05 S
r-0.168609619140625 P
r-0.141754150390625 Q
b100 1
b101001 3
r-0.1686237929388881 T
r-0.141739652492106 U
1-
#6330000
0-
#6335000
b111110110001010111110011110010010 J
b10110110111110111100001100100 K
b111110110001010111010011110010010 L
b10110110111110011100001100100 M
b1110011001111010 #
b1110011001111010 H
b110000110100011 "
b110000110100011 I
b11110111100100000000111010000011 E
b11111110100110111001100100001111 F
b11101000101000000010000111100111 D
b11111111011111110101101001001011 G
b101101110001110 B
b10010000101000 C
b1101011010000 @
b100111000000 A
b1010101100100000 +
b1010101100100000 8
b1100000100010011 ,
b1100000100010011 9
b101010101001 )
b101010101001 6
b111110010011111 *
b111110010011111 7
r0.568695068359375 X
r0.101226806640625 Y
r-0.348388671875 V
r-0.4608154296875 W
b1001101010 2
b101110 5
b1001101010 4
r1.762062311172485e-06 R
r6.102025508880615e-06 S
r0.031494140625 P
r-0.2257080078125 Q
b100 1
b101010 3
r0.03149590268731117 T
r-0.2257019057869911 U
1-
#6340000
0-
#6345000
b111010001100101100100000000 J
b111110111110010011111011010100000 K
b111010001100001100100000000 L
b111110111110010011011011010100000 M
b1010101100100000 B
b1100000100010011 C
b101010101001 @
b111110010011111 A
b11110010010111000010000000 E
b11011111001010100010000000 F
b1001100101101100111101100000 D
b1011000001000011000000000 G
b1110110001010111 #
b1110110001010111 H
b10110110111110 "
b10110110111110 I
b100100011001011 +
b100100011001011 8
b110011110101 ,
b110011110101 9
b1101001101101000 )
b1101001101101000 6
b1100010100000100 *
b1100010100000100 7
r-0.887420654296875 X
r-0.40570068359375 Y
r-0.08258056640625 V
r-0.435577392578125 W
b1001101011 2
b101111 5
b1001101011 4
r8.85501503944397e-06 R
r2.845190465450287e-06 S
r-0.19940185546875 P
r0.762786865234375 Q
b100 1
b101011 3
r-0.1993930004537106 T
r0.7627840200439095 U
1-
#6350000
0-
#6355000
b111010100000100000011110001101011 J
b111100100111001110010011010101101 K
b111010100000011111111110001101011 L
b111100100111001101110011010101101 M
b111010001100 #
b111010001100 H
b1110111110010011 "
b1110111110010011 I
b11111101011000010011001110001011 E
b11010110101011101100100011100000 F
b11111100011101110011100000100000 D
b11100001010111100001111011001101 G
b100100011001011 B
b110011110101 C
b1101001101101000 @
b1100010100000100 A
b1000111001101001 +
b1000111001101001 8
b1100110000010010 ,
b1100110000010010 9
b1111010101101110 )
b1111010101101110 6
b1100100000111111 *
b1100100000111111 7
r0.32470703125 X
r0.74676513671875 Y
r-0.711334228515625 V
r-0.257537841796875 W
b1001101100 2
b110000 5
b1001101100 4
r9.434297680854797e-06 R
r1.344457268714905e-05 S
r-0.153594970703125 P
r0.35736083984375 Q
b100 1
b101100 3
r-0.1535855364054441 T
r0.3573742844164371 U
1-
#6360000
0-
#6365000
b111101100111110001100110010110100 J
b1001101100100001100101011100 K
b111101100111110001000110010110100 L
b1001101100011101100101011100 M
b1000111001101001 B
b1100110000010010 C
b1111010101101110 @
b1100100000111111 A
b11111101101111100011001010001000 E
b11101111001110100101101000101100 F
b11110011010100011110001101111000 D
b11111101000000111011110011010100 G
b1010100000100000 #
b1010100000100000 H
b1100100111001110 "
b1100100111001110 I
b10100110010000 +
b10100110010000 8
b101111110010110 ,
b101111110010110 9
b1010010011110011 )
b1010010011110011 6
b1101111100001001 *
b1101111100001001 7
r-0.057281494140625 X
r0.712127685546875 Y
r0.076202392578125 V
r-0.56085205078125 W
b1001101101 2
b110001 5
b1001101101 4
r5.960464477539062e-06 R
r1.302361488342285e-05 S
r0.1136474609375 P
r-0.128326416015625 Q
b100 1
b101101 3
r0.1136534214019775 T
r-0.1283133924007416 U
1-
#6370000
0-
#6375000
b11010111000100011110110010011 J
b110100111101101101001010000 K
b11010111000011111110110010011 L
b110100111101001101001010000 M
b1101100111110001 #
b1101100111110001 H
b1001101100100 "
b1001101100100 I
b10001001001110100110111100 E
b11000101111010001001111010111 F
b100101100001010111000011110 D
b1011010011110100100001101110 G
b10100110010000 B
b101111110010110 C
b1010010011110011 @
b1101111100001001 A
b1111100010101011 +
b1111100010101011 8
b101101100100111 ,
b101101100100111 9
b100111000001 )
b100111000001 6
b1011100000110110 *
b1011100000110110 7
r0.498931884765625 X
r0.1341552734375 Y
r-0.869659423828125 V
r-0.342803955078125 W
b1001101110 2
b110010 5
b1001101110 4
r8.540228009223938e-07 R
r6.037764251232147e-06 S
r-0.6865234375 P
r-0.42340087890625 Q
b100 1
b101110 3
r-0.6865242915228009 T
r-0.4234069166705012 U
1-
#6380000
0-
#6385000
b111011000101001101111100101110010 J
b10011110011001001010010110 K
b111011000101001101011100101110010 L
b10011110010101001010010110 M
b1111100010101011 B
b101101100100111 C
b100111000001 @
b1011100000110110 A
b11011110000000001101001101100010 E
b11111010101001011110011000010000 F
b11110001001101111011001110110000 D
b11110011101100010000011001000110 G
b11010111000100 #
b11010111000100 H
b110100111101 "
b110100111101 I
b11111111011101 +
b11111111011101 8
b1000100101100 ,
b1000100101100 9
b1001000010101111 )
b1001000010101111 6
b1101010000011111 *
b1101010000011111 7
r0.137359619140625 X
r0.764434814453125 Y
r-0.415130615234375 V
r0.037445068359375 W
b1001101111 2
b110011 5
b1001101111 4
r3.028661012649536e-06 R
r9.212642908096313e-06 S
r-0.297332763671875 P
r0.1514892578125 Q
b100 1
b101111 3
r-0.2973297350108624 T
r0.1514800451695919 U
1-
#6390000
0-
#6395000
b101100001111011001101111001 J
b111100110101110000000011001001111 K
b101100001110111001101111001 L
b111100110101101111100011001001111 M
b1011000101001101 #
b1011000101001101 H
b10011110011 "
b10011110011 I
b11011110010001011101100111 E
b10000011100101110000010010 F
b11111111101110000111101111101011 D
b11100110011100000100001000111010 G
b11111111011101 B
b1000100101100 C
b1001000010101111 @
b1101010000011111 A
b1000110010101 +
b1000110010101 8
b110000111011001 ,
b110000111011001 9
b1100101011011101 )
b1100101011011101 6
b10011001011 *
b10011001011 7
r-0.945831298828125 X
r-0.3046875 Y
r0.177337646484375 V
r0.241241455078125 W
b1001110000 2
b110100 5
b1001110000 4
r5.783513188362122e-07 R
r6.273388862609863e-06 S
r0.4200439453125 P
r0.103424072265625 Q
b100 1
b110000 3
r0.4200433669611812 T
r0.1034303456544876 U
1-
#6400000
0-
#6405000
b111101101100101100111110011010111 J
b11000110100111100110001000001 K
b111101101100101100011110011010111 L
b11000110100111000110001000001 M
b1000110010101 B
b110000111011001 C
b1100101011011101 @
b10011001011 A
b11111000100010000111110100010100 E
b11110101000011011011111111000011 F
b11100100001110101111100000010011 D
b11111101000011101000010001010100 G
b101100001111 #
b101100001111 H
b1100110101110000 "
b1100110101110000 I
b1000011011101111 +
b1000011011101111 8
b1101100100000000 ,
b1101100100000000 9
b1011010110011 )
b1011010110011 6
b1111011100001 *
b1111011100001 7
r0.279754638671875 X
r-0.198486328125 Y
r0.114044189453125 V
r-0.44287109375 W
b1001110001 2
b110101 5
b1001110001 4
r1.369602978229523e-05 R
r1.082755625247955e-05 S
r-0.614837646484375 P
r0.038665771484375 Q
b100 1
b110001 3
r-0.6148239504545927 T
r0.03865494392812252 U
1-
#6410000
0-
#6415000
b111101100000001010011011101111100 J
b101011110110111101101110010 K
b111101100000001001111011101111100 L
b101011110110011101101110010 M
b1101101100101100 #
b1101101100101100 H
b11000110100111 "
b11000110100111 I
b11101011101100001011001001010101 E
b10101000100010100100111 F
b11111100010110011011111110100001 D
b1110101001111101100010011 G
b1000011011101111 B
b1101100100000000 C
b1011010110011 @
b1111011100001 A
b10001111001111 +
b10001111001111 8
b1110011010011000 ,
b1110011010011000 9
b111010011001 )
b111010011001 6
b1100011101010000 *
b1100011101010000 7
r-0.978607177734375 X
r-0.515289306640625 Y
r0.948883056640625 V
r0.07598876953125 W
b1001110010 2
b110110 5
b1001110010 4
r2.98675149679184e-06 R
r1.3754703104496e-05 S
r0.086395263671875 P
r-0.39501953125 Q
b100 1
b110010 3
r0.08639227692037821 T
r-0.3950332859531045 U
1-
#6420000
0-
#6425000
b111101101111100001001010100001111 J
b110000010000001010111100011 K
b111101101111100000101010100001111 L
b110000001111101010111100011 M
b10001111001111 B
b1110011010011000 C
b111010011001 @
b1100011101010000 A
b11111100100010101011101100000000 E
b11110001011001011001101000001111 F
b11110101010000111110001100011101 D
b11111011010010111011100100000000 G
b1101100000001010 #
b1101100000001010 H
b101011110110 "
b101011110110 I
b1000001010111101 +
b1000001010111101 8
b1011111000001011 ,
b1011111000001011 9
b111100101110101 )
b111100101110101 6
b100110111010 *
b100110111010 7
r0.28515625 X
r0.31451416015625 Y
r0.444549560546875 V
r0.278411865234375 W
b1001110011 2
b110111 5
b1001110011 4
r1.450534909963608e-05 R
r2.921558916568756e-06 S
r-0.2877197265625 P
r0.387908935546875 Q
b100 1
b110011 3
r-0.2877052212134004 T
r0.3879118571057916 U
1-
#6430000
0-
#6435000
b111110110100111110111101010001000 J
b11100101011011111011001001 K
b111110110100111110011101010001000 L
b11100101010111111011001001 M
b1101101111100001 #
b1101101111100001 H
b110000010000 "
b110000010000 I
b11111110100011010010000011011000 E
b11111000000100100001100110110000 F
b10000010101011100010110111 D
b101101000000011011110000000 G
b1000001010111101 B
b1011111000001011 C
b111100101110101 @
b100110111010 A
b10010010000000 +
b10010010000000 8
b10100001000010 ,
b10100001000010 9
b11100011100111 )
b11100011100111 6
b10001110100011 *
b10001110100011 7
r-0.0040283203125 X
r0.65966796875 Y
r0.88494873046875 V
r-0.6221923828125 W
b1001110100 2
b111000 5
b1001110100 4
r2.030283212661743e-06 R
r1.417286694049835e-05 S
r-0.31219482421875 P
r0.08563232421875 Q
b100 1
b110100 3
r-0.3121968545019627 T
r0.0856464970856905 U
1-
#6440000
0-
#6445000
b111011011111100101111000001011001 J
b111000111011001010000110011101 K
b111011011111100101011000001011001 L
b111000111011000110000110011101 M
b10010010000000 B
b10100001000010 C
b11100011100111 @
b10001110100011 A
b11100000101101010000111000000111 E
b11111011001111011010001001010010 F
b11000100100100100001010101100001 D
b11111101011111100111011011111110 G
b1110110100111110 #
b1110110100111110 H
b11100101011 "
b11100101011 I
b1111111101111100 +
b1111111101111100 8
b101010001110000 ,
b101010001110000 9
b111000101000110 )
b111000101000110 6
b1011000001011100 *
b1011000001011100 7
r0.33428955078125 X
r0.9033203125 Y
r-0.192657470703125 V
r0.263153076171875 W
b1001110101 2
b111001 5
b1001110101 4
r1.023802906274796e-05 R
r1.004058867692947e-05 S
r-0.282196044921875 P
r0.09423828125 Q
b100 1
b110101 3
r-0.2822062829509377 T
r0.09422824066132307 U
1-
#6450000
0-
#6455000
b1110000001111100000100001110 J
b111111101011111011111100010000110 K
b1110000001111000000100001110 L
b111111101011111011011100010000110 M
b1011011111100101 #
b1011011111100101 H
b111000111011001 "
b111000111011001 I
b1000111100101100001110001110 E
b101000101001011110110000000 F
b1000000111001110111110000000 D
b101100110101010100000000110 G
b1111111101111100 B
b101010001110000 C
b111000101000110 @
b1011000001011100 A
b10101011001010 +
b10101011001010 8
b111001110100000 ,
b111001110100000 9
b1110011101010111 )
b1110011101010111 6
b10000110101111 *
b10000110101111 7
r-0.49139404296875 X
r-0.66412353515625 Y
r0.62359619140625 V
r0.385040283203125 W
b1001110110 2
b111010 5
b1001110110 4
r1.395493745803833e-05 R
r2.896413207054138e-07 S
r-0.14654541015625 P
r0.055999755859375 Q
b100 1
b110110 3
r-0.146531455218792 T
r0.05599946621805429 U
1-
#6460000
0-
#6465000
b100101100001011101011100110000 J
b111100101111101100000000001011000 K
b100101100001011001011100110000 L
b111100101111101011100000001011000 M
b10101011001010 B
b111001110100000 C
b1110011101010111 @
b10000110101111 A
b100101010111001000011010100000 E
b1010010001000010010000 F
b11111111110001011001011111101000 D
b11100101101110110101100001000000 G
b1110000001111 #
b1110000001111 H
b1111101011111011 "
b1111101011111011 I
b1100000100011010 +
b1100000100011010 8
b1010101011111110 ,
b1010101011111110 9
b100111111010010 )
b100111111010010 6
b11000101001001 *
b11000101001001 7
r-0.31805419921875 X
r-0.680450439453125 Y
r0.0982666015625 V
r-0.571014404296875 W
b1001110111 2
b111011 5
b1001110111 4
r1.152697950601578e-05 R
r7.244758307933807e-06 S
r-0.563323974609375 P
r0.889434814453125 Q
b100 1
b110111 3
r-0.563312447629869 T
r0.8894275696948171 U
1-
#6470000
0-
#6475000
b111111010011111100011010101110110 J
b10011010101100001100110111010 K
b111111010011111011111010101110110 L
b10011010101011101100110111010 M
b100101100001011 #
b100101100001011 H
b1100101111101100 "
b1100101111101100 I
b11110100110111001010101101100000 E
b101101000010100101000010110 F
b11111011111000001101000010100110 D
b1111001101101010101001100000 G
b1100000100011010 B
b1010101011111110 C
b100111111010010 @
b11000101001001 A
b1101011101001010 +
b1101011101001010 8
b1010100011100111 ,
b1010100011100111 9
b110010010100 )
b110010010100 6
b1011011011101001 *
b1011011011101001 7
r0.271636962890625 X
r-0.182098388671875 Y
r-0.84661865234375 V
r0.1195068359375 W
b1001111000 2
b111100 5
b1001111000 4
r2.514570951461792e-07 R
r1.347623765468597e-05 S
r0.219207763671875 P
r-0.039215087890625 Q
b100 1
b111000 3
r0.2192080151289701 T
r-0.03920161165297031 U
1-
#6480000
0-
#6485000
b111011001011000101111000011000110 J
b11001111110011001100011010 K
b111011001011000101011000011000110 L
b11001111101111001100011010 M
b1101011101001010 B
b1010100011100111 C
b110010010100 @
b1011011011101001 A
b11100101011111101010011001011100 E
b11110011111001000000101001101010 F
b11101100011000110110110101010100 D
b11101111101000100110000001101110 G
b1111010011111100 #
b1111010011111100 H
b10011010101100 "
b10011010101100 I
b10001011000101 +
b10001011000101 8
b1110100010110001 ,
b1110100010110001 9
b1001001110100010 )
b1001001110100010 6
b111101001100 *
b111101001100 7
r-0.659332275390625 X
r0.88458251953125 Y
r0.967864990234375 V
r-0.001312255859375 W
b1001111001 2
b111101 5
b1001111001 4
r5.52833080291748e-06 R
r1.517683267593384e-05 S
r0.586273193359375 P
r-0.4068603515625 Q
b100 1
b111001 3
r0.5862787216901779 T
r-0.4068755283951759 U
1-
#6490000
0-
#6495000
b111010110000100011111100110 J
b11010110111100100010101110111 K
b111010110000000011111100110 L
b11010110111100000010101110111 M
b1011001011000101 #
b1011001011000101 H
b11001111110 "
b11001111110 I
b11111011101110000111100110001100 E
b1011100111111000111001011010 F
b11111101111111111110111011001000 D
b11000110111011111010000111111 G
b10001011000101 B
b1110100010110001 C
b1001001110100010 @
b111101001100 A
b1010101110011011 +
b1010101110011011 8
b111000100111010 ,
b111000100111010 9
b111101111100011 )
b111101111100011 6
b1111111111010101 *
b1111111111010101 7
r-0.700103759765625 X
r-0.79541015625 Y
r-0.1593017578125 V
r-0.47662353515625 W
b1001111010 2
b111110 5
b1001111010 4
r2.512708306312561e-06 R
r9.125098586082458e-06 S
r-0.0860595703125 P
r0.3021240234375 Q
b100 1
b111010 3
r-0.08606208302080631 T
r0.3021148983389139 U
1-
#6500000
0-
#6505000
b1011111100100000000001111110 J
b1101010100111001001111100010 K
b1011111100011100000001111110 L
b1101010100110101001111100010 M
b1010101110011011 B
b111000100111010 C
b111101111100011 @
b1111111111010101 A
b1001110111011110001100000010 E
b10000100111101110101111100 F
b11110001010010000001111110101010 D
b11111110100110110111001110001100 G
b111010110000 #
b111010110000 H
b11010110111100 "
b11010110111100 I
b1010011001100011 +
b1010011001100011 8
b1001101000110000 ,
b1001101000110000 9
b1110101110011100 )
b1110101110011100 6
b1100001011111110 *
b1100001011111110 7
r0.63922119140625 X
r0.2823486328125 Y
r-0.213592529296875 V
r-0.675750732421875 W
b1001111011 2
b111111 5
b1001111011 4
r1.162849366664886e-05 R
r3.07522714138031e-06 S
r-0.603363037109375 P
r0.05072021484375 Q
b100 1
b111011 3
r-0.6033514086157084 T
r0.05071713961660862 U
1-
#6510000
0-
#6515000
b110110110110011011000101100101 J
b101000110001001001011111010001 K
b110110110110010111000101100101 L
b101000110001000101011111010001 M
b1011111100100 #
b1011111100100 H
b1101010100111 "
b1101010100111 I
b110110110010110100010001101110 E
b11100010110011110111 F
b11010111001010001010001101110001 D
b11111111111011001111101101000010 G
b1010011001100011 B
b1001101000110000 C
b1110101110011100 @
b1100001011111110 A
b101000111010010 +
b101000111010010 8
b10010000100100 ,
b10010000100100 9
b1110010010101001 )
b1110010010101001 6
b1010100110000001 *
b1010100110000001 7
r0.907012939453125 X
r-0.630401611328125 Y
r-0.667999267578125 V
r0.9708251953125 W
b1001111100 2
b0 5
b1001111100 4
r1.883134245872498e-06 R
r1.302920281887054e-06 S
r0.11474609375 P
r0.4197998046875 Q
b100 1
b111100 3
r0.1147479768842459 T
r0.4198011076077819 U
1-
#6520000
0-
#6525000
b11101011101110110000101111010 J
b10001001000000101011001001100 K
b11101011101110010000101111010 L
b10001001000000001011001001100 M
b101000111010010 B
b10010000100100 C
b1110010010101001 @
b1010100110000001 A
b1000000111000000010101000000 E
b10101010110110001110000111010 F
b111001000110100010101010100 D
b11000010000110101101110100000 G
b110110110110011 #
b110110110110011 H
b101000110001001 "
b101000110001001 I
b111010000011001 +
b111010000011001 8
b1010111101001111 ,
b1010111101001111 9
b1010101001111111 )
b1010101001111111 6
b111110001000100 *
b111110001000100 7
r-0.343719482421875 X
r0.7275390625 Y
r0.4835205078125 V
r-0.913848876953125 W
b1001111101 2
b1 5
b1001111101 4
r1.514144241809845e-05 R
r1.051835715770721e-05 S
r0.1866455078125 P
r0.208221435546875 Q
b100 1
b111101 3
r0.1866303663700819 T
r0.2082109171897173 U
1-
#6530000
0-
#6535000
b111100000011111110000100010010110 J
b111111100100001110010111010000010 K
b111100000011111101100100010010110 L
b111111100100001101110111010000010 M
b11101011101110 #
b11101011101110 H
b10001001000000 "
b10001001000000 I
b11111100001000111110101111000100 E
b11100100010110101101110011010010 F
b11110111010000110000101110100010 D
b11110011110010011111101000100100 G
b111010000011001 B
b1010111101001111 C
b1010101001111111 @
b111110001000100 A
b1101010000000001 +
b1101010000000001 8
b101110100100000 ,
b101110100100000 9
b11110111100100 )
b11110111100100 6
b1000101100000111 *
b1000101100000111 7
r-0.42364501953125 X
r0.3167724609375 Y
r-0.66864013671875 V
r0.15472412109375 W
b1001111110 2
b10 5
b1001111110 4
r3.482215106487274e-06 R
r9.580515325069427e-06 S
r0.857025146484375 P
r0.636993408203125 Q
b100 1
b111110 3
r0.8570216642692685 T
r0.6369838276877999 U
1-
#6540000
0-
#6545000
b1010011010011101010000011010101 J
b111111111100110111110001010010101 K
b1010011010011100110000011010101 L
b111111111100110111010001010010101 M
b1101010000000001 B
b101110100100000 C
b11110111100100 @
b1000101100000111 A
b11010111100110110111000110001 E
b111000010110101111001010100100 F
b11011001001110010011001001100111 D
b11011000110101001101010011111100 G
b1100000011111110 #
b1100000011111110 H
b1111100100001110 "
b1111100100001110 I
b1100100111000110 +
b1100100111000110 8
b10100010001100 ,
b10100010001100 9
b1010101001101010 )
b1010101001101010 6
b1001111001110 *
b1001111001110 7
r-0.47100830078125 X
r0.508392333984375 Y
r-0.73687744140625 V
r0.867584228515625 W
b1001111111 2
b11 5
b1001111111 4
r7.981434464454651e-06 R
r5.315989255905151e-06 S
r0.46038818359375 P
r0.267578125 Q
b100 1
b111111 3
r0.4603961650282145 T
r0.2675834409892559 U
1-
#6550000
0-
#6555000
b101010100111100010011110000111 J
b111100000000101100001110111111100 K
b101010100111011110011110000111 L
b111100000000101011101110111111100 M
b111111111111111 #
b111111111111111 H
b1111111100110111 "
b1111111100110111 I
b10110100000111001000010000000 E
b10100000110100101011100000111 F
b11110101010111010000110111100100 D
b11010101011100101110101111100000 G
b1100100111000110 B
b10100010001100 C
b1010101001101010 @
b1001111001110 A
b1100001110110110 +
b1100001110110110 8
b100000100010011 ,
b100000100010011 9
b1010000110101110 )
b1010000110101110 6
b110111100001101 *
b110111100001101 7
r0.707244873046875 X
r0.910736083984375 Y
r-0.7474365234375 V
r0.348388671875 W
b1010000000 2
b100 5
b1010000000 4
r1.321174204349518e-05 R
r4.170462489128113e-06 S
r-0.49224853515625 P
r-0.05426025390625 Q
b100 1
b0 3
r-0.4922617468982935 T
r-0.05426442436873913 U
1-
#6560000
0-
#6565000
b111101110010000000001000101001100 J
b111110001000000100011110010101100 K
b111101110001111111101000101001100 L
b111110001000000011111110010101100 M
b1100001110110110 B
b100000100010011 C
b1010000110101110 @
b110111100001101 A
b11110010011100011100000111111000 E
b11111011110011100000111101010100 F
b10010001000010000011111111100 D
b11001000110000010010101000 G
b101010100111100 #
b101010100111100 H
b1100000000101100 "
b1100000000101100 I
b101101010000111 +
b101101010000111 8
b111010010010011 ,
b111010010010011 9
b1010000001010100 )
b1010000001010100 6
b10110010011000 *
b10110010011000 7
r0.636566162109375 X
r0.904754638671875 Y
r-0.806640625 V
r0.103729248046875 W
b1010000001 2
b101 5
b1010000001 4
r0 R
r8.244998753070831e-06 S
r0.999969482421875 P
r-0.006134033203125 Q
b100 1
b1 3
r0.999969482421875 T
r-0.006125788204371929 U
1-
#6570000
0-
#6575000
b111001101110111110100100000101000 J
b110000001000100111101000011 K
b111001101110111110000100000101000 L
b110000001000000111101000011 M
b1101110010000000 #
b1101110010000000 H
b1110001000000100 "
b1110001000000100 I
b11101000000001100010110111101010 E
b11100101110110001101101000111110 F
b10110001101100111101110110100 D
b11100001110101000101011110111 G
b101101010000111 B
b111010010010011 C
b1010000001010100 @
b10110010011000 A
b101000101111011 +
b101000101111011 8
b111001111001111 ,
b111001111001111 9
b1001100011000000 )
b1001100011000000 6
b110101000111 *
b110101000111 7
r-0.764068603515625 X
r0.9822998046875 Y
r-0.253326416015625 V
r-0.95770263671875 W
b1010000010 2
b110 5
b1010000010 4
r5.834735929965973e-06 R
r8.109956979751587e-06 S
r0.6658935546875 P
r-0.4986572265625 Q
b100 1
b10 3
r0.66588771995157 T
r-0.4986653365194798 U
1-
#6580000
0-
#6585000
b111100100001101000101010001100100 J
b110110001000111010011011111100 K
b111100100001101000001010001100100 L
b110110001000110110011011111100 M
b101000101111011 B
b111001111001111 C
b1001100011000000 @
b110101000111 A
b11010100011011110010000000111100 E
b1111110001001111010000101000 F
b11011110001010110001010001001100 D
b10100010011100111101101001000 G
b1001101110111110 #
b1001101110111110 H
b110000001000 "
b110000001000 I
b1001111000110011 +
b1001111000110011 8
b111110110111100 ,
b111110110111100 9
b1101111110010011 )
b1101111110010011 6
b1000010101101010 *
b1000010101101010 7
r0.658843994140625 X
r-0.51904296875 Y
r-0.328765869140625 V
r0.405792236328125 W
b1010000011 2
b111 5
b1010000011 4
r1.113489270210266e-05 R
r7.934868335723877e-07 S
r-0.27734375 P
r-0.2342529296875 Q
b100 1
b11 3
r-0.2773548848927021 T
r-0.2342537231743336 U
1-
#6590000
0-
#6595000
b111010101100001001101101101011101 J
b100110110111101011110100101001 K
b111010101100001001001101101011101 L
b100110110111100111110100101001 M
b1100100001101000 #
b1100100001101000 H
b110110001000111 "
b110110001000111 I
b11010001010010101100001101000000 E
b100001110011101100000011101 F
b11011111001000110010010001000000 D
b110000000011010000101101001 G
b1001111000110011 B
b111110110111100 C
b1101111110010011 @
b1000010101101010 A
b101010001010101 +
b101010001010101 8
b1011110110010000 ,
b1011110110010000 9
b1101010111101011 )
b1101010111101011 6
b11001111110001 *
b11001111110001 7
r0.131805419921875 X
r0.80889892578125 Y
r-0.895751953125 V
r0.95587158203125 W
b1010000100 2
b1000 5
b1010000100 4
r1.944601535797119e-06 R
r3.638677299022675e-06 S
r-0.78326416015625 P
r0.093994140625 Q
b100 1
b100 3
r-0.7832622155547142 T
r0.09399777930229902 U
1-
#6600000
0-
#6605000
b11110111010000011011100010010 J
b110110111011001111011011110001111 K
b11110111001111111011100010010 L
b110110111011001110111011110001111 M
b101010001010101 B
b1011110110010000 C
b1101010111101011 @
b11001111110001 A
b11110000000100101111011011110100 E
b101110110101010000000000011110 F
b1100011000110100010001001001 D
b11000011110010101011101111011000 G
b1010101100001001 #
b1010101100001001 H
b100110110111101 "
b100110110111101 I
b1000011011111 +
b1000011011111 8
b110011110001010 ,
b110011110001010 9
b1000110101011000 )
b1000110101011000 6
b111101001011010 *
b111101001011010 7
r0.509979248046875 X
r0.75390625 Y
r0.762664794921875 V
r0.260498046875 W
b1010000101 2
b1001 5
b1010000101 4
r4.861503839492798e-06 R
r5.964189767837524e-06 S
r-0.434326171875 P
r0.845916748046875 Q
b100 1
b101 3
r-0.4343213103711605 T
r0.8459107838571072 U
1-
#6610000
0-
#6615000
b11100000010000110011000110101 J
b11000100100000110001001 K
b11100000010000010011000110101 L
b11000100000000110001001 M
b11110111010000 #
b11110111010000 H
b1000000000000000 "
b1000000000000000 I
b1010111010111101001100110000 E
b10001000111000101001100000101 F
b11110010001000110010001100000111 D
b11110010100001010010010010010000 G
b1000011011111 B
b110011110001010 C
b1000110101011000 @
b111101001011010 A
b100000101000111 +
b100000101000111 8
b110000010000000 ,
b110000010000000 9
b110000110011111 )
b110000110011111 6
b10000101011000 *
b10000101011000 7
r0.768341064453125 X
r-0.0299072265625 Y
r0.532684326171875 V
r-0.57598876953125 W
b1010000110 2
b1010 5
b1010000110 4
r6.523914635181427e-06 R
r6.770715117454529e-07 S
r-0.663787841796875 P
r0.607330322265625 Q
b100 1
b110 3
r-0.6637813178822398 T
r0.6073296451941133 U
1-
#6620000
0-
#6625000
b111011001101100010000110111010110 J
b111001000010101100101011011100 K
b111011001101100001100110111010110 L
b111001000010101000101011011100 M
b100000101000111 B
b110000010000000 C
b110000110011111 @
b10000101011000 A
b11010001101000001001100101110000 E
b1000000100000011010001100110 F
b11111000011100011001111110101000 D
b110001011111000010101010000100 G
b11100000010000 #
b11100000010000 H
b11000100 "
b11000100 I
b110001001011001 +
b110001001011001 8
b1111110000101100 ,
b1111110000101100 9
b100010000101111 )
b100010000101111 6
b1011011001000110 *
b1011011001000110 7
r0.146942138671875 X
r0.235992431640625 Y
r0.41717529296875 V
r0.10400390625 W
b1010000111 2
b1011 5
b1010000111 4
r2.129003405570984e-06 R
r0 S
r0.48291015625 P
r-1 Q
b100 1
b111 3
r0.4829080272465944 T
r-1 U
1-
#6630000
0-
#6635000
b101101010011010100011011101000 J
b111110011101011010111100111100111 K
b101101010011010000011011101000 L
b111110011101011010011100111100111 M
b1011001101100010 #
b1011001101100010 H
b111001000010101 "
b111001000010101 I
b100100110011000110111110000000 E
b1000100000001001011101101000 F
b11000111001000111001000011001 D
b1100100100011010110000000000 G
b110001001011001 B
b1111110000101100 C
b100010000101111 @
b1011011001000110 A
b1001011001111 +
b1001011001111 8
b1111000110101 ,
b1111000110101 9
b11010101100110 )
b11010101100110 6
b110101010000 *
b110101010000 7
r-0.830596923828125 X
r-0.421966552734375 Y
r0.30865478515625 V
r0.159088134765625 W
b1010001000 2
b1100 5
b1010001000 4
r9.109266102313995e-06 R
r3.660097718238831e-07 S
r0.43798828125 P
r0.0059814453125 Q
b100 1
b1000 3
r0.4379973905161023 T
r0.005981811322271824 U
1-
#6640000
0-
#6645000
b111100010101010000110011001101010 J
b111100110111010001100100110110001 K
b111100010101010000010011001101010 L
b111100110111010001000100110110001 M
b1001011001111 B
b1111000110101 C
b11010101100110 @
b110101010000 A
b11111110111110101111110000010100 E
b11100011101011010010101001010110 F
b11010001100011011001001010111 D
b1000110100011110000001000 G
b101101010011010 #
b101101010011010 H
b1110011101011010 "
b1110011101011010 I
b1001010110101111 +
b1001010110101111 8
b1100100111111101 ,
b1100100111111101 9
b10011110000010 )
b10011110000010 6
b1010001011101 *
b1010001011101 7
r0.25311279296875 X
r-0.147003173828125 Y
r0.557830810546875 V
r-0.228607177734375 W
b1010001001 2
b1101 5
b1010001001 4
r1.196004450321198e-05 R
r2.58907675743103e-06 S
r-0.59857177734375 P
r0.891265869140625 Q
b100 1
b1001 3
r-0.5985837373882532 T
r0.8912684582173824 U
1-
#6650000
0-
#6655000
b111010001111010010111001110 J
b111111101101001100000100000010110 K
b111010001110110010111001110 L
b111111101101001011100100000010110 M
b1100010101010000 #
b1100010101010000 H
b1100110111010001 "
b1100110111010001 I
b110010011010000001000011110 E
b111110100110001110110000 F
b11111011000101100101111010 D
b1100100100010000110010000 G
b1001010110101111 B
b1100100111111101 C
b10011110000010 @
b1010001011101 A
b10000001100110 +
b10000001100110 8
b1110110100101111 ,
b1110110100101111 9
b100011101100111 )
b100011101100111 6
b1110001010111101 *
b1110001010111101 7
r0.130096435546875 X
r-0.11700439453125 Y
r0.805328369140625 V
r-0.612640380859375 W
b1010001010 2
b1110 5
b1010001010 4
r1.646578311920166e-06 R
r1.380499452352524e-05 S
r0.70782470703125 P
r-0.19256591796875 Q
b100 1
b1010 3
r0.7078263536095619 T
r-0.1925521129742265 U
1-
#6660000
0-
#6665000
b111101111001101010110101000001101 J
b1100000111001011100100001011 K
b111101111001101010010101000001101 L
b1100000111000111100100001011 M
b10000001100110 B
b1110110100101111 C
b100011101100111 @
b1110001010111101 A
b11110111101010100001110101111010 E
b11110111100010110000110010010011 F
b11101111100101111010101111011110 D
b11111011101101000010010011101001 G
b111010001111 #
b111010001111 H
b1111101101001100 "
b1111101101001100 I
b1000010100111 +
b1000010100111 8
b1111000100000110 ,
b1111000100000110 9
b110011100010101 )
b110011100010101 6
b1011000110010101 *
b1011000110010101 7
r-0.20306396484375 X
r0.737213134765625 Y
r0.046051025390625 V
r0.3206787109375 W
b1010001011 2
b1111 5
b1010001011 4
r9.158626198768616e-06 R
r2.310611307621002e-06 S
r-0.45849609375 P
r-0.392059326171875 Q
b100 1
b1011 3
r-0.4584869351238012 T
r-0.3920570155605674 U
1-
#6670000
0-
#6675000
b111110111000011001010111000110111 J
b111111001000111011000011010101001 K
b111110111000011000110111000110111 L
b111111001000111010100011010101001 M
b1101111001101010 #
b1101111001101010 H
b1100000111001 "
b1100000111001 I
b11111010110000000111011011101001 E
b11111100010010111111011101001110 F
b1001000010010101001100001010 D
b10001001101001100110110011 G
b1000010100111 B
b1111000100000110 C
b110011100010101 @
b1011000110010101 A
b1110011000000010 +
b1110011000000010 8
b101111001011101 ,
b101111001011101 9
b10111100101 )
b10111100101 6
b10100100001100 *
b10100100001100 7
r-0.78692626953125 X
r-0.746307373046875 Y
r0.394805908203125 V
r0.3609619140625 W
b1010001100 2
b10000 5
b1010001100 4
r6.245449185371399e-06 R
r1.333095133304596e-05 S
r0.113739013671875 P
r-0.0367431640625 Q
b100 1
b1100 3
r0.1137327682226896 T
r-0.03675649501383305 U
1-
#6680000
0-
#6685000
b111110100110111101001011110110001 J
b111111101111000100001111111001011 K
b111110100110111100101011110110001 L
b111111101111000011101111111001011 M
b1110011000000010 B
b101111001011101 C
b10111100101 @
b10100100001100 A
b11111001111110000010111101111110 E
b11111010111001100010100000110011 F
b110101101001000111010110011 D
b100100101100110111001111110 G
b1110111000011001 #
b1110111000011001 H
b1111001000111011 "
b1111001000111011 I
b1001101101000110 +
b1001101101000110 8
b1010000001111001 ,
b1010000001111001 9
b11001010001001 )
b11001010001001 6
b10111000110100 *
b10111000110100 7
r-0.53448486328125 X
r-0.604736328125 Y
r0.521484375 V
r0.232208251953125 W
b1010001101 2
b10001 5
b1010001101 4
r1.002568751573563e-05 R
r1.658685505390167e-06 S
r-0.26239013671875 P
r0.189239501953125 Q
b100 1
b1101 3
r-0.2623801110312343 T
r0.1892378432676196 U
1-
#6690000
0-
#6695000
b111111110000000011001010001001001 J
b1111101110101100011110010010 K
b111111110000000010101010001001001 L
b1111101110101000011110010010 M
b1110100110111101 #
b1110100110111101 H
b1111101111000100 "
b1111101111000100 I
b10001011000011101000110001 E
b11111011110101010001101000011000 F
b11111111011001101100100111001010 D
b1111001000010101000101011100 G
b1001101101000110 B
b1010000001111001 C
b11001010001001 @
b10111000110100 A
b1011101110010110 +
b1011101110010110 8
b1011001010011000 ,
b1011001010011000 9
b100001011000000 )
b100001011000000 6
b1110110111001 *
b1110110111001 7
r0.619476318359375 X
r0.53289794921875 Y
r0.225433349609375 V
r0.24444580078125 W
b1010001110 2
b10010 5
b1010001110 4
r4.240311682224274e-06 R
r1.367088407278061e-05 S
r-0.139862060546875 P
r-0.107574462890625 Q
b100 1
b1110 3
r-0.1398663008585572 T
r-0.1075881337746978 U
1-
#6700000
0-
#6705000
b111011010111101101110000011111001 J
b10101001001101001000011110 K
b111011010111101101010000011111001 L
b10101001001001001000011110 M
b1011101110010110 B
b1011001010011000 C
b100001011000000 @
b1110110111001 A
b11101101001001001000001011000001 E
b11101101110100100001111000111000 F
b11101100000111011100010001110110 D
b11101110110000100101011010010100 G
b1111110000000011 #
b1111110000000011 H
b1111101110101 "
b1111101110101 I
b100111101001011 +
b100111101001011 8
b100010000110110 ,
b100010000110110 9
b1110011011011 )
b1110011011011 6
b1111101001010 *
b1111101001010 7
r0.97308349609375 X
r-0.7489013671875 Y
r-0.883270263671875 V
r-0.017303466796875 W
b1010001111 2
b10011 5
b1010001111 4
r9.610317647457123e-06 R
r7.67875462770462e-06 S
r-0.173919677734375 P
r-0.0330810546875 Q
b100 1
b1111 3
r-0.1739292880520225 T
r-0.0330887334421277 U
1-
#6710000
0-
#6715000
b111100011110111111110111101100110 J
b1000110110100010101101011000 K
b111100011110111111010111101100110 L
b1000110110011110101101011000 M
b1011010111101101 #
b1011010111101101 H
b10101001001 "
b10101001001 I
b11101011110100010010001000000000 E
b11111000000011101000110101100110 F
b11101110001010010101110010000000 D
b11110111000000110100011111011000 G
b100111101001011 B
b100010000110110 C
b1110011011011 @
b1111101001010 A
b111110010001110 +
b111110010001110 8
b1010000000100100 ,
b1010000000100100 9
b1000111011110001 )
b1000111011110001 6
b1111110111001001 *
b1111110111001001 7
r0.935150146484375 X
r0.767852783203125 Y
r-0.125885009765625 V
r-0.623443603515625 W
b1010010000 2
b10100 5
b1010010000 4
r1.042243093252182e-05 R
r1.804903149604797e-06 S
r-0.031158447265625 P
r0.245758056640625 Q
b100 1
b10000 3
r-0.03116886969655752 T
r0.2457598615437746 U
1-
#6720000
0-
#6725000
b10001011000011000001011100000 J
b111111111011001100111100001110011 K
b10001011000010100001011100000 L
b111111111011001100011100001110011 M
b111110010001110 B
b1010000000100100 C
b1000111011110001 @
b1111110111001001 A
b111101100000100001000110010 E
b1001101100010000000010101110 F
b1000111100000000100100101001 D
b1000010101100100000110011100 G
b1100011110111111 #
b1100011110111111 H
b1000110110100 "
b1000110110100 I
b111011110110011 +
b111011110110011 8
b110001001001001 ,
b110001001001001 9
b1110111111100011 )
b1110111111100011 6
b1011000000110011 *
b1011000000110011 7
r0.24481201171875 X
r-0.4359130859375 Y
r0.047393798828125 V
r0.994598388671875 W
b1010010001 2
b10101 5
b1010010001 4
r7.861293852329254e-06 R
r4.319474101066589e-06 S
r-0.578704833984375 P
r0.041290283203125 Q
b100 1
b10001 3
r-0.5786969726905227 T
r0.04129460267722607 U
1-
#6730000
0-
#6735000
b101001010000100001101101100010 J
b110111110101101000101010010110 K
b101001010000011101101101100010 L
b110111110101100100101010010110 M
b10001011000011 #
b10001011000011 H
b1111111011001100 "
b1111111011001100 I
b101010010101011011100111100100 E
b11111110111011000010000101111110 F
b11001000111111100000010110101110 D
b110101000101000001000100 G
b111011110110011 B
b110001001001001 C
b1110111111100011 @
b1011000000110011 A
b1111101010110 +
b1111101010110 8
b1100100000110100 ,
b1100100000110100 9
b11000010001 )
b11000010001 6
b111111101001111 *
b111111101001111 7
r0.751617431640625 X
r0.315643310546875 Y
r-0.126220703125 V
r0.906951904296875 W
b1010010010 2
b10110 5
b1010010010 4
r1.130066812038422e-05 R
r4.92483377456665e-06 S
r-0.439483642578125 P
r0.1383056640625 Q
b100 1
b10010 3
r-0.4394723419100046 T
r0.1383007392287254 U
1-
#6740000
0-
#6745000
b111010100100000000111011001100100 J
b111101000111001011100001111010010 K
b111010100100000000011011001100100 L
b111101000111001011000001111010010 M
b1111101010110 B
b1100100000110100 C
b11000010001 @
b111111101001111 A
b11111001110100000100110110111011 E
b11011010101011111110100010101001 F
b11111000011101110100000010111001 D
b11100001010111001100010010001011 G
b101001010000100 #
b101001010000100 H
b110111110101101 "
b110111110101101 I
b110000000110101 +
b110000000110101 8
b10100001100111 ,
b10100001100111 9
b1110111111011000 )
b1110111111011000 6
b111010000010111 *
b111010000010111 7
r0.47515869140625 X
r-0.2781982421875 Y
r-0.92333984375 V
r0.960235595703125 W
b1010010011 2
b10111 5
b1010010011 4
r1.457333564758301e-05 R
r1.345854252576828e-05 S
r0.271575927734375 P
r-0.0093994140625 Q
b100 1
b10011 3
r0.2715613543987274 T
r-0.009385955519974232 U
1-
#6750000
0-
#6755000
b1110010000110001100011111110 J
b111100011100000101011101101010110 K
b1110010000101101100011111110 L
b111100011100000100111101101010110 M
b1010100100000000 #
b1010100100000000 H
b1101000111001011 "
b1101000111001011 I
b11111110101011011000001101110100 E
b1111100101010101010110001010 F
b101111100001100010110110 D
b11100100010000001001010000001100 G
b110000000110101 B
b10100001100111 C
b1110111111011000 @
b111010000010111 A
b11110011010010 +
b11110011010010 8
b1101110001100100 ,
b1101110001100100 9
b1000100111010000 )
b1000100111010000 6
b111101011101001 *
b111101011101001 7
r0.16229248046875 X
r-0.67608642578125 Y
r-0.884490966796875 V
r0.8079833984375 W
b1010010100 2
b11000 5
b1010010100 4
r8.730217814445496e-06 R
r1.273490488529205e-05 S
r0.6446533203125 P
r0.872467041015625 Q
b100 1
b10100 3
r0.6446445900946856 T
r0.8724543061107397 U
1-
#6760000
0-
#6765000
b101001000101000010100010101011 J
b11000011001001110010110001001 K
b101001000100111110100010101011 L
b11000011001001010010110001001 M
b11110011010010 B
b1101110001100100 C
b1000100111010000 @
b111101011101001 A
b11111101011100110011111111101000 E
b101011101000001010100011000011 F
b11111001111011011010011110111000 D
b10010010100100100110101000001 G
b1110010000110 #
b1110010000110 H
b1100011100000101 "
b1100011100000101 I
b1010011000110 +
b1010011000110 8
b1010100101110110 ,
b1010100101110110 9
b1000111011001001 )
b1000111011001001 6
b110011101101100 *
b110011101101100 7
r-0.9383544921875 X
r0.908172607421875 Y
r0.85546875 V
r-0.45892333984375 W
b1010010101 2
b11001 5
b1010010101 4
r1.296773552894592e-05 R
r9.10833477973938e-07 S
r-0.6796875 P
r-0.360992431640625 Q
b100 1
b10101 3
r-0.6796745322644711 T
r-0.360991520807147 U
1-
#6770000
0-
#6775000
b101101101001000100010001100010 J
b1010111110111011001001100100 K
b101101101001000000010001100010 L
b1010111110110111001001100100 M
b101001000101000 #
b101001000101000 H
b11000011001001 "
b11000011001001 I
b10000011100001001010101000000 E
b11101001100110110111100100010 F
b11100011111010111100110010100000 D
b11101110111001110011111100000100 G
b1010011000110 B
b1010100101110110 C
b1000111011001001 @
b110011101101100 A
b1000011111100100 +
b1000011111100100 8
b111010000111111 ,
b111010000111111 9
b110110110000000 )
b110110110000000 6
b1100010101000010 *
b1100010101000010 7
r0.1334228515625 X
r-0.4139404296875 Y
r-0.873931884765625 V
r0.261260986328125 W
b1010010110 2
b11010 5
b1010010110 4
r9.300187230110168e-06 R
r1.111999154090881e-06 S
r0.22283935546875 P
r-0.445159912109375 Q
b100 1
b10110 3
r0.2228300552815199 T
r-0.4451610241085291 U
1-
#6780000
0-
#6785000
b101110101010100010111100101110 J
b111100110001110100001010001010010 K
b101110101010011110111100101110 L
b111100110001110011101010001010010 M
b1000011111100100 B
b111010000111111 C
b110110110000000 @
b1100010101000010 A
b100110010001011000000110100110 E
b1000011001000110110110001000 F
b11110110110100000010001101110110 D
b11011101000010011111011111001000 G
b101101101001000 #
b101101101001000 H
b1010111110111 "
b1010111110111 I
b1000100010100 +
b1000100010100 8
b1100101100000100 ,
b1100101100000100 9
b1001000000100011 )
b1001000000100011 6
b10000101110001 *
b10000101110001 7
r0.413421630859375 X
r-0.853729248046875 Y
r-0.86297607421875 V
r0.441864013671875 W
b1010010111 2
b11011 5
b1010010111 4
r5.562789738178253e-06 R
r8.949078619480133e-06 S
r0.641845703125 P
r0.381134033203125 Q
b100 1
b10111 3
r0.6418401403352618 T
r0.3811429822817445 U
1-
#6790000
0-
#6795000
b1001101010010001010111101001000 J
b11000101100111010110100111110 K
b1001101010010000110111101001000 L
b11000101100110110110100111110 M
b101110101010100 #
b101110101010100 H
b1100110001110100 "
b1100110001110100 I
b110001101110001111001010000000 E
b11011100011110111110011001000 F
b11001100101000000000011000000000 D
b11100101010100110111001100111110 G
b1000100010100 B
b1100101100000100 C
b1001000000100011 @
b10000101110001 A
b11010011101011 +
b11010011101011 8
b1001001010111001 ,
b1001001010111001 9
b1001000110001010 )
b1001000110001010 6
b11100010001111 *
b11100010001111 7
r-0.2496337890625 X
r-0.2281494140625 Y
r-0.77978515625 V
r0.41949462890625 W
b1010011000 2
b11100 5
b1010011000 4
r1.044943928718567e-06 R
r3.244727849960327e-06 S
r0.713134765625 P
r0.171600341796875 Q
b100 1
b11000 3
r0.7131358105689287 T
r0.171597097069025 U
1-
#6800000
0-
#6805000
b11001011000100101111101100000 J
b100010101100101100001000 K
b11001011000100001111101100000 L
b100010101000101100001000 M
b11010011101011 B
b1001001010111001 C
b1001000110001010 @
b11100010001111 A
b10111001001110000000110001100 E
b10001110110001110111010100 F
b11111000100010011001010110111100 D
b11111001000101000010000011000100 G
b111111111111111 #
b111111111111111 H
b11000101100111 "
b11000101100111 I
b1110000000001100 +
b1110000000001100 8
b1110001011001100 ,
b1110001011001100 9
b1001110000110000 )
b1001110000110000 6
b11010110110010 *
b11010110110010 7
r0.634796142578125 X
r-0.2835693359375 Y
r-0.133148193359375 V
r-0.139984130859375 W
b1010011001 2
b11101 5
b1010011001 4
r4.01027500629425e-06 R
r1.041404902935028e-05 S
r0.7291259765625 P
r-0.4027099609375 Q
b100 1
b11001 3
r0.7291219662874937 T
r-0.4027203749865294 U
1-
#6810000
0-
#6815000
b111010110110000001011111111111 J
b111111110101100010000101110101001 K
b111010110101111101011111111111 L
b111111110101100001100101110101001 M
b11001011000100 #
b11001011000100 H
b100010101 "
b100010101 I
b101111001001101110000010111010 E
b1011101100001111011101000101 F
b11101001001010101010000110101110 D
b11100111110110110110110101010111 G
b1110000000001100 B
b1110001011001100 C
b1001110000110000 @
b11010110110010 A
b101000101000001 +
b101000101000001 8
b1101101110110100 ,
b1101101110110100 9
b1110111011110101 )
b1110111011110101 6
b1110111000010101 *
b1110111000010101 7
r-0.661407470703125 X
r0.032928466796875 Y
r0.5279541015625 V
r-0.456756591796875 W
b1010011010 2
b11110 5
b1010011010 4
r0 R
r4.472211003303528e-06 S
r0.999969482421875 P
r0.385955810546875 Q
b100 1
b11010 3
r0.999969482421875 T
r0.3859513383358717 U
1-
#6820000
0-
#6825000
b100101011110101101010011000 J
b111101101011010101101101110011000 K
b100101011110001101010011000 L
b111101101011010101001101110011000 M
b101000101000001 B
b1101101110110100 C
b1110111011110101 @
b1110111000010101 A
b1011011000101101011001000000 E
b11111001010011000100010001011000 F
b1100011101010101001001000000 D
b11111001110111111110110111011000 G
b111010110110000 #
b111010110110000 H
b1111110101100010 "
b1111110101100010 I
b1010101101010111 +
b1010101101010111 8
b10000110111 ,
b10000110111 9
b100001110010100 )
b100001110010100 6
b1100010110001001 *
b1100010110001001 7
r0.083831787109375 X
r0.949127197265625 Y
r-0.8524169921875 V
r-0.6904296875 W
b1010011011 2
b11111 5
b1010011011 4
r7.480382919311523e-06 R
r2.630054950714111e-06 S
r0.3966064453125 P
r0.008453369140625 Q
b100 1
b11011 3
r0.3966139256954193 T
r0.008455999195575714 U
1-
#6830000
0-
#6835000
b111111100101110101111001110011001 J
b111111100110110110010001111 K
b111111100101110101011001110011001 L
b111111100110010110010001111 M
b100101011110 #
b100101011110 H
b1101101011010101 "
b1101101011010101 I
b10011010101001101101000100 E
b11111010010100000001100001010101 F
b11111010100101110011000100110101 D
b10100010100101110111000100 G
b1010101101010111 B
b10000110111 C
b100001110010100 @
b1100010110001001 A
b101010111011 +
b101010111011 8
b111100101111101 ,
b111100101111101 9
b1001001011100100 )
b1001001011100100 6
b1010011110100000 *
b1010011110100000 7
r-0.54034423828125 X
r-0.016876220703125 Y
r0.89697265625 V
r0.512481689453125 W
b1010011100 2
b100000 5
b1010011100 4
r9.537674486637115e-06 R
r1.24787911772728e-05 S
r0.91943359375 P
r-0.02044677734375 Q
b100 1
b11100 3
r0.9194240560755134 T
r-0.02045925613492727 U
1-
#6840000
0-
#6845000
b10100011100101011100101011011 J
b10101011000110000000100100011 K
b10100011100100111100101011011 L
b10101011000101100000100100011 M
b101010111011 B
b111100101111101 C
b1001001011100100 @
b1010011110100000 A
b1000111001101010011001100 E
b10011010101011010010010001111 F
b11101001101001101101001101001100 D
b11111111000010011001010001101111 G
b1111100101110101 #
b1111100101110101 H
b111111100110 "
b111111100110 I
b1011101011010110 +
b1011101011010110 8
b1111110111010111 ,
b1111110111010111 9
b111001011010000 )
b111001011010000 6
b100000110011001 *
b100000110011001 7
r-0.194000244140625 X
r-0.60699462890625 Y
r0.07879638671875 V
r0.820648193359375 W
b1010011101 2
b100001 5
b1010011101 4
r6.340444087982178e-06 R
r6.57886266708374e-06 S
r0.07318115234375 P
r-0.290374755859375 Q
b100 1
b11101 3
r0.07318749278783798 T
r-0.2903681769967079 U
1-
#6850000
0-
#6855000
b111001000100001000110111100110100 J
b111011010101000101000010010010100 K
b111001000100001000010111100110100 L
b111011010101000100100010010010100 M
b10100011100101 #
b10100011100101 H
b10101011000110 "
b10101011000110 I
b11001100001110000111110101010100 E
b11111100010010111011000111100000 F
b11111011011011010011010010001100 D
b11010110000011110111100100100000 G
b1011101011010110 B
b1111110111010111 C
b111001011010000 @
b100000110011001 A
b1110011100101011 +
b1110011100101011 8
b1011001001001110 ,
b1011001001001110 9
b101000010110 )
b101000010110 6
b110100100001011 *
b110100100001011 7
r-0.2174072265625 X
r0.0540771484375 Y
r0.669952392578125 V
r0.71343994140625 W
b1010011110 2
b100010 5
b1010011110 4
r1.230183988809586e-05 R
r1.062359660863876e-05 S
r-0.051116943359375 P
r0.12420654296875 Q
b100 1
b11110 3
r-0.0511046415194869 T
r0.1242171665653586 U
1-
#6860000
0-
#6865000
b111101101010011110011110010010110 J
b11110011101110111001010011111 K
b111101101010011101111110010010110 L
b11110011101110011001010011111 M
b1110011100101011 B
b1011001001001110 C
b101000010110 @
b110100100001011 A
b11111111000001111111110010110000 E
b11101110010001101111111111100110 F
b11100000111110110001100111100000 D
b11111111011100100100110001111111 G
b1001000100001000 #
b1001000100001000 H
b1011010101000101 "
b1011010101000101 I
b1110010000101100 +
b1110010000101100 8
b11011101100 ,
b11011101100 9
b101010111000001 )
b101010111000001 6
b101101101010010 *
b101101101010010 7
r-0.15728759765625 X
r0.357757568359375 Y
r0.47186279296875 V
r0.513580322265625 W
b1010011111 2
b100011 5
b1010011111 4
r1.584179699420929e-06 R
r1.49877741932869e-05 S
r0.319488525390625 P
r0.33416748046875 Q
b100 1
b11111 3
r0.3194869412109256 T
r0.3341524926945567 U
1-
#6870000
0-
#6875000
b111110010110000000011000010001101 J
b111100001000110010101101110101000 K
b111110010101111111111000010001101 L
b111100001000110010001101110101000 M
b1101101010011110 #
b1101101010011110 H
b11110011101110 "
b11110011101110 I
b11111100111100000101111010110100 E
b11110101110011111001000111011001 F
b11111111000001011000101110110010 D
b11100000000111101010011101011010 G
b1110010000101100 B
b11011101100 C
b101010111000001 @
b101101101010010 A
b1110101111011110 +
b1110101111011110 8
b10110111001011 ,
b10110111001011 9
b11110001100110 )
b11110001100110 6
b100000110111101 *
b100000110111101 7
r-0.170318603515625 X
r0.225616455078125 Y
r-0.6630859375 V
r0.300384521484375 W
b1010100000 2
b100100 5
b1010100000 4
r1.125410199165344e-05 R
r1.416727900505066e-05 S
r-0.866943359375 P
r-0.583831787109375 Q
b100 1
b100000 3
r-0.8669321052730083 T
r-0.5838459543883801 U
1-
#6880000
0-
#6885000
b111111000011001001000111000000100 J
b1011110010101011101001101100 K
b111111000011001000100111000000100 L
b1011110010100111101001101100 M
b1110101111011110 B
b10110111001011 C
b11110001100110 @
b100000110111101 A
b10010100011001001111101100 E
b11110110000100101011101000011000 F
b11110110101011011010000100101100 D
b10011110000001101110011000 G
b1110010110000000 #
b1110010110000000 H
b1100001000110010 "
b1100001000110010 I
b1110101000110011 +
b1110101000110011 8
b1110011100001 ,
b1110011100001 9
b1010101100100000 )
b1010101100100000 6
b10011001110011 *
b10011001110011 7
r-0.5849609375 X
r-0.167724609375 Y
r-0.560211181640625 V
r0.548065185546875 W
b1010100001 2
b100101 5
b1010100001 4
r8.139759302139282e-07 R
r1.206900924444199e-05 S
r-0.29205322265625 P
r0.47601318359375 Q
b100 1
b100001 3
r-0.2920540366321802 T
r0.4760252526029944 U
1-
#6890000
0-
#6895000
b101101000101001001111001000 J
b10000100000101001011101101011 K
b101101000100101001111001000 L
b10000100000100101011101101011 M
b1111000011001001 #
b1111000011001001 H
b1011110010101 "
b1011110010101 I
b1010110011011101001011100010 E
b11111010110101001000000011100110 F
b11111011010000000000001001110100 D
b1011110000100101100111011111 G
b1110101000110011 B
b1110011100001 C
b1010101100100000 @
b10011001110011 A
b1011010100100000 +
b1011010100100000 8
b1110101010001000 ,
b1110101010001000 9
b1011100001001011 )
b1011100001001011 6
b100011000100111 *
b100011000100111 7
r-0.402252197265625 X
r0.131256103515625 Y
r-0.93743896484375 V
r0.832061767578125 W
b1010100010 2
b100110 5
b1010100010 4
r3.683380782604218e-06 R
r6.593763828277588e-06 S
r-0.20703125 P
r-0.48284912109375 Q
b100 1
b100010 3
r-0.2070349333807826 T
r-0.4828425273299217 U
1-
#6900000
0-
#6905000
b111110011001001101110111000001001 J
b111111101000111000100011110110011 K
b111110011001001101010111000001001 L
b111111101000111000000011110110011 M
b1011010100100000 B
b1110101010001000 C
b1011100001001011 @
b100011000100111 A
b11110110011011001110011100100000 E
b11111100101110011100011011101001 F
b111001110100101011101100000 D
b100010101100101111100010011 G
b101101000101 #
b101101000101 H
b10000100000101 "
b10000100000101 I
b1100110010000011 +
b1100110010000011 8
b1000011001101 ,
b1000011001101 9
b1000100000000010 )
b1000100000000010 6
b110101010000001 *
b110101010000001 7
r0.98211669921875 X
r-0.222686767578125 Y
r0.862060546875 V
r-0.552459716796875 W
b1010100011 2
b100111 5
b1010100011 4
r1.191720366477966e-05 R
r1.329928636550903e-06 S
r-0.118865966796875 P
r0.184234619140625 Q
b100 1
b100011 3
r-0.1188778840005398 T
r0.1842332892119884 U
1-
#6910000
0-
#6915000
b111110001011111110000110110111000 J
b111100101001001010001101001011000 K
b111110001011111101100110110111000 L
b111100101001001001101101001011000 M
b1110011001001101 #
b1110011001001101 H
b1111101000111000 "
b1111101000111000 I
b110000000110111010111011000 E
b11101011011110110101011111100000 F
b10100111110010001000001100000 D
b11111010000111011110101010111000 G
b1100110010000011 B
b1000011001101 C
b1000100000000010 @
b110101010000001 A
b111110110110110 +
b111110110110110 8
b1110001101111111 ,
b1110001101111111 9
b110111001011000 )
b110111001011000 6
b1011100101001001 *
b1011100101001001 7
r0.05419921875 X
r0.538726806640625 Y
r-0.911407470703125 V
r0.283782958984375 W
b1010100100 2
b101000 5
b1010100100 4
r1.054257154464722e-05 R
r9.675510227680206e-06 S
r0.088043212890625 P
r0.257965087890625 Q
b100 1
b100100 3
r0.08803267031908035 T
r0.2579554123803973 U
1-
#6920000
0-
#6925000
b111100010101101001001010110011101 J
b111101110110110110110100001000111 K
b111100010101101000101010110011101 L
b111101110110110110010100001000111 M
b111110110110110 B
b1110001101111111 C
b110111001011000 @
b1011100101001001 A
b11111000001000000000100110011010 E
b11101010100101000100110000000011 F
b11000001000100011000100000110 D
b110111111010101100101001101 G
b1110001011111110 #
b1110001011111110 H
b1100101001001010 "
b1100101001001010 I
b11011110000 +
b11011110000 8
b100010011110101 ,
b100010011110101 9
b1000101101010111 )
b1000101101010111 6
b10010001010011 *
b10010001010011 7
r0.174835205078125 X
r0.7938232421875 Y
r-0.275543212890625 V
r0.7982177734375 W
b1010100101 2
b101001 5
b1010100101 4
r1.097563654184341e-05 R
r1.835636794567108e-06 S
r-0.200775146484375 P
r-0.045166015625 Q
b100 1
b100101 3
r-0.2007641708478332 T
r-0.04516417998820543 U
1-
#6930000
0-
#6935000
b111010000111111010110010010001110 J
b111010001101100000111101110100111 K
b111010000111111010010010010001110 L
b111010001101100000011101110100111 M
b1100010101101001 #
b1100010101101001 H
b1101110110110110 "
b1101110110110110 I
b11110011101101101100010110101000 E
b11011101010001100101111011100110 F
b110110001011110110101010010000 D
b111110111111010011000110111 G
b11011110000 B
b100010011110101 C
b1000101101010111 @
b10010001010011 A
b1011001100001 +
b1011001100001 8
b110010110011100 ,
b110010110011100 9
b1101110010111011 )
b1101110010111011 6
b110011000101100 *
b110011000101100 7
r-0.491851806640625 X
r0.205291748046875 Y
r-0.9888916015625 V
r0.433837890625 W
b1010100110 2
b101010 5
b1010100110 4
r1.198798418045044e-05 R
r8.977949619293213e-06 S
r-0.22662353515625 P
r-0.41961669921875 Q
b100 1
b100110 3
r-0.2266355231404305 T
r-0.4196256771683693 U
1-
#6940000
0-
#6945000
b111100001100011111011011000010011 J
b1100111100100110001111011111 K
b111100001100011110111011000010011 L
b1100111100100010001111011111 M
b1011001100001 B
b110010110011100 C
b1101110010111011 @
b110011000101100 A
b11100000100100110111011001000011 E
b111110111111111111010000 F
b11111100110101101010101110010000 D
b1001110010001100111101101111 G
b1010000111111010 #
b1010000111111010 H
b1010001101100000 "
b1010001101100000 I
b1100000100001011 +
b1100000100001011 8
b1101001000111 ,
b1101001000111 9
b1000000101101100 )
b1000000101101100 6
b11011110001000 *
b11011110001000 7
r-0.395538330078125 X
r0.1656494140625 Y
r-0.666046142578125 V
r0.323486328125 W
b1010100111 2
b101011 5
b1010100111 4
r1.010578125715256e-05 R
r9.602867066860199e-06 S
r-0.457733154296875 P
r-0.26788330078125 Q
b100 1
b100111 3
r-0.4577432600781322 T
r-0.2678736979141831 U
1-
#6950000
0-
#6955000
b111111010111011110000011110100000 J
b101011101000110010100111110101 K
b111111010111011101100011110100000 L
b101011101000101110100111110101 M
b1100001100011111 #
b1100001100011111 H
b1100111100100 "
b1100111100100 I
b11110010000000000100100011110100 E
b1000111011100111111010101100 F
b11111100111010101011010011011011 D
b101000100011011001111011010000 G
b1100000100001011 B
b1101001000111 C
b1000000101101100 @
b11011110001000 A
b1100110101011111 +
b1100110101011111 8
b1010100110100 ,
b1010100110100 9
b1010101010111111 )
b1010101010111111 6
b10100101101000 *
b10100101101000 7
r-0.14361572265625 X
r0.10833740234375 Y
r0.932952880859375 V
r0.6253662109375 W
b1010101000 2
b101100 5
b1010101000 4
r8.715316653251648e-06 R
r1.422222703695297e-05 S
r-0.73455810546875 P
r-0.7236328125 Q
b100 1
b101000 3
r-0.7345493901520967 T
r-0.723618590272963 U
1-
#6960000
0-
#6965000
b111100101010110100000011111001100 J
b111100110100100100111101100010100 K
b111100101010110011100011111001100 L
b111100110100100100011101100010100 M
b1100110101011111 B
b1010100110100 C
b1010101010111111 @
b10100101101000 A
b11110011000000011101110011110100 E
b11110010010101111110101011011000 F
b11111001000001111101110100100 D
b101101100110011011010111000 G
b1111010111011110 #
b1111010111011110 H
b101011101000110 "
b101011101000110 I
b1110110110011110 +
b1110110110011110 8
b110111011110 ,
b110111011110 9
b111011101101011 )
b111011101101011 6
b101000000001100 *
b101000000001100 7
r0.546234130859375 X
r-0.722442626953125 Y
r-0.5914306640625 V
r-0.66705322265625 W
b1010101001 2
b101101 5
b1010101001 4
r2.366490662097931e-06 R
r8.552335202693939e-06 S
r-0.475616455078125 P
r0.2022705078125 Q
b100 1
b101001 3
r-0.4756188215687871 T
r0.2022790601477027 U
1-
#6970000
0-
#6975000
b111110000110000000011111101100100 J
b111110010100100011110000100111111 K
b111110000101111111111111101100100 L
b111110010100100011010000100111111 M
b1100101010110100 #
b1100101010110100 H
b1100110100100100 "
b1100110100100100 I
b11111000111100000101100111001100 E
b11110111110011111010010110011000 F
b10000110111000100111111100001 D
b11011011011111000100100000 G
b1110110110011110 B
b110111011110 C
b111011101101011 @
b101000000001100 A
b100010111101011 +
b100010111101011 8
b1010001110000111 ,
b1010001110000111 9
b1011010001001100 )
b1011010001001100 6
b1010101010011110 *
b1010101010011110 7
r0.70465087890625 X
r-0.94915771484375 Y
r0.490997314453125 V
r-0.096893310546875 W
b1010101010 2
b101110 5
b1010101010 4
r1.344084739685059e-05 R
r5.255453288555145e-06 S
r-0.07916259765625 P
r0.68182373046875 Q
b100 1
b101010 3
r-0.07917603850364685 T
r0.6818184750154614 U
1-
#6980000
0-
#6985000
b101110001100000100110010 J
b1100111010011000001101011110 K
b101110001000000100110010 L
b1100111010010100001101011110 M
b100010111101011 B
b1010001110000111 C
b1011010001001100 @
b1010101010011110 A
b110011101111111110111001010 E
b11111010010000001000001101101000 F
b11110111011011001100001100001010 D
b100010101100000011001101000 G
b1110000110000000 #
b1110000110000000 H
b1110010100100011 "
b1110010100100011 I
b101101000110010 +
b101101000110010 8
b1000011010000010 ,
b1000011010000010 9
b11111011011001 )
b11111011011001 6
b1111001110011001 *
b1111001110011001 7
r0.497894287109375 X
r0.408294677734375 Y
r-0.9578857421875 V
r0.5467529296875 W
b1010101011 2
b101111 5
b1010101011 4
r1.33998692035675e-05 R
r1.40853226184845e-05 S
r-0.4163818359375 P
r-0.3973388671875 Q
b100 1
b101011 3
r-0.4163952358067036 T
r-0.3973247818648815 U
1-
#6990000
0-
#6995000
b100000001101110110100011110 J
b110011100001001101010110001110 K
b100000001101010110100011110 L
b110011100001001001010110001110 M
b101110001 #
b101110001 H
b1100111010011 "
b1100111010011 I
b11011010110000111100000010100 E
b11101000101011100011010100001010 F
b11101011010100101111110111000100 D
b11110110101111001001101010010 G
b101101000110010 B
b1000011010000010 C
b11111011011001 @
b1111001110011001 A
b11111110111011 +
b11111110111011 8
b11010001000011 ,
b11010001000011 9
b1000010101100100 )
b1000010101100100 6
b100010111111100 *
b100010111111100 7
r-0.636383056640625 X
r0.641815185546875 Y
r0.758453369140625 V
r-0.47503662109375 W
b1010101100 2
b110000 5
b1010101100 4
r1.452863216400146e-07 R
r7.926486432552338e-06 S
r-0.23828125 P
r-0.209869384765625 Q
b100 1
b101100 3
r-0.2382813952863216 T
r-0.2098614582791924 U
1-
#7000000
0-
#7005000
b111011101110011100001111000010100 J
b111101111101111100111100101010000 K
b111011101110011011101111000010100 L
b111101111101111100011100101010000 M
b11111110111011 B
b11010001000011 C
b1000010101100100 @
b100010111111100 A
b11100010001011001000000000110010 E
b11111011101000010101110111100010 F
b10110001001001001000001100010 D
b101111000101100100110110010 G
b100000001101 #
b100000001101 H
b110011100001001 "
b110011100001001 I
b1010111010001011 +
b1010111010001011 8
b101001000100111 ,
b101001000100111 9
b110000100010101 )
b110000100010101 6
b1100001100110010 *
b1100001100110010 7
r0.613250732421875 X
r0.898529052734375 Y
r0.54412841796875 V
r0.29486083984375 W
b1010101101 2
b110001 5
b1010101101 4
r2.849847078323364e-07 R
r1.445598900318146e-05 S
r0.011260986328125 P
r0.201751708984375 Q
b100 1
b101101 3
r0.01126127131283283 T
r0.2017372529953718 U
1-
#7010000
0-
#7015000
b111111000011001001001110001000000 J
b101100110011111011010011101000 K
b111111000011001000101110001000000 L
b101100110011110111010011101000 M
b1011101110011100 #
b1011101110011100 H
b1101111101111100 "
b1101111101111100 I
b11100110111110000011100100101100 E
b10001011011000010001100010100 F
b11100001011110100000110000001100 D
b1110010010011000000011110100 G
b1010111010001011 B
b101001000100111 C
b110000100010101 @
b1100001100110010 A
b100111001111111 +
b100111001111111 8
b111001100000011 ,
b111001100000011 9
b100010110100110 )
b100010110100110 6
b10010110111110 *
b10010110111110 7
r0.719970703125 X
r-0.3482666015625 Y
r-0.977630615234375 V
r-0.151123046875 W
b1010101110 2
b110010 5
b1010101110 4
r1.075677573680878e-05 R
r5.13903796672821e-06 S
r0.062896728515625 P
r0.804962158203125 Q
b100 1
b101110 3
r0.06290748529136181 T
r0.8049672972410917 U
1-
#7020000
0-
#7025000
b110010100000001011110001011001 J
b1011011000010000010000110111 K
b110010100000000111110001011001 L
b1011011000001100010000110111 M
b100111001111111 B
b111001100000011 C
b100010110100110 @
b10010110111110 A
b11111001001111000010000110011 E
b10011010110001111100000100110 F
b11100001000110111111110001100111 D
b11101100011111001100000010011110 G
b1111000011001001 #
b1111000011001001 H
b101100110011111 "
b101100110011111 I
b101110000101000 +
b101110000101000 8
b1101001101101100 ,
b1101001101101100 9
b1000001011011101 )
b1000001011011101 6
b1110110010101000 *
b1110110010101000 7
r-0.98907470703125 X
r0.69366455078125 Y
r0.154693603515625 V
r-0.908905029296875 W
b1010101111 2
b110011 5
b1010101111 4
r8.087605237960815e-06 R
r1.36643648147583e-05 S
r-0.5343017578125 P
r-0.2540283203125 Q
b100 1
b101111 3
r-0.534309845417738 T
r-0.2540146559476852 U
1-
#7030000
0-
#7035000
b101010110111010100000000110100 J
b111111011100110011110100111100000 K
b101010110111010000000000110100 L
b111111011100110011010100111100000 M
b110010100000001 #
b110010100000001 H
b1011011000010 "
b1011011000010 I
b11111010010100110001011110010 E
b1011100100101001110101000010 F
b10101010110110010000101011010 D
b10000111101001100101100111010 G
b101110000101000 B
b1101001101101100 C
b1000001011011101 @
b1110110010101000 A
b1000000101100110 +
b1000000101100110 8
b101100011001010 ,
b101100011001010 9
b1001111001101 )
b1001111001101 6
b1000101110101001 *
b1000101110101001 7
r0.98260498046875 X
r-0.2569580078125 Y
r0.43585205078125 V
r-0.405548095703125 W
b1010110000 2
b110100 5
b1010110000 4
r8.523464202880859e-06 R
r2.644956111907959e-06 S
r-0.118865966796875 P
r0.700164794921875 Q
b100 1
b110000 3
r-0.1188744902610779 T
r0.7001621499657631 U
1-
#7040000
0-
#7045000
b1110110100111111011001111100 J
b110000011010101011000001011000 K
b1110110100111011011001111100 L
b110000011010100111000001011000 M
b1000000101100110 B
b101100011001010 C
b1001111001101 @
b1000101110101001 A
b10101110010100101110000111100 E
b11111001000010010101101001000000 F
b11010010111100111101111010001000 D
b11010111100100111011100000 G
b101010110111010 #
b101010110111010 H
b1111011100110011 "
b1111011100110011 I
b111110111000110 +
b111110111000110 8
b1101111100011100 ,
b1101111100011100 9
b11011111001010 )
b11011111001010 6
b1100110000010111 *
b1100110000010111 7
r-0.042144775390625 X
r-0.73797607421875 Y
r-0.365753173828125 V
r0.58251953125 W
b1010110001 2
b110101 5
b1010110001 4
r8.707866072654724e-07 R
r1.42538920044899e-05 S
r0.789093017578125 P
r0.17779541015625 Q
b100 1
b110001 3
r0.7890921467915177 T
r0.1777811562642455 U
1-
#7050000
0-
#7055000
b1000000011001110010011000011000 J
b111100001011100010101101010101100 K
b1000000011001101110011000011000 L
b111100001011100010001101010101100 M
b1110110100111 #
b1110110100111 H
b110000011010101 "
b110000011010101 I
b110110111100001011111000010 E
b111001100010001100111001010110 F
b11110110001101010011000010101110 D
b11010111101001100100101101011010 G
b111110111000110 B
b1101111100011100 C
b11011111001010 @
b1100110000010111 A
b1111101010011011 +
b1111101010011011 8
b1010000110001010 ,
b1010000110001010 9
b1101000100101111 )
b1101000100101111 6
b100101010010000 *
b100101010010000 7
r-0.6964111328125 X
r0.57562255859375 Y
r0.545440673828125 V
r-0.520263671875 W
b1010110010 2
b110110 5
b1010110010 4
r4.842877388000488e-08 R
r9.98377799987793e-06 S
r0.66973876953125 P
r-0.068756103515625 Q
b100 1
b110010 3
r0.6697388179600239 T
r-0.06874611973762512 U
1-
#7060000
0-
#7065000
b111011111010101000110010011100010 J
b111101011010000101101001101001000 K
b111011111010101000010010011100010 L
b111101011010000101001001101001000 M
b1111101010011011 B
b1010000110001010 C
b1101000100101111 @
b100101010010000 A
b11111000110101010001000000011000 E
b11100110011111110001010011001010 F
b11011011010001100100000111100 D
b110101010110101101110000100 G
b111111111111111 #
b111111111111111 H
b1100001011100010 "
b1100001011100010 I
b1010011011011100 +
b1010011011011100 8
b100100110101110 ,
b100100110101110 9
b100010111010001 )
b100010111010001 6
b1011110101101000 *
b1011110101101000 7
r0.92779541015625 X
r-0.112274169921875 Y
r0.728515625 V
r0.87359619140625 W
b1010110011 2
b110111 5
b1010110011 4
r1.299008727073669e-05 R
r3.732740879058838e-06 S
r0.231658935546875 P
r0.756500244140625 Q
b100 1
b110011 3
r0.2316719256341457 T
r0.7564965113997459 U
1-
#7070000
0-
#7075000
b1111101101000101011110000110 J
b111100011100000000111010000101011 K
b1111101101000001011110000110 L
b111100011100000000011010000101011 M
b1011111010101000 #
b1011111010101000 H
b1101011010000101 "
b1101011010000101 I
b10001010001100101001001010110 E
b11111110011011011100010100110000 F
b111111001000110101110101 D
b11100100011111001100000110100000 G
b1010011011011100 B
b100100110101110 C
b100010111010001 @
b1011110101101000 A
b111011011000010 +
b111011011000010 8
b1111000110100001 ,
b1111000110100001 9
b101110101000000 )
b101110101000000 6
b110111111010010 *
b110111111010010 7
r-0.72564697265625 X
r0.287322998046875 Y
r0.693450927734375 V
r0.23284912109375 W
b1010110100 2
b111000 5
b1010110100 4
r0 R
r6.359070539474487e-06 S
r0.999969482421875 P
r-0.47747802734375 Q
b100 1
b110100 3
r0.999969482421875 T
r-0.4774716682732105 U
1-
#7080000
0-
#7085000
b101011010010001000001001101110 J
b101001001010001111100010100 K
b101011010010000100001001101110 L
b101001001001101111100010100 M
b111011011000010 B
b1111000110100001 C
b101110101000000 @
b110111111010010 A
b10100000110000000110100001110 E
b10111001100000011010101100000 F
b11100111101100001000010110011100 D
b11101100110101010110010010110000 G
b1111101101000 #
b1111101101000 H
b1100011100000000 "
b1100011100000000 I
b1010001100011110 +
b1010001100011110 8
b10010011000111 ,
b10010011000111 9
b101100011000011 )
b101100011000011 6
b1110111001110 *
b1110111001110 7
r-0.464935302734375 X
r-0.661346435546875 Y
r0.508270263671875 V
r0.225341796875 W
b1010110101 2
b111001 5
b1010110101 4
r8.793547749519348e-06 R
r4.597008228302002e-06 S
r-0.510498046875 P
r-0.324066162109375 Q
b100 1
b110101 3
r-0.5104892533272505 T
r-0.3240615651011467 U
1-
#7090000
0-
#7095000
b101110101000111010111001100100 J
b111001110011101110001101010010010 K
b101110101000110110111001100100 L
b111001110011101101101101010010010 M
b101011010010001 #
b101011010010001 H
b101001001010 "
b101001001010 I
b11111010110000111110010101000000 E
b110011110111111000100100100100 F
b101011010000100010101010000000 D
b11111001101110010000010100010010 G
b1010001100011110 B
b10010011000111 C
b101100011000011 @
b1110111001110 A
b1100010001111101 +
b1100010001111101 8
b1010101101011001 ,
b1010101101011001 9
b100000100001111 )
b100000100001111 6
b1110011011000 *
b1110011011000 7
r0.296783447265625 X
r-0.6507568359375 Y
r0.2952880859375 V
r0.978851318359375 W
b1010110110 2
b111010 5
b1010110110 4
r5.608424544334412e-06 R
r1.243781298398972e-05 S
r0.245361328125 P
r-0.4453125 Q
b100 1
b110110 3
r0.2453669365495443 T
r-0.445300062187016 U
1-
#7100000
0-
#7105000
b1111100000101001110111001 J
b100100011111001101001101001000 K
b1111100000001001110111001 L
b100100011111001001001101001000 M
b1100010001111101 B
b1010101101011001 C
b100000100001111 @
b1110011011000 A
b1100110000000110101110010101 E
b11110101001011111010100000100100 F
b11011111110010111000111111011010 D
b100010010000010001100100010 G
b101110101000111 #
b101110101000111 H
b1001110011101110 "
b1001110011101110 I
b10010111111101 +
b10010111111101 8
b1010110010110100 ,
b1010110010110100 9
b10010111001100 )
b10010111001100 6
b111110101001011 *
b111110101001011 7
r0.343109130859375 X
r0.909332275390625 Y
r-0.41583251953125 V
r-0.870330810546875 W
b1010110111 2
b111011 5
b1010110111 4
r1.467950642108917e-05 R
r7.849186658859253e-06 S
r0.676300048828125 P
r0.08038330078125 Q
b100 1
b110111 3
r0.6762853693217039 T
r0.08037545159459114 U
1-
#7110000
0-
#7115000
b111100011110010000101100010101111 J
b101100101100100111011000101 K
b111100011110010000001100010101111 L
b101100101100000111011000101 M
b1111100000 #
b1111100000 H
b100100011111001 "
b100100011111001 I
b11101010011111001010001100110111 E
b11111001010010110111010101111000 F
b11110000111000000100000001010011 D
b11110110011101100100111100011000 G
b10010111111101 B
b1010110010110100 C
b10010111001100 @
b111110101001011 A
b10101111101011 +
b10101111101011 8
b111010001100101 ,
b111010001100101 9
b1100101011000110 )
b1100101011000110 6
b1001000010011001 *
b1001000010011001 7
r0.829193115234375 X
r-0.20355224609375 Y
r-0.008148193359375 V
r0.001312255859375 W
b1010111000 2
b111100 5
b1010111000 4
r4.198402166366577e-06 R
r8.923932909965515e-06 S
r0.728729248046875 P
r-0.77398681640625 Q
b100 1
b111000 3
r0.7287250496447086 T
r-0.77399574033916 U
1-
#7120000
0-
#7125000
b110010010111000110110001111 J
b111010001100111111110011000100000 K
b110010010110100110110001111 L
b111010001100111111010011000100000 M
b10101111101011 B
b111010001100101 C
b1100101011000110 @
b1001000010011001 A
b11110011101100111010001101110000 E
b10010100101111010101000011111 F
b101100110111101011010011100 D
b11010111001110110111110010111100 G
b1100011110010000 #
b1100011110010000 H
b101100101100 "
b101100101100 I
b110101000100011 +
b110101000100011 8
b1110010111110010 ,
b1110010111110010 9
b1111111011110101 )
b1111111011110101 6
b101011 *
b101011 7
r-0.45196533203125 X
r0.839141845703125 Y
r-0.803314208984375 V
r0.758514404296875 W
b1010111001 2
b111101 5
b1010111001 4
r4.702247679233551e-06 R
r4.597008228302002e-06 S
r0.0302734375 P
r0.570098876953125 Q
b100 1
b111001 3
r0.03027813974767923 T
r0.5701034739613533 U
1-
#7130000
0-
#7135000
b111010100101100000110011110010001 J
b111010110011110110011101010011011 K
b111010100101100000010011110010001 L
b111010110011110101111101010011011 M
b110010010111 #
b110010010111 H
b1010001100111111 "
b1010001100111111 I
b11100111110011001011100000011110 E
b11101100111000110110111101110011 F
b11110110110111100110010111000010 D
b11001101010110010110000001011101 G
b110101000100011 B
b1110010111110010 C
b1111111011110101 @
b101011 A
b1100011000100110 +
b1100011000100110 8
b110101101101001 ,
b110101101101001 9
b1001100100101101 )
b1001100100101101 6
b110000100010111 *
b110000100010111 7
r-0.492401123046875 X
r-0.166717529296875 Y
r-0.323150634765625 V
r-0.12091064453125 W
b1010111010 2
b111110 5
b1010111010 4
r5.885027348995209e-06 R
r3.521330654621124e-06 S
r-0.44091796875 P
r0.0872802734375 Q
b100 1
b111010 3
r-0.440912083722651 T
r0.08728379476815462 U
1-
#7140000
0-
#7145000
b1011010100000001111011 J
b11010101001001000100111 K
b1011010000000001111011 L
b11010100101001000100111 M
b1100011000100110 B
b110101101101001 C
b1001100100101101 @
b110000100010111 A
b110110010110010011010 E
b100011101001111100001 F
b11111111100100010100110101111111 D
b11111111111110111001111110100110 G
b1010100101100000 #
b1010100101100000 H
b1010110011110110 "
b1010110011110110 I
b1100000011111001 +
b1100000011111001 8
b1110101010101001 ,
b1110101010101001 9
b1101011010100011 )
b1101011010100011 6
b1111000010000110 *
b1111000010000110 7
r-0.462799072265625 X
r0.105010986328125 Y
r-0.81915283203125 V
r-0.211883544921875 W
b1010111011 2
b111111 5
b1010111011 4
r1.202616840600967e-05 R
r9.08970832824707e-06 S
r0.098358154296875 P
r-0.724639892578125 Q
b100 1
b111011 3
r0.09834612812846899 T
r-0.7246308028697968 U
1-
#7150000
0-
#7155000
b110111110111010110001010111011111 J
b10001100000000010010011000001 K
b110111110111010101101010111011111 L
b10001011111111110010011000001 M
b1011010 #
b1011010 H
b11010101 "
b11010101 I
b11010100110110111010001001110101 E
b11101010000011110011001101101010 F
b10111001111001000101010101110 D
b101000101111000110111101101111 G
b1100000011111001 B
b1110101010101001 C
b1101011010100011 @
b1111000010000110 A
b1100010011000011 +
b1100010011000011 8
b110101110001 ,
b110101110001 9
b1001011100100110 )
b1001011100100110 6
b1110010011100001 *
b1110010011100001 7
r0.141693115234375 X
r-0.18621826171875 Y
r-0.600830078125 V
r0.998046875 W
b1010111100 2
b0 5
b1010111100 4
r9.433366358280182e-06 R
r1.286156475543976e-06 S
r-0.6767578125 P
r-0.64874267578125 Q
b100 1
b111100 3
r-0.6767483791336417 T
r-0.6487439619377255 U
1-
#7160000
0-
#7165000
b111010000100110000111110001 J
b111110111000110110111111111101011 K
b111010000100010000111110001 L
b111110111000110110011111111101011 M
b1100010011000011 B
b110101110001 C
b1001011100100110 @
b1110010011100001 A
b11011100101010111110011011 E
b11110011110111001001010110 F
b1010001011110000010010001011 D
b1010010100100010001110110 G
b1000000000000000 #
b1000000000000000 H
b10001100000000 "
b10001100000000 I
b1001000100011 +
b1001000100011 8
b1110100000101010 ,
b1110100000101010 9
b1011001100011000 )
b1011001100011000 6
b111111111000000 *
b111111111000000 7
r-0.677154541015625 X
r-0.41046142578125 Y
r0.806121826171875 V
r-0.40179443359375 W
b1010111101 2
b1 5
b1010111101 4
r1.145526766777039e-07 R
r1.093093305826187e-05 S
r0.00274658203125 P
r0.006500244140625 Q
b100 1
b111101 3
r0.002746696583926678 T
r0.006489313207566738 U
1-
#7170000
0-
#7175000
b110001011000000100101001 J
b111100110010100000111101001011111 K
b110001010100000100101001 L
b111100110010100000011101001011111 M
b111010000100 #
b111010000100 H
b1110111000110110 "
b1110111000110110 I
b11111010011111101010010111000110 E
b110010001101001101101100011 F
b11000010000110011100111110010 D
b11111110100100110111010001010001 G
b1001000100011 B
b1110100000101010 C
b1011001100011000 @
b111111111000000 A
b1010100101010011 +
b1010100101010011 8
b1100101101110110 ,
b1100101101110110 9
b110011100101111 )
b110011100101111 6
b1100110010010010 *
b1100110010010010 7
r0.5859375 X
r-0.402618408203125 Y
r-0.859893798828125 V
r-0.56219482421875 W
b1010111110 2
b10 5
b1010111110 4
r0 R
r6.495974957942963e-06 S
r-1 P
r0.2734375 Q
b100 1
b111110 3
r-1 T
r0.2734310040250421 U
1-
#7180000
0-
#7185000
b10000001101100101100100110000 J
b111111001100011100000100100111000 K
b10000001101100001100100110000 L
b111111001100011011100100100111000 M
b1010100101010011 B
b1100101101110110 C
b110011100101111 @
b1100110010010010 A
b111001010010010000111110000 E
b1001000011001111011101000000 F
b11111010100011010010110001001000 D
b11110100000110101111010110000000 G
b110001011 #
b110001011 H
b1100110010100000 "
b1100110010100000 I
b100101100000000 +
b100101100000000 8
b1100110001110111 ,
b1100110001110111 9
b1001000111101111 )
b1001000111101111 6
b1011100000001010 *
b1011100000001010 7
r0.85076904296875 X
r0.623992919921875 Y
r0.491363525390625 V
r-0.153839111328125 W
b1010111111 2
b11 5
b1010111111 4
r8.092261850833893e-06 R
r1.523923128843307e-05 S
r0.1134033203125 P
r-0.13897705078125 Q
b100 1
b111111 3
r0.1134114125743508 T
r-0.1389618115499616 U
1-
#7190000
0-
#7195000
b111111100001111001100101000000000 J
b101101011111011101011000001111 K
b111111100001111001000101000000000 L
b101101011111011001011000001111 M
b10000001101100 #
b10000001101100 H
b1111001100011100 "
b1111001100011100 I
b11101010110100101101010010101010 E
b10001011010011011010101010110 F
b11011101000100000111101100111101 D
b1010100011100001000101001100 G
b100101100000000 B
b1100110001110111 C
b1001000111101111 @
b1011100000001010 A
b110110011100110 +
b110110011100110 8
b100111111011111 ,
b100111111011111 9
b11111011100101 )
b11111011100101 6
b1110110001001111 *
b1110110001001111 7
r-0.514251708984375 X
r-0.72088623046875 Y
r-0.534088134765625 V
r-0.7666015625 W
b1011000000 2
b100 5
b1011000000 4
r1.49821862578392e-05 R
r1.39167532324791e-05 S
r0.012054443359375 P
r-0.4013671875 Q
b100 1
b0 3
r0.01203946117311716 T
r-0.4013532707467675 U
1-
#7200000
0-
#7205000
b1000100110111100000011001 J
b101110101110111011111110100110 K
b1000100110011100000011001 L
b101110101110110111111110100110 M
b110110011100110 B
b100111111011111 C
b11111011100101 @
b1110110001001111 A
b10110001010000100101000011001 E
b11101010111010101110111000000000 F
b11011111110000010000010100000000 D
b1110011111001000010010100110 G
b1111100001111001 #
b1111100001111001 H
b101101011111011 "
b101101011111011 I
b1011111000101101 +
b1011111000101101 8
b1010001110111010 ,
b1010001110111010 9
b1011101110100011 )
b1011101110100011 6
b1001110111100000 *
b1001110111100000 7
r-0.816253662109375 X
r0.906097412109375 Y
r0.394439697265625 V
r0.41632080078125 W
b1011000001 2
b101 5
b1011000001 4
r6.005167961120605e-06 R
r1.306086778640747e-05 S
r0.2532958984375 P
r-0.1007080078125 Q
b100 1
b1 3
r0.2533019036054611 T
r-0.1007210686802864 U
1-
#7210000
0-
#7215000
b1011001111110101011101110101 J
b111011111000110100101110000010011 K
b1011001111110001011101110101 L
b111011111000110100001110000010011 M
b1000100110 #
b1000100110 H
b101110101110111 "
b101110101110111 I
b10011100111110111010001111011 E
b11110111100111111010001011111010 F
b11010110000010001110110111110 D
b11111001110110110011100111010001 G
b1011111000101101 B
b1010001110111010 C
b1011101110100011 @
b1001110111100000 A
b1001011110000101 +
b1001011110000101 8
b111001111111011 ,
b111001111111011 9
b11001001111101 )
b11001001111101 6
b11010101001010 *
b11010101001010 7
r0.898468017578125 X
r-0.70477294921875 Y
r-0.945098876953125 V
r-0.987945556640625 W
b1011000010 2
b110 5
b1011000010 4
r2.384185791015625e-06 R
r5.259178578853607e-06 S
r-0.058807373046875 P
r0.710784912109375 Q
b100 1
b10 3
r-0.05880498886108398 T
r0.7107901712879539 U
1-
#7220000
0-
#7225000
b110001110111110101110111001110 J
b10001110010101001111100011001 K
b110001110111110001110111001110 L
b10001110010100101111100011001 M
b1001011110000101 B
b111001111111011 C
b11001001111101 @
b11010101001010 A
b11000101001000001110101101110 E
b11001001110110000000001100000 F
b10001100100111111010110100111 D
b100011010111100101010011000000 G
b1011001111110 #
b1011001111110 H
b1011111000110100 "
b1011111000110100 I
b111001100000001 +
b111001100000001 8
b1010010111001010 ,
b1010010111001010 9
b1000011100000111 )
b1000011100000111 6
b1000000110001011 *
b1000000110001011 7
r0.560211181640625 X
r-0.20672607421875 Y
r-0.122711181640625 V
r-0.255767822265625 W
b1011000011 2
b111 5
b1011000011 4
r1.337472349405289e-05 R
r8.381903171539307e-08 S
r0.01678466796875 P
r0.730194091796875 Q
b100 1
b11 3
r0.01679804269224405 T
r0.7301940079778433 U
1-
#7230000
0-
#7235000
b1001000000011110100000001 J
b101100101111111100011110011101 K
b1000111111111110100000001 L
b101100101111111000011110011101 M
b110001110111110 #
b110001110111110 H
b10001110010101 "
b10001110010101 I
b10110110111111010011110001111 E
b11101010010000000101010101110010 F
b11101011011001001111010111110001 D
b11000001001000111110110001110 G
b111001100000001 B
b1010010111001010 C
b1000011100000111 @
b1000000110001011 A
b100011110110101 +
b100011110110101 8
b1110010110001010 ,
b1110010110001010 9
b1111000001001011 )
b1111000001001011 6
b1101111101000011 *
b1101111101000011 7
r0.78955078125 X
r-0.096343994140625 Y
r-0.9000244140625 V
r-0.995147705078125 W
b1011000100 2
b1000 5
b1011000100 4
r5.592592060565948e-06 R
r6.693415343761444e-06 S
r0.17572021484375 P
r-0.5140380859375 Q
b100 1
b100 3
r0.1757258074358106 T
r-0.5140313925221562 U
1-
#7240000
0-
#7245000
b111110001110100100100000100010001 J
b1100010111010000110001010100111 K
b111110001110100100000000100010001 L
b1100010111010000010001010100111 M
b100011110110101 B
b1110010110001010 C
b1111000001001011 @
b1101111101000011 A
b101010101000010000111010000110 E
b11000111001100001111001010001011 F
b11001001101001111010110000000111 D
b101100100011111100111010101110 G
b1001000000 #
b1001000000 H
b101100101111111 "
b101100101111111 I
b110010100010000 +
b110010100010000 8
b1111001110101011 ,
b1111001110101011 9
b1000110011001100 )
b1000110011001100 6
b1000000010011111 *
b1000000010011111 7
r0.327911376953125 X
r0.9703369140625 Y
r-0.15435791015625 V
r-0.4842529296875 W
b1011000101 2
b1001 5
b1011000101 4
r7.105991244316101e-06 R
r7.844530045986176e-06 S
r0.77923583984375 P
r0.277984619140625 Q
b100 1
b101 3
r0.7792429458349943 T
r0.277976774610579 U
1-
#7250000
0-
#7255000
b111111000011101000100111011001101 J
b111110010001101011100010111 K
b111111000011101000000111011001101 L
b111110010001001011100010111 M
b1110001110100100 #
b1110001110100100 H
b111111111111111 "
b111111111111111 I
b1100111111001111101101110 E
b11110110110101000110111101011111 F
b11111011100110011011001000000111 D
b11011000100100100100011110 G
b110010100010000 B
b1111001110101011 C
b1000110011001100 @
b1000000010011111 A
b10100111111001 +
b10100111111001 8
b111110000110100 ,
b111110000110100 9
b1110110000111110 )
b1110110000111110 6
b1100001000000100 *
b1100001000000100 7
r-0.596343994140625 X
r0.039459228515625 Y
r0.5859375 V
r0.4334716796875 W
b1011000110 2
b1010 5
b1011000110 4
r7.14324414730072e-07 R
r1.815147697925568e-06 S
r0.017578125 P
r0.699188232421875 Q
b100 1
b110 3
r0.01757741067558527 T
r0.6991900475695729 U
1-
#7260000
0-
#7265000
b111010011010000111011010100110100 J
b110011100111011100111001110101 K
b111010011010000110111010100110100 L
b110011100111011000111001110101 M
b10100111111001 B
b111110000110100 C
b1110110000111110 @
b1100001000000100 A
b101100011001011000001000100 E
b11001101101101101100010011110000 F
b11010010100001010100100011000000 D
b110001000101101011100110101 G
b1111000011101000 #
b1111000011101000 H
b111110010001 "
b111110010001 I
b1011001110101011 +
b1011001110101011 8
b10100001101 ,
b10100001101 9
b100101100000000 )
b100101100000000 6
b11011101111100 *
b11011101111100 7
r0.752410888671875 X
r0.49261474609375 Y
r-0.0361328125 V
r-0.25872802734375 W
b1011000111 2
b1011 5
b1011000111 4
r2.542510628700256e-07 R
r0 S
r-0.2215576171875 P
r0.999969482421875 Q
b100 1
b111 3
r-0.2215573629364371 T
r0.999969482421875 U
1-
#7270000
0-
#7275000
b111101100010000001001111001111100 J
b111100101001010101110001010000010 K
b111101100010000000101111001111100 L
b111100101001010101010001010000010 M
b1010011010000111 #
b1010011010000111 H
b110011100111011 "
b110011100111011 I
b11110110011010100000010010011000 E
b11110101110101100101100111100100 F
b11111100110000101011011001001110 D
b11100001111011010101100011010000 G
b1011001110101011 B
b10100001101 C
b100101100000000 @
b11011101111100 A
b110000001001111 +
b110000001001111 8
b11111100001110 ,
b11111100001110 9
b1111101101100000 )
b1111101101100000 6
b1101111011100010 *
b1101111011100010 7
r-0.4893798828125 X
r-0.45477294921875 Y
r0.4417724609375 V
r-0.728057861328125 W
b1011001000 2
b1100 5
b1011001000 4
r3.528781235218048e-06 R
r5.505047738552094e-06 S
r-0.117919921875 P
r0.121612548828125 Q
b100 1
b1000 3
r-0.1179163930937648 T
r0.1216180538758636 U
1-
#7280000
0-
#7285000
b111110000111011111101001011010100 J
b10111011101010110010001001100 K
b111110000111011111001001011010100 L
b10111011101010010010001001100 M
b110000001001111 B
b11111100001110 C
b1111101101100000 @
b1101111011100010 A
b1011110101100111100000000 E
b11101111011101001100001111010100 F
b11101001101000110001100100000000 D
b1000110000011110101001100 G
b1101100010000001 #
b1101100010000001 H
b1100101001010101 "
b1100101001010101 I
b1100000101011100 +
b1100000101011100 8
b1100010111001010 ,
b1100010111001010 9
b11100010001100 )
b11100010001100 6
b1010001011001111 *
b1010001011001111 7
r0.70068359375 X
r0.20391845703125 Y
r0.744873046875 V
r0.20513916015625 W
b1011001001 2
b1101 5
b1011001001 4
r2.574175596237183e-06 R
r3.446824848651886e-06 S
r-0.699005126953125 P
r0.806488037109375 Q
b100 1
b1001 3
r-0.6990077011287212 T
r0.8064914839342237 U
1-
#7290000
0-
#7295000
b111110010011001110010011011111110 J
b111111001100101010111101110111100 K
b111110010011001101110011011111110 L
b111111001100101010011101110111100 M
b1110000111011111 #
b1110000111011111 H
b10111011101010 "
b10111011101010 I
b11111110110111000101111101000000 E
b11110011100010101000011110111110 F
b11111110010000101001001010100000 D
b11110111110101111100111001011100 G
b1100000101011100 B
b1100010111001010 C
b11100010001100 @
b1010001011001111 A
b101100110110000 +
b101100110110000 8
b1101000011010 ,
b1101000011010 9
b101111101011000 )
b101111101011000 6
b1101001000010 *
b1101001000010 7
r0.5267333984375 X
r0.77667236328125 Y
r0.5679931640625 V
r0.38330078125 W
b1011001010 2
b1110 5
b1011001010 4
r7.990747690200806e-06 R
r8.227303624153137e-06 S
r-0.308563232421875 P
r-0.419281005859375 Q
b100 1
b1010 3
r-0.3085712231695652 T
r-0.4192727785557508 U
1-
#7300000
0-
#7305000
b1001111100100010101111011100 J
b100011000001110010010000000110 K
b1001111100011110101111011100 L
b100011000001101110010000000110 M
b101100110110000 B
b1101000011010 C
b101111101011000 @
b1101001000010 A
b11110011001001000101101001111000 E
b10110110011011001000101100100 F
b11110010001010011101111001010000 D
b10101001100001100001001010110 G
b1110010011001110 #
b1110010011001110 H
b1111001100101010 "
b1111001100101010 I
b100001101101100 +
b100001101101100 8
b110001101101010 ,
b110001101101010 9
b100100010110100 )
b100100010110100 6
b11000100010000 *
b11000100010000 7
r-0.80023193359375 X
r0.529449462890625 Y
r0.514923095703125 V
r0.289520263671875 W
b1011001011 2
b1111 5
b1011001011 4
r4.488974809646606e-06 R
r8.653849363327026e-06 S
r-0.235382080078125 P
r0.36651611328125 Q
b100 1
b1011 3
r-0.2353775911033154 T
r0.3665247671306133 U
1-
#7310000
0-
#7315000
b10010111010111101111001010000 J
b111100001010001100111101000110100 K
b10010111010111001111001010000 L
b111100001010001100011101000110100 M
b1001111100100 #
b1001111100100 H
b100011000001110 "
b100011000001110 I
b1001101110001001111011110000 E
b1001001100101111111101100000 F
b100001011001110010010010000000 D
b10101011010101111010110100 G
b100001101101100 B
b110001101101010 C
b100100010110100 @
b11000100010000 A
b1001100110010010 +
b1001100110010010 8
b100001111000101 ,
b100001111000101 9
b100000111101001 )
b100000111101001 6
b10010100001111 *
b10010100001111 7
r0.510711669921875 X
r-0.4169921875 Y
r-0.260986328125 V
r0.031341552734375 W
b1011001100 2
b10000 5
b1011001100 4
r5.962327122688293e-06 R
r1.42417848110199e-05 S
r-0.21246337890625 P
r-0.10028076171875 Q
b100 1
b1100 3
r-0.2124693412333727 T
r-0.100266519933939 U
1-
#7320000
0-
#7325000
b101001001001111101100101001000 J
b111111111111001111111100010110000 K
b101001001001111001100101001000 L
b111111111111001111011100010110000 M
b1001100110010010 B
b100001111000101 C
b100000111101001 @
b10010100001111 A
b11100001110111011011010001000 E
b1100111010111110001011000000 F
b10011001001011100011111110000 D
b10011000011011000000010100000 G
b10010111010111 #
b10010111010111 H
b1100001010001100 "
b1100001010001100 I
b100000101011111 +
b100000101011111 8
b1100101010100000 ,
b1100101010100000 9
b1101111010011000 )
b1101111010011000 6
b10000000011 *
b10000000011 7
r0.870330810546875 X
r0.643829345703125 Y
r-0.746490478515625 V
r-0.82598876953125 W
b1011001101 2
b10001 5
b1011001101 4
r4.801899194717407e-06 R
r6.670132279396057e-06 S
r0.1553955078125 P
r0.54730224609375 Q
b100 1
b1101 3
r0.1553907059133053 T
r0.5472955759614706 U
1-
#7330000
0-
#7335000
b10100111110000110011011011 J
b100100001011101101100110101001 K
b10100111101100110011011011 L
b100100001011101001100110101001 M
b101001001001111 #
b101001001001111 H
b1111111111001111 "
b1111111111001111 I
b10001011100101011001101001101 E
b11110001001011000001100110001110 F
b11100101101000001101011111100010 D
b1001110011110111000110001011 G
b100000101011111 B
b1100101010100000 C
b1101111010011000 @
b10000000011 A
b110111101100111 +
b110111101100111 8
b101001001101001 ,
b101001001101001 9
b1010000001110011 )
b1010000001110011 6
b1001011001000110 *
b1001011001000110 7
r0.0347900390625 X
r-0.337493896484375 Y
r0.380584716796875 V
r0.767364501953125 W
b1011001110 2
b10010 5
b1011001110 4
r7.227063179016113e-06 R
r1.387670636177063e-05 S
r0.295623779296875 P
r-0.4801025390625 Q
b100 1
b1110 3
r0.295631006360054 T
r-0.4800886623561382 U
1-
#7340000
0-
#7345000
b111111111011000111100011101 J
b111101100011110110101111000 K
b111111111010100111100011101 L
b111101100011010110101111000 M
b110111101100111 B
b101001001101001 C
b1010000001110011 @
b1001011001000110 A
b110111101110000111100000000 E
b1000001100100000000011101 F
b11110111011110000011001001101000 D
b11111111001010011101111111100000 G
b10100111110 #
b10100111110 H
b100100001011101 "
b100100001011101 I
b10001110100 +
b10001110100 8
b1101010011001101 ,
b1101010011001101 9
b11000010110111 )
b11000010110111 6
b110001000111001 *
b110001000111001 7
r-0.76470947265625 X
r0.01397705078125 Y
r-0.691925048828125 V
r0.409576416015625 W
b1011001111 2
b10011 5
b1011001111 4
r6.027519702911377e-06 R
r1.351535320281982e-05 S
r0.643035888671875 P
r-0.001495361328125 Q
b100 1
b1111 3
r0.6430419161915779 T
r-0.00148184597492218 U
1-
#7350000
0-
#7355000
b110110011001110111011010101010101 J
b111100010111110001101110001 K
b110110011001110110111010101010101 L
b111100010111010001101110001 M
b111111111011 #
b111111111011 H
b111101100011 "
b111101100011 I
b11100001001111011010010100101011 E
b11010001111111011101000000101010 F
b11010110011010110110101101000101 D
b11011101111101110000111010110110 G
b10001110100 B
b1101010011001101 C
b11000010110111 @
b110001000111001 A
b1001111000011110 +
b1001111000011110 8
b111001010 ,
b111001010 9
b1010011101101111 )
b1010011101101111 6
b11010001101101 *
b11010001101101 7
r-0.069091796875 X
r0.29278564453125 Y
r0.221954345703125 V
r0.69183349609375 W
b1011010000 2
b10100 5
b1011010000 4
r1.219380646944046e-05 R
r6.117857992649078e-06 S
r0.04095458984375 P
r0.565338134765625 Q
b100 1
b10000 3
r0.04094239603728056 T
r0.5653442526236176 U
1-
#7360000
0-
#7365000
b111111001011111010011010001011111 J
b111101110100101000010110010111001 K
b111111001011111001111010001011111 L
b111101110100100111110110010111001 M
b1001111000011110 B
b111001010 C
b1010011101101111 @
b11010001101101 A
b11110111110001111000111010001011 E
b1101101010110010111010100 F
b110110001110111011101100 D
b11101111011011001101101110100101 G
b1000000000000000 #
b1000000000000000 H
b111100010111 "
b111100010111 I
b1111011100101000 +
b1111011100101000 8
b10010101111010 ,
b10010101111010 9
b1110001101001 )
b1110001101001 6
b101100010001110 *
b101100010001110 7
r-0.096710205078125 X
r-0.6827392578125 Y
r0.984039306640625 V
r0.867828369140625 W
b1011010001 2
b10101 5
b1011010001 4
r1.165550202131271e-05 R
r1.084059476852417e-05 S
r0.124847412109375 P
r0.120208740234375 Q
b100 1
b10001 3
r0.1248357566073537 T
r0.1202195808291435 U
1-
#7370000
0-
#7375000
b111101011010101100011011101011100 J
b111011110100000001110101000000000 K
b111101011010101011111011101011100 L
b111011110100000001010101000000000 M
b1111001011111010 #
b1111001011111010 H
b1101110100101000 "
b1101110100101000 I
b11111111011000011000110010010110 E
b11101011111101000110101011000110 F
b100001110111010010000100000010 D
b10111011100101100000010 G
b1111011100101000 B
b10010101111010 C
b1110001101001 @
b101100010001110 A
b1111001110011111 +
b1111001110011111 8
b1010100010011100 ,
b1010100010011100 9
b111110111110101 )
b111110111110101 6
b110111100010101 *
b110111100010101 7
r0.91168212890625 X
r-0.5634765625 Y
r0.82330322265625 V
r-0.908843994140625 W
b1011010010 2
b10110 5
b1011010010 4
r0 R
r8.449889719486237e-06 S
r-1 P
r0.117889404296875 Q
b100 1
b10010 3
r-1 T
r0.1178978541865945 U
1-
#7380000
0-
#7385000
b1000110011100111100111010 J
b1101111100100011101001000100 K
b1000110011000111100111010 L
b1101111100011111101001000100 M
b1111001110011111 B
b1010100010011100 C
b111110111110101 @
b110111100010101 A
b100001010001011011100001010 E
b11111100111100001101100000110000 F
b11111111000001001011111101101000 D
b1100111101101011100110101100 G
b1101011010101100 #
b1101011010101100 H
b1011110100000001 "
b1011110100000001 I
b111010010110010 +
b111010010110010 8
b1011011111100000 ,
b1011011111100000 9
b110100101100010 )
b110100101100010 6
b1000101110101011 *
b1000101110101011 7
r-0.372528076171875 X
r0.734161376953125 Y
r-0.990478515625 V
r0.06536865234375 W
b1011010011 2
b10111 5
b1011010011 4
r2.77254730463028e-06 R
r4.596076905727386e-06 S
r-0.10174560546875 P
r-0.272216796875 Q
b100 1
b10011 3
r-0.1017483780160546 T
r-0.2722213929519057 U
1-
#7390000
0-
#7395000
b111001111101000011011011001010111 J
b111100000001010111110111010100001 K
b111001111101000010111011001010111 L
b111100000001010111010111010100001 M
b1000110011 #
b1000110011 H
b1101111100100 "
b1101111100100 I
b11010101000000001000100101001100 E
b11111010101000001110110100001011 F
b11111001111010001100101000101011 D
b11011010000101000111100011001100 G
b111010010110010 B
b1011011111100000 C
b110100101100010 @
b1000101110101011 A
b1101000001010001 +
b1101000001010001 8
b101110111111001 ,
b101110111111001 9
b1000000100111000 )
b1000000100111000 6
b100001011110 *
b100001011110 7
r-0.93341064453125 X
r0.22174072265625 Y
r0.9781494140625 V
r0.4493408203125 W
b1011010100 2
b11000 5
b1011010100 4
r2.060085535049438e-06 R
r1.001358032226562e-05 S
r-0.3228759765625 P
r-0.523406982421875 Q
b100 1
b10100 3
r-0.322878036648035 T
r-0.5233969688415527 U
1-
#7400000
0-
#7405000
b110101101010010000001110010100110 J
b111110000101111010000010001111100 K
b110101101010001111101110010100110 L
b111110000101111001100010001111100 M
b1101000001010001 B
b101110111111001 C
b1000000100111000 @
b100001011110 A
b11100010010011110100001111000000 E
b11001010111110001001100011100110 F
b110000000010011010111000100100 D
b100000110001100111001010100000 G
b1001111101000011 #
b1001111101000011 H
b1100000001010111 "
b1100000001010111 I
b1000100010000110 +
b1000100010000110 8
b1110001100010 ,
b1110001100010 9
b111110100110100 )
b111110100110100 6
b11100110000100 *
b11100110000100 7
r-0.761077880859375 X
r-0.383392333984375 Y
r-0.12481689453125 V
r-0.137176513671875 W
b1011010101 2
b11001 5
b1011010101 4
r3.630295395851135e-06 R
r1.367181539535522e-06 S
r0.017181396484375 P
r0.2178955078125 Q
b100 1
b10101 3
r0.01718502677977085 T
r0.2178941406309605 U
1-
#7410000
0-
#7415000
b111001111111001110100110100110110 J
b111101011011101010010011010110110 K
b111001111111001110000110100110110 L
b111101011011101001110011010110110 M
b1000000000000000 #
b1000000000000000 H
b1110000101111010 "
b1110000101111010 I
b11010001011101100000011101111000 E
b11111110011100010000010110111110 F
b10111100111010110001010111000 D
b11000100100100100101101110 G
b1000100010000110 B
b1110001100010 C
b111110100110100 @
b11100110000100 A
b1001111010010101 +
b1001111010010101 8
b1100111011101101 ,
b1100111011101101 9
b1111000000000110 )
b1111000000000110 6
b1110111001110001 *
b1110111001110001 7
r-0.766937255859375 X
r0.79736328125 Y
r0.990570068359375 V
r0.834747314453125 W
b1011010110 2
b11010 5
b1011010110 4
r2.303160727024078e-06 R
r1.111719757318497e-05 S
r-0.755767822265625 P
r-0.497344970703125 Q
b100 1
b10110 3
r-0.755770125426352 T
r-0.4973338535055518 U
1-
#7420000
0-
#7425000
b111110011000010100001100100000000 J
b1000000110011111000101101010000 K
b111110011000010011101100100000000 L
b1000000110011110100101101010000 M
b1001111010010101 B
b1100111011101101 C
b1111000000000110 @
b1110111001110001 A
b1101111000011001110111101000 E
b11100101001010000011101100011000 F
b11000101100100010010100100111000 D
b110011000000111010010001000 G
b1001111111001110 #
b1001111111001110 H
b1101011011101010 "
b1101011011101010 I
b1001110111010101 +
b1001110111010101 8
b110011000010000 ,
b110011000010000 9
b111111011001011 )
b111111011001011 6
b110101011011001 *
b110101011011001 7
r0.45538330078125 X
r-0.469329833984375 Y
r0.04913330078125 V
r0.539215087890625 W
b1011010111 2
b11011 5
b1011010111 4
r0 R
r1.418963074684143e-05 S
r-1 P
r-0.23846435546875 Q
b100 1
b10111 3
r-1 T
r-0.2384785450994968 U
1-
#7430000
0-
#7435000
b1001101111101100111101010011 J
b111111101010010011000010100011111 K
b1001101111101000111101010011 L
b111111101010010010100010100011111 M
b1110011000010100 #
b1110011000010100 H
b111111111111111 "
b111111111111111 I
b11000100000000100110001110 E
b110101011101000010111000101 F
b110000101000110011101111110 D
b11010111011010110010011101 G
b1001110111010101 B
b110011000010000 C
b111111011001011 @
b110101011011001 A
b11101001001010 +
b11101001001010 8
b1100001111101101 ,
b1100001111101101 9
b11001001010 )
b11001001010 6
b100010100000101 *
b100010100000101 7
r0.242462158203125 X
r-0.4364013671875 Y
r-0.172332763671875 V
r0.661834716796875 W
b1011011000 2
b11100 5
b1011011000 4
r3.149732947349548e-06 R
r6.029382348060608e-06 S
r-0.75152587890625 P
r-0.32098388671875 Q
b100 1
b11000 3
r-0.7515227291733027 T
r-0.3209899161010981 U
1-
#7440000
0-
#7445000
b1001100101000000101000111101 J
b1011011001110000110010110101001 K
b1001100100111100101000111101 L
b1011011001110000010010110101001 M
b11101001001010 B
b1100001111101101 C
b11001001010 @
b100010100000101 A
b110010100011001100111010110000 E
b11010111000001101111101110001101 F
b11001111011000001111110111100111 D
b101010100110010010001110010000 G
b1001101111101 #
b1001101111101 H
b1111101010010011 "
b1111101010010011 I
b1111100001001 +
b1111100001001 8
b1100100000100100 ,
b1100100000100100 9
b1110100111110001 )
b1110100111110001 6
b101010010110111 *
b101010010110111 7
r0.56475830078125 X
r0.674591064453125 Y
r-0.9332275390625 V
r-0.758880615234375 W
b1011011001 2
b11101 5
b1011011001 4
r9.298324584960938e-06 R
r0 S
r-0.2025146484375 P
r0.999969482421875 Q
b100 1
b11001 3
r-0.202523946762085 T
r0.999969482421875 U
1-
#7450000
0-
#7455000
b1110001111011000010111110100 J
b111101110010111110101111100111101 K
b1110001111010100010111110100 L
b111101110010111110001111100111101 M
b1001100101000 #
b1001100101000 H
b111111111111111 "
b111111111111111 I
b11111110100001100011000010000010 E
b1111101101110001010101110010 F
b1011011101001010101100100 D
b11101111110011011011010010100001 G
b1111100001001 B
b1100100000100100 C
b1110100111110001 @
b101010010110111 A
b100100001001010 +
b100100001001010 8
b101011001011001 ,
b101011001011001 9
b1000100010001100 )
b1000100010001100 6
b1001111011011101 *
b1001111011011101 7
r0.041351318359375 X
r-0.22247314453125 Y
r-0.85321044921875 V
r-0.17218017578125 W
b1011011010 2
b11110 5
b1011011010 4
r3.653578460216522e-06 R
r1.403782516717911e-05 S
r0.152252197265625 P
r-0.042388916015625 Q
b100 1
b11010 3
r0.1522558508440852 T
r-0.04240295384079218 U
1-
#7460000
0-
#7465000
b1111000101011001000101010011 J
b111110000001100001011100101000011 K
b1111000101010101000101010011 L
b111110000001100000111100101000011 M
b100100001001010 B
b101011001011001 C
b1000100010001100 @
b1001111011011101 A
b100110100000010110111100100 E
b1010010001010010001101101111 F
b11111101010100110110100001111001 D
b11101101100000111110000110111100 G
b1110001111011 #
b1110001111011 H
b1101110010111110 "
b1101110010111110 I
b10101001011 +
b10101001011 8
b1110001110000110 ,
b1110001110000110 9
b1001001011001010 )
b1001001011001010 6
b1110100111110110 *
b1110100111110110 7
r0.983673095703125 X
r-0.328125 Y
r-0.50445556640625 V
r0.80682373046875 W
b1011011011 2
b11111 5
b1011011011 4
r1.281779259443283e-05 R
r0 S
r0.149658203125 P
r0.999969482421875 Q
b100 1
b11011 3
r0.1496453853324056 T
r0.999969482421875 U
1-
#7470000
0-
#7475000
b110111100010001111101010010001110 J
b111101111110000001011101 K
b110111100010001111001010010001110 L
b111101111010000001011101 M
b1111000101011 #
b1111000101011 H
b1110000001100001 "
b1110000001100001 I
b11010111101101011000000010101100 E
b11100100100100100001001111100010 F
b11011110010001001101100001111000 D
b11011111001111000111100011010101 G
b10101001011 B
b1110001110000110 C
b1001001011001010 @
b1110100111110110 A
b111110111101001 +
b111110111101001 8
b1101011000000000 ,
b1101011000000000 9
b1011111101101110 )
b1011111101101110 6
b110011101000110 *
b110011101000110 7
r0.687469482421875 X
r-0.466522216796875 Y
r0.197967529296875 V
r-0.775543212890625 W
b1011011100 2
b100000 5
b1011011100 4
r1.383945345878601e-05 R
r7.447786629199982e-06 S
r0.222503662109375 P
r-0.27545166015625 Q
b100 1
b11100 3
r0.2224898226559162 T
r-0.2754442123696208 U
1-
#7480000
0-
#7485000
b1011101100011000110011001110 J
b100101101011110010110010110 K
b1011101100010100110011001110 L
b100101101011010010110010110 M
b111110111101001 B
b1101011000000000 C
b1011111101101110 @
b110011101000110 A
b1100001001011111001110111100 E
b11111111100010110101100100010010 F
b11111101101111011111001100101110 D
b10011100111001100011000100 G
b1000000000000000 #
b1000000000000000 H
b111101111 "
b111101111 I
b101011111111111 +
b101011111111111 8
b1100010001001001 ,
b1100010001001001 9
b1100101010111 )
b1100101010111 6
b1001110010111011 *
b1001110010111011 7
r-0.308746337890625 X
r0.73907470703125 Y
r-0.22509765625 V
r0.965667724609375 W
b1011011101 2
b100001 5
b1011011101 4
r1.112837344408035e-05 R
r1.6065314412117e-06 S
r0.235687255859375 P
r-0.247039794921875 Q
b100 1
b11101 3
r0.2356761274859309 T
r-0.2470414014533162 U
1-
#7490000
0-
#7495000
b111101011000110110000010110110 J
b1110110100001101001011100010 K
b111101011000110010000010110110 L
b1110110100001001001011100010 M
b1011101100011 #
b1011101100011 H
b100101101011 "
b100101101011 I
b1010100101111111010000000000 E
b110010110010110010110010110110 F
b11100000001111011111000100011110 D
b11101111000011101000010000000000 G
b101011111111111 B
b1100010001001001 C
b1100101010111 @
b1001110010111011 A
b1101100001111011 +
b1101100001111011 8
b101111010011010 ,
b101111010011010 9
b1110001100110000 )
b1110001100110000 6
b111101110011011 *
b111101110011011 7
r-0.7791748046875 X
r-0.881439208984375 Y
r-0.398773193359375 V
r0.624664306640625 W
b1011011110 2
b100010 5
b1011011110 4
r0 R
r7.71600753068924e-06 S
r-1 P
r0.015106201171875 Q
b100 1
b11110 3
r-1 T
r0.01511391717940569 U
1-
#7500000
0-
#7505000
b111010111111101111100000100010100 J
b1110011100100100111010101010 K
b111010111111101111000000100010100 L
b1110011100100000111010101010 M
b1101100001111011 B
b101111010011010 C
b1110001100110000 @
b111101110011011 A
b11111010000101101101010111001111 E
b11011101111000001010101101000101 F
b1000101101011100111010101001 D
b10111001001111101110101010011 G
b111101011000110 #
b111101011000110 H
b1110110100001 "
b1110110100001 I
b1001110001000100 +
b1001110001000100 8
b1000111100101101 ,
b1000111100101101 9
b1100110011110101 )
b1100110011110101 6
b100111111110101 *
b100111111110101 7
r-0.462493896484375 X
r0.228912353515625 Y
r-0.069000244140625 V
r-0.0877685546875 W
b1011011111 2
b100011 5
b1011011111 4
r1.220591366291046e-05 R
r8.961185812950134e-06 S
r0.182708740234375 P
r0.073577880859375 Q
b100 1
b11111 3
r0.1826965343207121 T
r0.07358684204518795 U
1-
#7510000
0-
#7515000
b111100010010001011011011001011001 J
b101001001110101101110100101110 K
b111100010010001010111011001011001 L
b101001001110101001110100101110 M
b1010111111101111 #
b1010111111101111 H
b1110011100100 "
b1110011100100 I
b11110101010110100100101011100000 E
b11101100111010110010101101111001 F
b100011100101010100000010000 D
b101101101011010100010100111110 G
b1001110001000100 B
b1000111100101101 C
b1100110011110101 @
b100111111110101 A
b1100010011001101 +
b1100010011001101 8
b1110101001101 ,
b1110101001101 9
b1111011100101011 )
b1111011100101011 6
b1111010011000100 *
b1111010011000100 7
r0.409881591796875 X
r-0.25689697265625 Y
r-0.0010986328125 V
r0.944366455078125 W
b1011100000 2
b100100 5
b1011100000 4
r7.798895239830017e-06 R
r4.502013325691223e-06 S
r0.95916748046875 P
r0.231475830078125 Q
b100 1
b100000 3
r0.9591752793639898 T
r0.2314803320914507 U
1-
#7520000
0-
#7525000
b111110111010110001010101100100101 J
b111001000111000000110101111111101 K
b111110111010110000110101100100101 L
b111001000111000000010101111111101 M
b1100010011001101 B
b1110101001101 C
b1111011100101011 @
b1111010011000100 A
b10110011111101110001000010001 E
b11100000110110011000100100010100 F
b10011111000101011110100010100 D
b11011100110000101110100100010001 G
b1100010010001011 #
b1100010010001011 H
b101001001110101 "
b101001001110101 I
b11010001110111 +
b11010001110111 8
b1101111100011110 ,
b1101111100011110 9
b1111111111011100 )
b1111111111011100 6
b111100011100001 *
b111100011100001 7
r0.427032470703125 X
r0.54815673828125 Y
r0.16668701171875 V
r0.25537109375 W
b1011100001 2
b100101 5
b1011100001 4
r2.570450305938721e-07 R
r3.496184945106506e-06 S
r-0.625518798828125 P
r0.2257080078125 Q
b100 1
b100001 3
r-0.6255185417830944 T
r0.2257115039974451 U
1-
#7530000
0-
#7535000
b1100101101000011111100011 J
b111111100101011000011100110000101 K
b1100101100100011111100011 L
b111111100101010111111100110000101 M
b1110111010110001 #
b1110111010110001 H
b1001000111000000 "
b1001000111000000 I
b11111110111111010011011011101111 E
b10100110010001000011110100 F
b10000010101101100101101111 D
b11111110101101101101001011110100 G
b11010001110111 B
b1101111100011110 C
b1111111111011100 @
b111100011100001 A
b11011010101001 +
b11011010101001 8
b100011000101010 ,
b100011000101010 9
b1010101010110 )
b1010101010110 6
b10000010110000 *
b10000010110000 7
r-0.627471923828125 X
r-0.353973388671875 Y
r-0.416900634765625 V
r0.879150390625 W
b1011100010 2
b100110 5
b1011100010 4
r2.301298081874847e-06 R
r6.956979632377625e-06 S
r-0.464508056640625 P
r0.644195556640625 Q
b100 1
b100010 3
r-0.4645103579387069 T
r0.6442025136202574 U
1-
#7540000
0-
#7545000
b11000110010101100010001011111 J
b111110000100000001100101000011010 K
b11000110010101000010001011111 L
b111110000100000001000101000011010 M
b11011010101001 B
b100011000101010 C
b1010101010110 @
b10000010110000 A
b1001001111111001000 E
b11000110001011110010010010111 F
b11111111111110001001111101000100 D
b11110000011110010010100101011110 G
b1100101101 #
b1100101101 H
b1111100101011000 "
b1111100101011000 I
b1010111110101111 +
b1010111110101111 8
b1101001010110001 ,
b1101001010110001 9
b1100101010100011 )
b1100101010100011 6
b111000010001000 *
b111000010001000 7
r-0.6224365234375 X
r-0.54931640625 Y
r0.32635498046875 V
r-0.657196044921875 W
b1011100011 2
b100111 5
b1011100011 4
r4.97233122587204e-06 R
r1.04876235127449e-05 S
r-0.135223388671875 P
r-0.861328125 Q
b100 1
b100011 3
r-0.1352283610031009 T
r-0.8613176373764873 U
1-
#7550000
0-
#7555000
b1100110100111111100001001100 J
b100011001111000001100011010 K
b1100110100111011100001001100 L
b100011001110100001100011010 M
b11000110010101 #
b11000110010101 H
b1110000100000001 "
b1110000100000001 I
b101110110010000010000011100 E
b110111110101011010000110000 F
b100100011100011100111000110 D
b1000111101010111110011100000 G
b1010111110101111 B
b1101001010110001 C
b1100101010100011 @
b111000010001000 A
b1011000001010100 +
b1011000001010100 8
b1011100110110000 ,
b1011100110110000 9
b10100111000110 )
b10100111000110 6
b1010101111100001 *
b1010101111100001 7
r0.072265625 X
r-0.4244384765625 Y
r0.497833251953125 V
r-0.08404541015625 W
b1011100100 2
b101000 5
b1011100100 4
r1.337844878435135e-05 R
r1.545064151287079e-06 S
r0.024810791015625 P
r-0.052001953125 Q
b100 1
b100100 3
r0.02479741256684065 T
r-0.05200349818915129 U
1-
#7560000
0-
#7565000
b111100110001000111111010110101011 J
b111011011010101111010101110011011 K
b111100110001000111011010110101011 L
b111011011010101110110101110011011 M
b1011000001010100 B
b1011100110110000 C
b10100111000110 @
b1010101111100001 A
b1001011100011101000010110011 E
b11011100101100011110010011111000 F
b10000101111011111001001101101 D
b11101100000101010101111000001000 G
b1100110100111 #
b1100110100111 H
b100011001111 "
b100011001111 I
b100101000000 +
b100101000000 8
b1100100110101100 ,
b1100100110101100 9
b11111110111001 )
b11111110111001 6
b1111010100111110 *
b1111010100111110 7
r0.453643798828125 X
r0.70526123046875 Y
r0.235595703125 V
r-0.04010009765625 W
b1011100101 2
b101001 5
b1011100101 4
r1.04214996099472e-06 R
r2.408400177955627e-06 S
r0.387359619140625 P
r-0.242156982421875 Q
b100 1
b100101 3
r0.387360661290586 T
r-0.242154574021697 U
1-
#7570000
0-
#7575000
b1110101101010010001111110100 J
b100100000110110010111010111000 K
b1110101101001110001111110100 L
b100100000110101110111010111000 M
b1100110001000111 #
b1100110001000111 H
b1011011010101111 "
b1011011010101111 I
b11110100100001101100111000100000 E
b11010001011100001010111010100 F
b11110010111111111101010011111000 D
b10111000110101100001110110000 G
b100101000000 B
b1100100110101100 C
b11111110111001 @
b1111010100111110 A
b11101000010001 +
b11101000010001 8
b101101001000110 ,
b101101001000110 9
b1111000101000 )
b1111000101000 6
b1111101011011110 *
b1111101011011110 7
r-0.31072998046875 X
r-0.355560302734375 Y
r0.116546630859375 V
r-0.280181884765625 W
b1011100110 2
b101010 5
b1011100110 4
r1.342222094535828e-05 R
r1.451931893825531e-05 S
r0.200408935546875 P
r0.068817138671875 Q
b100 1
b100110 3
r0.2004223577678204 T
r0.06880261935293674 U
1-
#7580000
0-
#7585000
b111110010000101101100111011001100 J
b111111111111110110100010001101000 K
b111110010000101101000111011001100 L
b111111111111110110000010001101000 M
b11101000010001 B
b101101001000110 C
b1111000101000 @
b1111101011011110 A
b11110010011110100001000101001100 E
b11111111100111000111110110000000 F
b10010011010110111101000000 D
b10010010000111001110101000 G
b1110101101010 #
b1110101101010 H
b100100000110110 "
b100100000110110 I
b1101100000111010 +
b1101100000111010 8
b1101001001111101 ,
b1101001001111101 9
b111011101011 )
b111011101011 6
b1101110000100011 *
b1101110000100011 7
r0.575103759765625 X
r0.138763427734375 Y
r0.916229248046875 V
r-0.595703125 W
b1011100111 2
b101011 5
b1011100111 4
r1.279544085264206e-05 R
r4.862435162067413e-06 S
r-0.404083251953125 P
r-0.572784423828125 Q
b100 1
b100111 3
r-0.4040704565122724 T
r-0.5727892862632871 U
1-
#7590000
0-
#7595000
b1001011110001000001110101110 J
b111110111010110011101010000001100 K
b1001011110000100001110101110 L
b111110111010110011001010000001100 M
b1110010000101101 #
b1110010000101101 H
b1111111111110110 "
b1111111111110110 I
b1010101000100100111011110000 E
b11111110110101011111010010111110 F
b110110101110001000010101000 D
b11111110001100001010010010110100 G
b1101100000111010 B
b1101001001111101 C
b111011101011 @
b1101110000100011 A
b100100110011101 +
b100100110011101 8
b1000111000011 ,
b1000111000011 9
b111010101000111 )
b111010101000111 6
b1011001111000000 *
b1011001111000000 7
r0.866485595703125 X
r-0.439453125 Y
r-0.805572509765625 V
r-0.1043701171875 W
b1011101000 2
b101100 5
b1011101000 4
r6.686896085739136e-06 R
r4.120171070098877e-06 S
r0.22979736328125 P
r0.56414794921875 Q
b100 1
b101000 3
r0.2297906763851643 T
r0.5641438290476799 U
1-
#7600000
0-
#7605000
b10111010111011011010101101 J
b1000101100011100100111011001 K
b10111010110111011010101101 L
b1000101100011000100111011001 M
b100100110011101 B
b1000111000011 C
b111010101000111 @
b1011001111000000 A
b11111101010110010000111010111111 E
b101100100100110011111101110 F
b11111101101011101010100100111110 D
b110011000000011001100010111 G
b1001011110001 #
b1001011110001 H
b1110111010110011 "
b1110111010110011 I
b110111011101001 +
b110111011101001 8
b1100011111000000 ,
b1100011111000000 9
b1001100011100011 )
b1001100011100011 6
b1111001010100100 *
b1111001010100100 7
r-0.799224853515625 X
r-0.946075439453125 Y
r0.676116943359375 V
r0.934814453125 W
b1011101001 2
b101101 5
b1011101001 4
r3.527849912643433e-06 R
r1.05053186416626e-06 S
r-0.217376708984375 P
r-0.00030517578125 Q
b100 1
b101001 3
r-0.2173731811344624 T
r-0.0003041252493858337 U
1-
#7610000
0-
#7615000
b111110010001101100100100011010101 J
b111011000111111001011111110110101 K
b111110010001101100000100011010101 L
b111011000111111000111111110110101 M
b10111010111 #
b10111010111 H
b1000101100011 "
b1000101100011 I
b1000001000110000110000010101 E
b11101010000100101111110011000000 F
b100001101110010010101110001011 D
b11111010101101011010101101000000 G
b110111011101001 B
b1100011111000000 C
b1001100011100011 @
b1111001010100100 A
b1001100110110011 +
b1001100110110011 8
b1000011011100111 ,
b1000011011100111 9
b101011010001011 )
b101011010001011 6
b111011110101000 *
b111011110101000 7
r-0.169281005859375 X
r0.2322998046875 Y
r0.895660400390625 V
r0.124786376953125 W
b1011101010 2
b101110 5
b1011101010 4
r1.438148319721222e-05 R
r4.779547452926636e-06 S
r0.147979736328125 P
r-0.135162353515625 Q
b100 1
b101010 3
r0.1479653548449278 T
r-0.1351575739681721 U
1-
#7620000
0-
#7625000
b10000110111101010111010000100 J
b101111100111000000011001100101 K
b10000110111100110111010000100 L
b101111100110111100011001100101 M
b1001100110110011 B
b1000011011100111 C
b101011010001011 @
b111011110101000 A
b10110101010000001111101000000 E
b11111010001101100100111101000100 F
b11010011010100111011000010011011 D
b10111011110111011100000000 G
b1110010001101100 #
b1110010001101100 H
b1011000111111001 "
b1011000111111001 I
b1110101001010101 +
b1110101001010101 8
b1110110111100 ,
b1110110111100 9
b111001010100101 )
b111001010100101 6
b111111111001 *
b111111111001 7
r-0.113037109375 X
r-0.977508544921875 Y
r0.073883056640625 V
r-0.404144287109375 W
b1011101011 2
b101111 5
b1011101011 4
r2.223066985607147e-06 R
r2.347864210605621e-06 S
r0.045623779296875 P
r0.135833740234375 Q
b100 1
b101011 3
r0.04562155622988939 T
r0.1358360880985856 U
1-
#7630000
0-
#7635000
b110100111001111110010101111100101 J
b111101001111110111001001001100111 K
b110100111001111101110101111100101 L
b111101001111110110101001001100111 M
b10000110111101 #
b10000110111101 H
b101111100111000 "
b101111100111000 I
b11010111000011111101100101101101 E
b11010000001011110001001001111000 F
b11011101011010101001011000110001 D
b11000111011001011110100010011000 G
b1110101001010101 B
b1110110111100 C
b111001010100101 @
b111111111001 A
b1111000110001000 +
b1111000110001000 8
b1000001011100001 ,
b1000001011100001 9
b100101110101 )
b100101110101 6
b1100110001000101 *
b1100110001000101 7
r0.38873291015625 X
r0.7491455078125 Y
r0.695892333984375 V
r0.676971435546875 W
b1011101100 2
b110000 5
b1011101100 4
r2.105720341205597e-06 R
r6.984919309616089e-08 S
r-0.2154541015625 P
r-0.609588623046875 Q
b100 1
b101100 3
r-0.2154519958421588 T
r-0.6095886928960681 U
1-
#7640000
0-
#7645000
b1011111101110000100111011001 J
b1011100011110100110100010011 K
b1011111101101100100111011001 L
b1011100011110000110100010011 M
b1111000110001000 B
b1000001011100001 C
b100101110101 @
b1100110001000101 A
b1101010100001110001000101100 E
b11111110101001011110011110101101 F
b11110110010010111110001011001001 D
b1110110101110111111011100 G
b1000000000000000 #
b1000000000000000 H
b1101001111110111 "
b1101001111110111 I
b11000111000010 +
b11000111000010 8
b101111111100100 ,
b101111111100100 9
b101100100010011 )
b101100100010011 6
b101011010100111 *
b101011010100111 7
r-0.278839111328125 X
r0.05303955078125 Y
r-0.24102783203125 V
r0.41656494140625 W
b1011101101 2
b110001 5
b1011101101 4
r4.168599843978882e-06 R
r1.373421400785446e-05 S
r0.263580322265625 P
r0.743896484375 Q
b100 1
b101101 3
r0.263576153665781 T
r0.7438827501609921 U
1-
#7650000
0-
#7655000
b111111110010011010111001101111101 J
b11001110100011010011101111101 K
b111111110010011010011001101111101 L
b11001110100010110011101111101 M
b1011111101110 #
b1011111101110 H
b1011100011110 "
b1011100011110 I
b11111011011000001011100111010101 E
b10111011000111100110101000 F
b11111111011101110010101100101000 D
b11001010010001001001010100101 G
b11000111000010 B
b101111111100100 C
b101100100010011 @
b101011010100111 A
b1101110001001111 +
b1101110001001111 8
b11011001010 ,
b11011001010 9
b1110000100100110 )
b1110000100100110 6
b11010101010010 *
b11010101010010 7
r-0.201690673828125 X
r0.737060546875 Y
r-0.840576171875 V
r-0.703216552734375 W
b1011101110 2
b110010 5
b1011101110 4
r0 R
r1.087132841348648e-05 S
r-1 P
r-0.344024658203125 Q
b100 1
b101110 3
r-1 T
r-0.3440355295315385 U
1-
#7660000
0-
#7665000
b110010001101010100001101111010 J
b1111001001010100001001010110 K
b110010001101010000001101111010 L
b1111001001010000001001010110 M
b1101110001001111 B
b11011001010 C
b1110000100100110 @
b11010101010010 A
b100001010111010110000111101100 E
b10000110101111010000110001110 F
b10001010100000010001101100110 D
b100000011101010010010110111100 G
b1111110010011010 #
b1111110010011010 H
b11001110100011 "
b11001110100011 I
b1110011000101111 +
b1110011000101111 8
b101111001011000 ,
b101111001011000 9
b1001010001101000 )
b1001010001101000 6
b1010010111111101 *
b1010010111111101 7
r0.6304931640625 X
r0.13397216796875 Y
r-0.813720703125 V
r0.984954833984375 W
b1011101111 2
b110011 5
b1011101111 4
r1.291092485189438e-05 R
r3.117136657238007e-06 S
r0.18695068359375 P
r0.18060302734375 Q
b100 1
b101111 3
r0.1869377726688981 T
r0.1806061444804072 U
1-
#7670000
0-
#7675000
b111110111101111111011100001001010 J
b111111101000111010001101111111010 K
b111110111101111110111100001001010 L
b111111101000111001101101111111010 M
b110010001101010 #
b110010001101010 H
b1111001001010 "
b1111001001010 I
b11111111001011101000101111111100 E
b11111000100100001110110001001110 F
b100010011010010001010111010 D
b1011010011111111010110100 G
b1110011000101111 B
b101111001011000 C
b1001010001101000 @
b1010010111111101 A
b101000010110100 +
b101000010110100 8
b1000100100110 ,
b1000100100110 9
b1001011111011000 )
b1001011111011000 6
b111111000010011 *
b111111000010011 7
r0.514434814453125 X
r0.0889892578125 Y
r-0.40826416015625 V
r0.465606689453125 W
b1011110000 2
b110100 5
b1011110000 4
r1.227576285600662e-05 R
r5.844049155712128e-06 S
r-0.02655029296875 P
r0.403411865234375 Q
b100 1
b110000 3
r-0.02653801720589399 T
r0.4034060211852193 U
1-
#7680000
0-
#7685000
b111100001011011010011101100110011 J
b111010011111110101000010111100000 K
b111100001011011001111101100110011 L
b111010011111110100100010111100000 M
b101000010110100 B
b1000100100110 C
b1001011111011000 @
b111111000010011 A
b11011000010110010011001111000000 E
b1001000100111100011101110011 F
b1010110110011010111100011000 D
b11011110110100111111010011111000 G
b1110111101111111 #
b1110111101111111 H
b1111101000111010 "
b1111101000111010 I
b100000111011001 +
b100000111011001 8
b101101100100 ,
b101101100100 9
b1100101110111110 )
b1100101110111110 6
b11101110011001 *
b11101110011001 7
r0.56549072265625 X
r0.151611328125 Y
r0.206085205078125 V
r0.397369384765625 W
b1011110001 2
b110101 5
b1011110001 4
r8.288770914077759e-07 R
r5.569308996200562e-07 S
r0.78448486328125 P
r0.23663330078125 Q
b100 1
b110001 3
r0.7844856921583414 T
r0.2366338577121496 U
1-
#7690000
0-
#7695000
b100000110001001011011101101100 J
b101001010001111111010111110010 K
b100000110001000111011101101100 L
b101001010001111011010111110010 M
b1100001011011010 #
b1100001011011010 H
b1010011111110101 "
b1010011111110101 I
b11111001000001011110001000010000 E
b100111101111101001010101011100 F
b11011111001010100100001111100000 D
b1000011100011111100111010010 G
b100000111011001 B
b101101100100 C
b1100101110111110 @
b11101110011001 A
b100100001100010 +
b100100001100010 8
b1001101101000 ,
b1001101101000 9
b1101001100001 )
b1101001100001 6
b11001011011101 *
b11001011011101 7
r-0.189727783203125 X
r0.070220947265625 Y
r0.566680908203125 V
r-0.96185302734375 W
b1011110010 2
b110110 5
b1011110010 4
r1.838430762290955e-06 R
r8.588656783103943e-06 S
r-0.128936767578125 P
r-0.04510498046875 Q
b100 1
b110010 3
r-0.1289386060088873 T
r-0.0451135691255331 U
1-
#7700000
0-
#7705000
b1101000000010101110111101001 J
b10000000110000010100010110110 K
b1101000000010001110111101001 L
b10000000101111110100010110110 M
b100100001100010 B
b1001101101000 C
b1101001100001 @
b11001011011101 A
b11111101101011001100000000111000 E
b1111010101000101110110110001 F
b11110010100011101111001000001110 D
b10101001101101101011000100 G
b100000110001001 #
b100000110001001 H
b101001010001111 "
b101001010001111 I
b1110011110110111 +
b1110011110110111 8
b100011111101 ,
b100011111101 9
b100100010001001 )
b100100010001001 6
b1000010011100010 *
b1000010011100010 7
r0.558563232421875 X
r0.1829833984375 Y
r-0.47100830078125 V
r0.5823974609375 W
b1011110011 2
b110111 5
b1011110011 4
r1.144595444202423e-06 R
r1.385807991027832e-05 S
r-0.47772216796875 P
r-0.687835693359375 Q
b100 1
b110011 3
r-0.4777233125641942 T
r-0.6878495514392853 U
1-
#7710000
0-
#7715000
b10000011000011100101100000010 J
b111111100011001011110111110100110 K
b10000011000011000101100000010 L
b111111100011001011010111110100110 M
b1101000000010 #
b1101000000010 H
b10000000110000 "
b10000000110000 I
b1111111111110101001101000 E
b1110011000011010000010011010 F
b111011101010110000100100010 D
b11110110110001000011001000 G
b1110011110110111 B
b100011111101 C
b100100010001001 @
b1000010011100010 A
b100011101111111 +
b100011101111111 8
b1011101101100 ,
b1011101101100 9
b1100001110110110 )
b1100001110110110 6
b100101010001100 *
b100101010001100 7
r-0.726654052734375 X
r-0.200897216796875 Y
r-0.6710205078125 V
r0.254302978515625 W
b1011110100 2
b111000 5
b1011110100 4
r2.045184373855591e-06 R
r1.286156475543976e-05 S
r0.511993408203125 P
r0.644989013671875 Q
b100 1
b110100 3
r0.5119913630187511 T
r0.6450018752366304 U
1-
#7720000
0-
#7725000
b1110001110100010001011110011 J
b10100011110010101001101011 K
b1110001110011110001011110011 L
b10100011101110101001101011 M
b100011101111111 B
b1011101101100 C
b1100001110110110 @
b100101010001100 A
b10100010111111011101100101 E
b1011101011011110101110001110 F
b11111001000111100111100011101111 D
b11111011101011010110001101011010 G
b10000011000011 #
b10000011000011 H
b1111100011001011 "
b1111100011001011 I
b1010001011111101 +
b1010001011111101 8
b1110011001001001 ,
b1110011001001001 9
b1010101000011100 )
b1010101000011100 6
b10000010001101 *
b10000010001101 7
r-0.3424072265625 X
r-0.836029052734375 Y
r0.065521240234375 V
r0.000396728515625 W
b1011110101 2
b111001 5
b1011110101 4
r7.131136953830719e-06 R
r5.552545189857483e-06 S
r0.20318603515625 P
r0.25146484375 Q
b100 1
b110101 3
r0.2031931662932038 T
r0.2514592912048101 U
1-
#7730000
0-
#7735000
b1111010011011111101000111100 J
b10111101010001011010111000110 K
b1111010011011011101000111100 L
b10111101010000111010111000110 M
b1110001110100 #
b1110001110100 H
b10100011110 "
b10100011110 I
b11111010011110111110101011001000 E
b10100110100011100111101110100 F
b11101111001010011001000101001010 D
b110110100100000011100010000 G
b1010001011111101 B
b1110011001001001 C
b1010101000011100 @
b10000010001101 A
b1101010000101100 +
b1101010000101100 8
b1001010011111101 ,
b1001010011111101 9
b100001100011 )
b100001100011 6
b1101 *
b1101 7
r0.176605224609375 X
r0.10223388671875 Y
r0.07135009765625 V
r0.12579345703125 W
b1011110110 2
b111010 5
b1011110110 4
r2.624467015266418e-06 R
r1.136027276515961e-05 S
r0.255950927734375 P
r-0.056304931640625 Q
b100 1
b110110 3
r0.2559535522013903 T
r-0.05629357136785984 U
1-
#7740000
0-
#7745000
b111111100110011010100111101010101 J
b111011101100001100110000010001001 K
b111111100110011010000111101010101 L
b111011101100001100010000010001001 M
b1101010000101100 B
b1001010011111101 C
b100001100011 @
b1101 A
b1000101000001010100111111100 E
b11110100001011000110010101011001 F
b11111001101001101010110101100 D
b11111100101110101111011000110101 G
b1111010011011 #
b1111010011011 H
b10111101010001 "
b10111101010001 I
b1011010011011 +
b1011010011011 8
b110100010110 ,
b110100010110 9
b100100100010 )
b100100100010 6
b1000000011010 *
b1000000011010 7
r-0.265380859375 X
r-0.067901611328125 Y
r-0.858734130859375 V
r-0.2825927734375 W
b1011110111 2
b111011 5
b1011110111 4
r6.926245987415314e-06 R
r5.145557224750519e-06 S
r0.2222900390625 P
r0.03997802734375 Q
b100 1
b110111 3
r0.2222831128165126 T
r0.03997288178652525 U
1-
#7750000
0-
#7755000
b111111100011111001000110000010011 J
b1011010100110001111010101 K
b111111100011111000100110000010011 L
b1011010100010001111010101 M
b1111100110011010 #
b1111100110011010 H
b1011101100001100 "
b1011101100001100 I
b11111100011111101000010111010111 E
b11111111111111011100011000111100 F
b11111110100100000110110100000100 D
b11111111111110101001000011011001 G
b1011010011011 B
b110100010110 C
b100100100010 @
b1000000011010 A
b1101111000001000 +
b1101111000001000 8
b1111011101001111 ,
b1111011101001111 9
b1001001000010101 )
b1001001000010101 6
b1101101111010100 *
b1101101111010100 7
r0.72454833984375 X
r0.7451171875 Y
r-0.9129638671875 V
r0.19793701171875 W
b1011111000 2
b111100 5
b1011111000 4
r1.388415694236755e-05 R
r2.438202500343323e-06 S
r0.239105224609375 P
r0.369659423828125 Q
b100 1
b111000 3
r0.2391191087663174 T
r0.3696569856256247 U
1-
#7760000
0-
#7765000
b1111000111011111010101010 J
b1001000000010100110 K
b1111000110111111010101010 L
b1000100000010100110 M
b1101111000001000 B
b1111011101001111 C
b1001001000010101 @
b1101101111010100 A
b11101111000001011101100 E
b1011010111111101110111110 F
b110011100111001110010110 D
b110100101011010000111100 G
b1111100011111001 #
b1111100011111001 H
b1011010100 "
b1011010100 I
b101110010111110 +
b101110010111110 8
b101111101100000 ,
b101111101100000 9
b1000101100100100 )
b1000101100100100 6
b1100101010110 *
b1100101010110 7
r0.169342041015625 X
r-0.3553466796875 Y
r-0.413482666015625 V
r-0.145355224609375 W
b1011111001 2
b111101 5
b1011111001 4
r3.655441105365753e-06 R
r7.756985723972321e-06 S
r-0.04998779296875 P
r-0.5386962890625 Q
b100 1
b111001 3
r-0.04998413752764463 T
r-0.538688532076776 U
1-
#7770000
0-
#7775000
b1000100010000100111000011011 J
b111110010101001001101101111000100 K
b1000100010000000111000011011 L
b111110010101001001001101111000100 M
b1111000111 #
b1111000111 H
b1001 "
b1001 I
b11101110110101011101111011 E
b100110011001011011010100000 F
b1110100101011100011010101000 D
b1001110100110001001101100 G
b101110010111110 B
b101111101100000 C
b1000101100100100 @
b1100101010110 A
b1010110101101 +
b1010110101101 8
b1101001010000100 ,
b1101001010000100 9
b1100101100010011 )
b1100101100010011 6
b1110110101100101 *
b1110110101100101 7
r-0.8258056640625 X
r-0.962493896484375 Y
r0.797088623046875 V
r0.686309814453125 W
b1011111010 2
b111110 5
b1011111010 4
r1.238007098436356e-05 R
r8.543021976947784e-06 S
r-0.054901123046875 P
r0.0220947265625 Q
b100 1
b111010 3
r-0.05491350311785936 T
r0.02210326958447695 U
1-
#7780000
0-
#7785000
b111011101101001000111111101010100 J
b110011110001100111010110001000 K
b111011101101001000011111101010100 L
b110011110001100011010110001000 M
b1010110101101 B
b1101001010000100 C
b1100101100010011 @
b1110110101100101 A
b11010100011101101000100110000000 E
b1001001011011011010111010100 F
b11010101101010100011010010111000 D
b1001011100000110101001000000 G
b1000100010000 #
b1000100010000 H
b1110010101001001 "
b1110010101001001 I
b1001011001001100 +
b1001011001001100 8
b1000010011001101 ,
b1000010011001101 9
b110011000000111 )
b110011000000111 6
b101011111011001 *
b101011111011001 7
r0.407684326171875 X
r-0.428436279296875 Y
r-0.29888916015625 V
r0.41253662109375 W
b1011111011 2
b111111 5
b1011111011 4
r3.185123205184937e-07 R
r1.510418951511383e-05 S
r0.029510498046875 P
r0.000274658203125 Q
b100 1
b111011 3
r0.02951017953455448 T
r0.0002595540136098862 U
1-
#7790000
0-
#7795000
b111110101000100001000001101 J
b111110010011011011100111101 K
b111110101000000001000001101 L
b111110010010111011100111101 M
b1011101101001000 #
b1011101101001000 H
b110011110001100 "
b110011110001100 I
b1001011001110100101111001100 E
b11111110011011001011011001000001 F
b11111011100001001100101011010111 D
b11010011100100001000010100 G
b1001011001001100 B
b1000010011001101 C
b110011000000111 @
b101011111011001 A
b11010000101111 +
b11010000101111 8
b1100100100101001 ,
b1100100100101001 9
b1101100110111110 )
b1101100110111110 6
b11010011001110 *
b11010011001110 7
r0.831329345703125 X
r-0.18597412109375 Y
r0.6527099609375 V
r-0.011474609375 W
b1011111100 2
b0 5
b1011111100 4
r3.363005816936493e-06 R
r6.619840860366821e-06 S
r0.13330078125 P
r-0.208709716796875 Q
b100 1
b111100 3
r0.1333041442558169 T
r-0.2087030969560146 U
1-
#7800000
0-
#7805000
b110101010101000001100101000000111 J
b111111111110110100001100010110001 K
b110101010101000001000101000000111 L
b111111111110110011101100010110001 M
b11010000101111 B
b1100100100101001 C
b1101100110111110 @
b11010011001110 A
b11001110111001100100111110011011 E
b11011011101110100011101001101100 F
b11010101110111110110010000010100 D
b11010101101110010011110011000101 G
b111110101000 #
b111110101000 H
b111110010011 "
b111110010011 I
b110101001101001 +
b110101001101001 8
b1110100000110010 ,
b1110100000110010 9
b101001110001100 )
b101001110001100 6
b1111111010001000 *
b1111111010001000 7
r0.39556884765625 X
r0.263427734375 Y
r0.094451904296875 V
r0.469970703125 W
b1011111101 2
b1 5
b1011111101 4
r1.509860157966614e-05 R
r1.276284456253052e-05 S
r-0.536865234375 P
r0.8089599609375 Q
b100 1
b111101 3
r-0.5368501357734203 T
r0.8089727237820625 U
1-
#7810000
0-
#7815000
b10010111101011101011101000000 J
b111111100011111001110000100011100 K
b10010111101011001011101000000 L
b111111100011111001010000100011100 M
b1000000000000000 #
b1000000000000000 H
b1111111110110100 "
b1111111110110100 I
b1000001100100000110101101110 E
b1010110000111000100111010010 F
b11111000001100111001000111100010 D
b11110100101100000011001011111110 G
b110101001101001 B
b1110100000110010 C
b101001110001100 @
b1111111010001000 A
b11001010100010 +
b11001010100010 8
b10000110111000 ,
b10000110111000 9
b110000010111 )
b110000010111 6
b11110000101000 *
b11110000101000 7
r0.92156982421875 X
r0.78948974609375 Y
r0.912628173828125 V
r0.57086181640625 W
b1011111110 2
b10 5
b1011111110 4
r4.889443516731262e-07 R
r2.088956534862518e-06 S
r0.122314453125 P
r0.121673583984375 Q
b100 1
b111110 3
r0.1223149420693517 T
r0.1216714950278401 U
1-
#7820000
0-
#7825000
b111110111100111110010011100100000 J
b111011101011010001111101000100100 K
b111110111100111101110011100100000 L
b111011101011010001011101000100100 M
b11001010100010 B
b10000110111000 C
b110000010111 @
b11110000101000 A
b11111000001110110011000101011000 E
b11111111011000111011010111001000 F
b100010101110100011110001101100 D
b1000101111011010010000 G
b10010111101011 #
b10010111101011 H
b1111100011111001 "
b1111100011111001 I
b111010111110110 +
b111010111110110 8
b110010100001110 ,
b110010100001110 9
b111010011010001 )
b111010011010001 6
b100100100010010 *
b100100100010010 7
r0.887298583984375 X
r0.09442138671875 Y
r-0.599884033203125 V
r-0.2413330078125 W
b1011111111 2
b11 5
b1011111111 4
r0 R
r9.37189906835556e-06 S
r-1 P
r-0.0023193359375 Q
b100 1
b111111 3
r-1 T
r-0.002328707836568356 U
1-
#7830000
0-
#7835000
b1101011111011100100011011000 J
b101100010001000000000110010 K
b1101011111011000100011011000 L
b101100010000100000000110010 M
b1110111100111110 #
b1110111100111110 H
b1011101011010001 "
b1011101011010001 I
b1100101111010011110001000 E
b1011111001011110000101010000 F
b10011001000010010010001110 D
b111111011000110010011000000 G
b111010111110110 B
b110010100001110 C
b111010011010001 @
b100100100010010 A
b111000110010011 +
b111000110010011 8
b110000010110 ,
b110000010110 9
b1011001100110111 )
b1011001100110111 6
b1110000100011100 *
b1110000100011100 7
r-0.663604736328125 X
r-0.7105712890625 Y
r-0.704681396484375 V
r-0.769866943359375 W
b1100000000 2
b100 5
b1100000000 4
r5.543231964111328e-06 R
r7.893890142440796e-06 S
r0.296234130859375 P
r-0.054901123046875 Q
b100 1
b0 3
r0.2962396740913391 T
r-0.05489322915673256 U
1-
#7840000
0-
#7845000
b1001111110010001000100110111010 J
b111100111000001001001001100100110 K
b1001111110010000100100110111010 L
b111100111000001000101001100100110 M
b111000110010011 B
b110000010110 C
b1011001100110111 @
b1110000100011100 A
b101110000111001101100001101110 E
b100001101010110111000101001100 F
b110101110100111100010111010110 D
b11100110110000001100011111100 G
b1101011111011 #
b1101011111011 H
b101100010001 "
b101100010001 I
b1010101100001111 +
b1010101100001111 8
b1010010100001100 ,
b1010010100001100 9
b1010010111001101 )
b1010010111001101 6
b1001110101110101 *
b1001110101110101 7
r-0.370758056640625 X
r-0.8197021484375 Y
r0.86590576171875 V
r0.61212158203125 W
b1100000001 2
b101 5
b1100000001 4
r5.930662155151367e-06 R
r1.386180520057678e-05 S
r-0.13092041015625 P
r-0.540496826171875 Q
b100 1
b1 3
r-0.1309263408184052 T
r-0.5404829643666744 U
1-
#7850000
0-
#7855000
b111101110101010111101100111001110 J
b100000100110111011100011010011 K
b111101110101010111001100111001110 L
b100000100110110111100011010011 M
b111111111111111 #
b111111111111111 H
b1100111000001001 "
b1100111000001001 I
b11111100010111111111101010111010 E
b11110010010010111001111100010100 F
b11011101111011110010111110010101 D
b11111110100010101010100001101000 G
b1010101100001111 B
b1010010100001100 C
b1010010111001101 @
b1001110101110101 A
b1101000010001011 +
b1101000010001011 8
b1001011100010100 ,
b1001011100010100 9
b110111011010110 )
b110111011010110 6
b100111001011010 *
b100111001011010 7
r-0.745758056640625 X
r0.3555908203125 Y
r0.50653076171875 V
r-0.269775390625 W
b1100000010 2
b110 5
b1100000010 4
r2.108514308929443e-06 R
r1.521222293376923e-05 S
r0.210784912109375 P
r0.086456298828125 Q
b100 1
b10 3
r0.2107870206236839 T
r0.08644108660519123 U
1-
#7860000
0-
#7865000
b1000000101111101000011101110111 J
b101000101010110010001111001 K
b1000000101111100100011101110111 L
b101000101010010010001111001 M
b1101000010001011 B
b1001011100010100 C
b110111011010110 @
b100111001011010 A
b100000000010111110011010011100 E
b100000101100100110000011011011 F
b11101111011011010011000000011 D
b100011000000101100101001111100 G
b1101110101010111 #
b1101110101010111 H
b100000100110111 "
b100000100110111 I
b1010000010001011 +
b1010000010001011 8
b10110110000100 ,
b10110110000100 9
b100000011010110 )
b100000011010110 6
b1101110101111000 *
b1101110101111000 7
r-0.58148193359375 X
r0.67138671875 Y
r-0.181427001953125 V
r0.290069580078125 W
b1100000011 2
b111 5
b1100000011 4
r0 R
r1.069344580173492e-05 S
r0.999969482421875 P
r-0.390350341796875 Q
b100 1
b11 3
r0.999969482421875 T
r-0.3903610352426767 U
1-
#7870000
0-
#7875000
b111000100000011001100110110010110 J
b111110100011011110110011011010110 K
b111000100000011001000110110010110 L
b111110100011011110010011011010110 M
b111111111111111 #
b111111111111111 H
b101000101010 "
b101000101010 I
b11010010100100101110001010111000 E
b11110001011110011010101011011110 F
b11101011011101000000111000110010 D
b11011111111000110011010100001000 G
b1010000010001011 B
b10110110000100 C
b100000011010110 @
b1101110101111000 A
b1011010110010010 +
b1011010110010010 8
b101010111110000 ,
b101010111110000 9
b1110100011000111 )
b1110100011000111 6
b10010100100001 *
b10010100100001 7
r-0.36334228515625 X
r0.226318359375 Y
r0.6414794921875 V
r-0.18603515625 W
b1100000100 2
b1000 5
b1100000100 4
r6.152316927909851e-06 R
r1.710839569568634e-06 S
r-0.270782470703125 P
r0.509490966796875 Q
b100 1
b100 3
r-0.2707763183861971 T
r0.5094892559573054 U
1-
#7880000
0-
#7885000
b11000011001111000110010000000 J
b10010000010011001010110101110 K
b11000011001110100110010000000 L
b10010000010010101010110101110 M
b1011010110010010 B
b101010111110000 C
b1110100011000111 @
b10010100100001 A
b1011100001110000110001011000 E
b1100111000000100000000101000 F
b11100111110100101111010000110010 D
b11111001110111000100100111100000 G
b1000100000011001 #
b1000100000011001 H
b1110100011011110 "
b1110100011011110 I
b1101000101111110 +
b1101000101111110 8
b1110011111000 ,
b1110011111000 9
b101001000011100 )
b101001000011100 6
b1110100000110000 *
b1110100000110000 7
r0.036376953125 X
r-0.579498291015625 Y
r0.003692626953125 V
r-0.3223876953125 W
b1100000101 2
b1001 5
b1100000101 4
r0 R
r8.695758879184723e-06 S
r0.999969482421875 P
r0.07940673828125 Q
b100 1
b101 3
r0.999969482421875 T
r0.07941543404012918 U
1-
#7890000
0-
#7895000
b111101101011010010000111101100010 J
b101101101101000111101110010 K
b111101101011010001100111101100010 L
b101101101100100111101110010 M
b11000011001111 #
b11000011001111 H
b10010000010011 "
b10010000010011 I
b11111000001101000100110110010000 E
b11110101001101001000000111010010 F
b110110000000111010001111110 D
b1100011101101100001111110000 G
b1101000101111110 B
b1110011111000 C
b101001000011100 @
b1110100000110000 A
b10010101000 +
b10010101000 8
b1011010111010011 ,
b1011010111010011 9
b1111001 )
b1111001 6
b1101011010111100 *
b1101011010111100 7
r-0.400634765625 X
r-0.807830810546875 Y
r0.462310791015625 V
r0.58978271484375 W
b1100000110 2
b1010 5
b1100000110 4
r3.239139914512634e-06 R
r9.259209036827087e-06 S
r-0.936737060546875 P
r-0.18072509765625 Q
b100 1
b110 3
r-0.9367338214069605 T
r-0.1807158384472132 U
1-
#7900000
0-
#7905000
b1101100111100101001011000000 J
b1100001110010010100010111000 K
b1101100111100001001011000000 L
b1100001110001110100010111000 M
b10010101000 B
b1011010111010011 C
b1111001 @
b1101011010111100 A
b1001010010101001101100100000 E
b100010100110111011110100000 F
b11110001000101010100010111001000 D
b11111101010011100010111010000000 G
b1101101011010010 #
b1101101011010010 H
b101101101101 "
b101101101101 I
b1100110010111000 +
b1100110010111000 8
b1001100010011001 ,
b1001100010011001 9
b11101100101101 )
b11101100101101 6
b100101101111110 *
b100101101111110 7
r0.056976318359375 X
r0.025970458984375 Y
r0.800445556640625 V
r0.359405517578125 W
b1100000111 2
b1011 5
b1100000111 4
r1.227855682373047e-05 R
r1.008994877338409e-05 S
r0.381317138671875 P
r0.281829833984375 Q
b100 1
b111 3
r0.3813048601150513 T
r0.2818197440356016 U
1-
#7910000
0-
#7915000
b111111111000111010000110000011011 J
b1011111100101111010110001100 K
b111111111000111001100110000011011 L
b1011111100101011010110001100 M
b1101100111100 #
b1101100111100 H
b1100001110010 "
b1100001110010 I
b11111111110111001111000010111011 E
b11111111001111111101101101100000 F
b100011001101101000 D
b1011111101001110100011110100 G
b1100110010111000 B
b1001100010011001 C
b11101100101101 @
b100101101111110 A
b11101001011 +
b11101001011 8
b1101010011 ,
b1101010011 9
b110011001110101 )
b110011001110101 6
b10111000000001 *
b10111000000001 7
r0.65838623046875 X
r-0.17376708984375 Y
r-0.44964599609375 V
r0.293365478515625 W
b1100001000 2
b1100 5
b1100001000 4
r1.159124076366425e-05 R
r1.15763396024704e-05 S
r-0.29046630859375 P
r0.089263916015625 Q
b100 1
b1000 3
r-0.2904778998345137 T
r0.08925233967602253 U
1-
#7920000
0-
#7925000
b111011000111110100000000001110101 J
b111101101010111001100100111110110 K
b111011000111110011100000001110101 L
b111101101010111001000100111110110 M
b11101001011 B
b1101010011 C
b110011001110101 @
b10111000000001 A
b11101000000110010001010111100101 E
b11110000111000001010101010010000 F
b11110100001001010110010001011000 D
b11100001100000011110111001001110 G
b1111111000111010 #
b1111111000111010 H
b1011111100101 "
b1011111100101 I
b101010001000110 +
b101010001000110 8
b1110100111000010 ,
b1110100111000010 9
b1100011001110010 )
b1100011001110010 6
b10010110001101 *
b10010110001101 7
r0.53094482421875 X
r0.24951171875 Y
r-0.688323974609375 V
r0.06890869140625 W
b1100001001 2
b1101 5
b1100001001 4
r4.470348358154297e-06 R
r5.550682544708252e-06 S
r0.2127685546875 P
r0.19097900390625 Q
b100 1
b1001 3
r0.2127730250358582 T
r0.1909734532237053 U
1-
#7930000
0-
#7935000
b10101001000101100000111010 J
b111111101101011011111011000001100 K
b10101001000001100000111010 L
b111111101101011011011011000001100 M
b1011000111110100 #
b1011000111110100 H
b1101101010111001 "
b1101101010111001 I
b1010101001001011011101111 E
b1010011111000000101001011 F
b10111010110011011101000111 D
b100110001110110101010011 G
b101010001000110 B
b1110100111000010 C
b1100011001110010 @
b10010110001101 A
b100001111110110 +
b100001111110110 8
b1111111110000 ,
b1111111110000 9
b1010011111100101 )
b1010011111100101 6
b100011010010 *
b100011010010 7
r0.850982666015625 X
r0.589630126953125 Y
r-0.66656494140625 V
r0.42449951171875 W
b1100001010 2
b1110 5
b1100001010 4
r1.237262040376663e-05 R
r1.276656985282898e-05 S
r-0.01385498046875 P
r0.186676025390625 Q
b100 1
b1010 3
r-0.01386735308915377 T
r0.1866887919604778 U
1-
#7940000
0-
#7945000
b10001010111001110110011110010 J
b1111101011110101111010101110 K
b10001010111001010110011110010 L
b1111101011110001111010101110 M
b100001111110110 B
b1111111110000 C
b1010011111100101 @
b100011010010 A
b101000000000010010001100100 E
b1100010111001000100010001110 F
b11101101000011011010101100101100 D
b11111100101111001100100111011010 G
b10101001000 #
b10101001000 H
b1111101101011011 "
b1111101101011011 I
b110110011101101 +
b110110011101101 8
b100101101111001 ,
b100101101111001 9
b1010101010101110 )
b1010101010101110 6
b11011001010110 *
b11011001010110 7
r0.54388427734375 X
r-0.190643310546875 Y
r-0.671600341796875 V
r0.512664794921875 W
b1100001011 2
b1111 5
b1100001011 4
r1.514982432126999e-05 R
r2.37487256526947e-06 S
r-0.6097412109375 P
r-0.291229248046875 Q
b100 1
b1011 3
r-0.6097563607618213 T
r-0.2912268731743097 U
1-
#7950000
0-
#7955000
b111110111010110011101000101111100 J
b11000011111011010110111010010 K
b111110111010110011001000101111100 L
b11000011111010110110111010010 M
b10001010111001 #
b10001010111001 H
b1111101011110 "
b1111101011110 I
b11110101000000100010000110110000 E
b10010101110110111111001100 F
b11101000100111000100010100001110 D
b1000110011011001011100000 G
b110110011101101 B
b100101101111001 C
b1010101010101110 @
b11011001010110 A
b100010110011110 +
b100010110011110 8
b1110011110011001 ,
b1110011110011001 9
b1010101000001001 )
b1010101000001001 6
b100000110011111 *
b100000110011111 7
r0.7320556640625 X
r0.812103271484375 Y
r0.9884033203125 V
r0.25872802734375 W
b1100001100 2
b10000 5
b1100001100 4
r5.776062607765198e-06 R
r1.288577914237976e-05 S
r0.041259765625 P
r-0.036285400390625 Q
b100 1
b1100 3
r0.04126554168760777 T
r-0.03627251461148262 U
1-
#7960000
0-
#7965000
b111111101111101110111101111011100 J
b110100010100101011010110010000 K
b111111101111101110011101111011100 L
b110100010100100111010110010000 M
b100010110011110 B
b1110011110011001 C
b1010101000001001 @
b100000110011111 A
b11100110110110001010011000111110 E
b10111000111101001010110011110 F
b11011011101100100110101100010110 D
b10000000001001110000010100110 G
b1110111010110011 #
b1110111010110011 H
b11000011111011 "
b11000011111011 I
b101110110110100 +
b101110110110100 8
b110011111110011 ,
b110011111110011 9
b111111010000100 )
b111111010000100 6
b10000100011110 *
b10000100011110 7
r0.650054931640625 X
r0.54803466796875 Y
r-0.830047607421875 V
r-0.4306640625 W
b1100001101 2
b10001 5
b1100001101 4
r1.07157975435257e-05 R
r7.314607501029968e-06 S
r0.271270751953125 P
r0.24505615234375 Q
b100 1
b1101 3
r0.2712814677506685 T
r0.245063466951251 U
1-
#7970000
0-
#7975000
b11010000010100101100110000011 J
b10001000111111001001001111001 K
b11010000010100001100110000011 L
b10001000111110101001001111001 M
b1111101111101110 #
b1111101111101110 H
b110100010100101 "
b110100010100101 I
b1000001100011011111001100001 E
b10001110110000101101100100010 F
b11101000100111110101111010001110 D
b11111001101111101011000100000111 G
b101110110110100 B
b110011111110011 C
b111111010000100 @
b10000100011110 A
b101001100110101 +
b101001100110101 8
b100011000100110 ,
b100011000100110 9
b1001010111000001 )
b1001010111000001 6
b1100100011100000 *
b1100100011100000 7
r-0.755096435546875 X
r-0.952667236328125 Y
r0.218231201171875 V
r-0.2659912109375 W
b1100001110 2
b10010 5
b1100001110 4
r4.168599843978882e-06 R
r4.334375262260437e-06 S
r-0.135162353515625 P
r0.382659912109375 Q
b100 1
b1110 3
r-0.135158184915781 T
r0.3826555777341127 U
1-
#7980000
0-
#7985000
b111111011111101010001001100100 J
b111011111001000111101100010101010 K
b111111011111100110001001100100 L
b111011111001000111001100010101010 M
b101001100110101 B
b100011000100110 C
b1001010111000001 @
b1100100011100000 A
b110011010111110011001101001100 E
b1100000111110010111100011000 F
b101110010011101110100011010000 D
b1101011100101000000101111010 G
b11010000010100 #
b11010000010100 H
b10001000111111 "
b10001000111111 I
b1001111101011001 +
b1001111101011001 8
b1000011000001111 ,
b1000011000001111 9
b1101111101111 )
b1101111101111 6
b1101110111110100 *
b1101110111110100 7
r0.180938720703125 X
r-0.024505615234375 Y
r0.398681640625 V
r-0.135833740234375 W
b1100001111 2
b10011 5
b1100001111 4
r1.427158713340759e-05 R
r2.488493919372559e-06 S
r-0.03179931640625 P
r0.817535400390625 Q
b100 1
b1111 3
r-0.03178504481911659 T
r0.8175329118967056 U
1-
#7990000
0-
#7995000
b111010000111110000111011100000110 J
b10011011011011011110101001011 K
b111010000111110000011011100000110 L
b10011011011010111110101001011 M
b111111011111101 #
b111111011111101 H
b1011111001000111 "
b1011111001000111 I
b11100010111000110000000010100110 E
b11101110000101010011011001100000 F
b11011101011101111001001111110101 D
b11110000111001010001000101000000 G
b1001111101011001 B
b1000011000001111 C
b1101111101111 @
b1101110111110100 A
b1011100101001 +
b1011100101001 8
b1111110011011101 ,
b1111110011011101 9
b11001100001000 )
b11001100001000 6
b1110111010011101 *
b1110111010011101 7
r-0.532440185546875 X
r0.803466796875 Y
r0.90460205078125 V
r0.71258544921875 W
b1100010000 2
b10100 5
b1100010000 4
r6.08246773481369e-06 R
r1.08545646071434e-05 S
r0.4068603515625 P
r0.267547607421875 Q
b100 1
b10000 3
r0.4068664340302348 T
r0.2675367528572679 U
1-
#8000000
0-
#8005000
b111111111100011001011001011010101 J
b11010110000111101001000110101 K
b111111111100011000111001011010101 L
b11010110000111001001000110101 M
b1011100101001 B
b1111110011011101 C
b11001100001000 @
b1110111010011101 A
b11110010101100011011110100000001 E
b1100110110101011010111010100 F
b11110101011101000010011100010111 D
b10000001101111011100101001100 G
b1010000111110000 #
b1010000111110000 H
b10011011011011 "
b10011011011011 I
b1011101111011001 +
b1011101111011001 8
b110011011011000 ,
b110011011011000 9
b111001111001010 )
b111001111001010 6
b101101100110110 *
b101101100110110 7
r0.4288330078125 X
r0.186981201171875 Y
r-0.590179443359375 V
r-0.282012939453125 W
b1100010001 2
b10101 5
b1100010001 4
r7.059425115585327e-06 R
r5.880370736122131e-06 S
r0.992095947265625 P
r-0.513458251953125 Q
b100 1
b10001 3
r0.9920888878405094 T
r-0.5134523715823889 U
1-
#8010000
0-
#8015000
b111111101110011011000000000001101 J
b111111011100110001110010101000001 K
b111111101110011010100000000001101 L
b111111011100110001010010101000001 M
b1111111100011001 #
b1111111100011001 H
b11010110000111 "
b11010110000111 I
b11111111010111111110110111101000 E
b11111110011011010101001000100101 F
b100100111011110010001001000 D
b1101101000100110001001 G
b1011101111011001 B
b110011011011000 C
b111001111001010 @
b101101100110110 A
b11011011100100 +
b11011011100100 8
b1011111101111 ,
b1011111101111 9
b1011010001110101 )
b1011010001110101 6
b1101101111100111 *
b1101101111100111 7
r0.233734130859375 X
r-0.351409912109375 Y
r-0.364990234375 V
r0.617523193359375 W
b1100010010 2
b10110 5
b1100010010 4
r1.311860978603363e-05 R
r6.454065442085266e-07 S
r-0.73486328125 P
r0.303558349609375 Q
b100 1
b10010 3
r-0.734850162640214 T
r0.3035577042028308 U
1-
#8020000
0-
#8025000
b10110001111000011000100110110 J
b1000011011110000000010101010110 K
b10110001110111111000100110110 L
b1000011011101111100010101010110 M
b11011011100100 B
b1011111101111 C
b1011010001110101 @
b1101101111100111 A
b101110100001000010111001110000 E
b11100111101101111100001011000110 F
b11100001001011001011010000111010 D
b100100101001000111100110010000 G
b1111101110011011 #
b1111101110011011 H
b1111011100110001 "
b1111011100110001 I
b1110111101011 +
b1110111101011 8
b1101001100000101 ,
b1101001100000101 9
b1101000101001000 )
b1101000101001000 6
b100111100001011 *
b100111100001011 7
r-0.2945556640625 X
r0.156097412109375 Y
r-0.103668212890625 V
r0.47161865234375 W
b1100010011 2
b10111 5
b1100010011 4
r3.139488399028778e-06 R
r4.340894520282745e-06 S
r-0.007049560546875 P
r0.418182373046875 Q
b100 1
b10011 3
r-0.007052700035274029 T
r0.4181867139413953 U
1-
#8030000
0-
#8035000
b111110001001100101100111111110111 J
b1100110100101110011101110101 K
b111110001001100101000111111110111 L
b1100110100101010011101110101 M
b10110001111000 #
b10110001111000 H
b111111111111111 "
b111111111111111 I
b11111000111011111111110000111011 E
b11111000010000101001001110111100 F
b11101111110011010110011000110100 D
b11111100101000000000110110101001 G
b1110111101011 B
b1101001100000101 C
b1101000101001000 @
b100111100001011 A
b1101101001001100 +
b1101101001001100 8
b1001111111011 ,
b1001111111011 9
b1111001010111011 )
b1111001010111011 6
b11110001011110 *
b11110001011110 7
r-0.371002197265625 X
r-0.308746337890625 Y
r-0.894683837890625 V
r0.444610595703125 W
b1100010100 2
b11000 5
b1100010100 4
r1.524668186903e-05 R
r8.882023394107819e-06 S
r-0.034332275390625 P
r-0.068817138671875 Q
b100 1
b10100 3
r-0.03434752207249403 T
r-0.06880825664848089 U
1-
#8040000
0-
#8045000
b10001011100100111110010000001 J
b111110111100100101001011100011111 K
b10001011100100011110010000001 L
b111110111100100100101011100011111 M
b1101101001001100 B
b1001111111011 C
b1111001010111011 @
b11110001011110 A
b1000001101010110111001101000 E
b1001001111001100111000011001 F
b11111010100010100100010100011000 D
b11110010000111001001110000110111 G
b1110001001100101 #
b1110001001100101 H
b1100110100101 "
b1100110100101 I
b1101000010000011 +
b1101000010000011 8
b1101100001111011 ,
b1101100001111011 9
b1000110101111011 )
b1000110101111011 6
b11100011101001 *
b11100011101001 7
r0.27545166015625 X
r-0.597412109375 Y
r0.188720703125 V
r0.1849365234375 W
b1100010101 2
b11001 5
b1100010101 4
r3.525987267494202e-06 R
r0 S
r0.347412109375 P
r0.999969482421875 Q
b100 1
b10101 3
r0.3474085833877325 T
r0.999969482421875 U
1-
#8050000
0-
#8055000
b111110110000100110001011001000001 J
b10110000100001110010100110 K
b111110110000100101101011001000001 L
b10110000011101110010100110 M
b10001011100100 #
b10001011100100 H
b1110111100100101 "
b1110111100100101 I
b11111110111101101101111001011001 E
b11110111000110111111011111101000 F
b1111101000100110110000100 D
b100101101100010101000101010 G
b1101000010000011 B
b1101100001111011 C
b1000110101111011 @
b11100011101001 A
b10001101000010 +
b10001101000010 8
b1011001110001000 ,
b1011001110001000 9
b1100000101000 )
b1100000101000 6
b1011110101100 *
b1011110101100 7
r0.361846923828125 X
r-0.564239501953125 Y
r0.396942138671875 V
r-0.85113525390625 W
b1100010110 2
b11010 5
b1100010110 4
r3.806315362453461e-06 R
r9.407289326190948e-06 S
r-0.231292724609375 P
r0.200347900390625 Q
b100 1
b10110 3
r-0.2312889182940125 T
r0.2003573076799512 U
1-
#8060000
0-
#8065000
b111000111110111000101010100 J
b111100001111110001101101000000010 K
b111000111110011000101010100 L
b111100001111110001001101000000010 M
b10001101000010 B
b1011001110001000 C
b1100000101000 @
b1011110101100 A
b10001101011011100001000011001 E
b11110101011100010110111100111011 F
b10101001111100101010111110001 D
b11110111001101101110111111110011 G
b1110110000100110 #
b1110110000100110 H
b10110000100 "
b10110000100 I
b10111001010001 +
b10111001010001 8
b1011011111000111 ,
b1011011111000111 9
b11001011001111 )
b11001011001111 6
b1001001100001110 *
b1001001100001110 7
r-0.834808349609375 X
r-0.964447021484375 Y
r-0.530059814453125 V
r-0.28887939453125 W
b1100010111 2
b11011 5
b1100010111 4
r1.442525535821915e-05 R
r9.746290743350983e-06 S
r0.2725830078125 P
r-0.131683349609375 Q
b100 1
b10111 3
r0.2725974330678582 T
r-0.1316930959001184 U
1-
#8070000
0-
#8075000
b111111100000010111010101110011000 J
b111110101100110100110010100010000 K
b111111100000010110110101110011000 L
b111110101100110100010010100010000 M
b111000111110 #
b111000111110 H
b1100001111110001 "
b1100001111110001 I
b11111000110010001100110101000000 E
b11010000101001111001011000 F
b11010100111011001001010000 D
b11111000111011011101011101100000 G
b10111001010001 B
b1011011111000111 C
b11001011001111 @
b1001001100001110 A
b1001010100100101 +
b1001010100100101 8
b1000010010001101 ,
b1000010010001101 9
b1011110000100111 )
b1011110000100111 6
b1101101100000110 *
b1101101100000110 7
r-0.990203857421875 X
r-0.987091064453125 Y
r0.12933349609375 V
r0.406494140625 W
b1100011000 2
b11100 5
b1100011000 4
r9.953044354915619e-06 R
r8.428469300270081e-06 S
r-0.15509033203125 P
r0.0430908203125 Q
b100 1
b11000 3
r-0.1551002850756049 T
r0.04308239184319973 U
1-
#8080000
0-
#8085000
b111011101111101001100001101010111 J
b10101100010110100110001100011 K
b111011101111101001000001101010111 L
b10101100010110000110001100011 M
b1001010100100101 B
b1000010010001101 C
b1011110000100111 @
b1101101100000110 A
b11110001101010100111011111101001 E
b11101100010010100000101101101110 F
b1001001100010100010101111111 D
b11110101111000101000111100010 G
b1111100000010111 #
b1111100000010111 H
b1110101100110100 "
b1110101100110100 I
b1000000101000001 +
b1000000101000001 8
b1000000110100111 ,
b1000000110100111 9
b1000010001110 )
b1000010001110 6
b11010000001000 *
b11010000001000 7
r0.846160888671875 X
r0.17120361328125 Y
r0.865234375 V
r-0.85400390625 W
b1100011001 2
b11101 5
b1100011001 4
r1.176074147224426e-05 R
r6.200745701789856e-06 S
r0.11126708984375 P
r-0.469207763671875 Q
b100 1
b11001 3
r0.1112788505852222 T
r-0.4692015629261732 U
1-
#8090000
0-
#8095000
b110000001001110010001101011001 J
b111110101100000110001010110101011 K
b110000001001101110001101011001 L
b111110101100000101101010110101011 M
b1011101111101001 #
b1011101111101001 H
b10101100010110 "
b10101100010110 I
b100000101101111011110101111011 E
b1111011011110010010111011110 F
b11100010100011110010010100011 D
b10001110101001011101001001110 G
b1000000101000001 B
b1000000110100111 C
b1000010001110 @
b11010000001000 A
b110110001001111 +
b110110001001111 8
b1010111101010 ,
b1010111101010 9
b110111011000000 )
b110111011000000 6
b1001001010110000 *
b1001001010110000 7
r-0.859527587890625 X
r0.78515625 Y
r0.487152099609375 V
r-0.24853515625 W
b1100011010 2
b11110 5
b1100011010 4
r4.86522912979126e-06 R
r8.83638858795166e-06 S
r-0.061798095703125 P
r-0.1624755859375 Q
b100 1
b11010 3
r-0.06180296093225479 T
r-0.162466749548912 U
1-
#8100000
0-
#8105000
b111011110000100011101100010101010 J
b111101110100001000111011100101010 K
b111011110000100011001100010101010 L
b111101110100001000011011100101010 M
b110110001001111 B
b1010111101010 C
b110111011000000 @
b1001001010110000 A
b11110111110101000101101010100010 E
b11100110001111010011111000001000 F
b11110111110011011100001000001110 D
b11100110010100011111100100111000 G
b110000001001110 #
b110000001001110 H
b1110101100000110 "
b1110101100000110 I
b1001000111111011 +
b1001000111111011 8
b110010010000000 ,
b110010010000000 9
b11111001011011 )
b11111001011011 6
b1110000000110000 *
b1110000000110000 7
r-0.2064208984375 X
r-0.27398681640625 Y
r-0.593109130859375 V
r0.652099609375 W
b1100011011 2
b11111 5
b1100011011 4
r7.962808012962341e-07 R
r2.953223884105682e-06 S
r-0.531951904296875 P
r0.33660888671875 Q
b100 1
b11011 3
r-0.5319511080160737 T
r0.3366118399426341 U
1-
#8110000
0-
#8115000
b111011011001110111011111111010000 J
b111000111110010011001011110100000 K
b111011011001110110111111111010000 L
b111000111110010010101011110100000 M
b1011110000100011 #
b1011110000100011 H
b1101110100001000 "
b1101110100001000 I
b1001011110101111101110000000 E
b11010001110000001000010001010000 F
b101110110110110010110101000000 D
b11110110101001001000010011100000 G
b1001000111111011 B
b110010010000000 C
b11111001011011 @
b1110000000110000 A
b1110010110010100 +
b1110010110010100 8
b1101110011101110 ,
b1101110011101110 9
b1011010000010101 )
b1011010000010101 6
b101001101111000 *
b101001101111000 7
r0.307708740234375 X
r-0.672637939453125 Y
r0.122833251953125 V
r0.087188720703125 W
b1100011100 2
b100000 5
b1100011100 4
r6.831251084804535e-06 R
r1.009274274110794e-05 S
r0.75238037109375 P
r-0.16387939453125 Q
b100 1
b11100 3
r0.7523735398426652 T
r-0.1638894872739911 U
1-
#8120000
0-
#8125000
b100110001001101111100010010000 J
b1110010011110110100111000111 K
b100110001001101011100010010000 L
b1110010011110010100111000111 M
b1110010110010100 B
b1101110011101110 C
b1011010000010101 @
b101001101111000 A
b11000011110101011100110000000 E
b1101101010111111111100010000 F
b11100101001100111010111000111001 D
b11110011100000101101100000000000 G
b1011011001110111 #
b1011011001110111 H
b1000111110010011 "
b1000111110010011 I
b10011101100011 +
b10011101100011 8
b1010100111100111 ,
b1010100111100111 9
b111110111001 )
b111110111001 6
b101100101001 *
b101100101001 7
r0.920166015625 X
r-0.41546630859375 Y
r0.874176025390625 V
r-0.342041015625 W
b1100011101 2
b100001 5
b1100011101 4
r5.880370736122131e-06 R
r1.315213739871979e-05 S
r-0.530181884765625 P
r-0.273193359375 Q
b100 1
b11101 3
r-0.5301760043948889 T
r-0.2731802072376013 U
1-
#8130000
0-
#8135000
b1110010010101000011100110 J
b111101100101110110001010001101100 K
b1110010010001000011100110 L
b111101100101110101101010001101100 M
b100110001001101 #
b100110001001101 H
b1110010011110 "
b1110010011110 I
b1010011001100111011110000110 E
b11110111011000101001100101100000 F
b111110101011110010100100100 D
b11110100100100001011100110010000 G
b10011101100011 B
b1010100111100111 C
b111110111001 @
b101100101001 A
b111010111001000 +
b111010111001000 8
b1100101011010010 ,
b1100101011010010 9
b110111111100101 )
b110111111100101 6
b1101010000111000 *
b1101010000111000 7
r0.922607421875 X
r0.78204345703125 Y
r-0.0662841796875 V
r-0.426666259765625 W
b1100011110 2
b100010 5
b1100011110 4
r4.470348358154297e-08 R
r9.626150131225586e-06 S
r-0.574493408203125 P
r-0.878326416015625 Q
b100 1
b11110 3
r-0.5744934529066086 T
r-0.8783360421657562 U
1-
#8140000
0-
#8145000
b111111100011011100010000011001010 J
b111111001110101000001111101110100 K
b111111100011011011110000011001010 L
b111111001110100111101111101110100 M
b111010111001000 B
b1100101011010010 C
b110111111100101 @
b1101010000111000 A
b11111010101101100101000011101111 E
b1101101111000111111011011 F
b10011010110100001110001011 D
b11111100001111110010001011111111 G
b1110010010 #
b1110010010 H
b1101100101110110 "
b1101100101110110 I
b111011000011000 +
b111011000011000 8
b110010000011010 ,
b110010000011010 9
b1111011110000100 )
b1111011110000100 6
b1100100101100011 *
b1100100101100011 7
r-0.115509033203125 X
r-0.85760498046875 Y
r-0.491851806640625 V
r0.432342529296875 W
b1100011111 2
b100011 5
b1100011111 4
r1.348555088043213e-05 R
r9.960494935512543e-06 S
r0.596099853515625 P
r0.22357177734375 Q
b100 1
b11111 3
r0.5961133390665054 T
r0.2235817378386855 U
1-
#8150000
0-
#8155000
b111010100100111010001111110011010 J
b111010101100111010111001000001000 K
b111010100100111001101111110011010 L
b111010101100111010011001000001000 M
b1111100011011100 #
b1111100011011100 H
b1111001110101000 "
b1111001110101000 I
b11101000110000010111101111011010 E
b11101011110110110110001111000000 F
b110011011110110001001111101000 D
b1001000110000100010111110000 G
b111011000011000 B
b110010000011010 C
b1111011110000100 @
b1100100101100011 A
b1111000100110111 +
b1111000100110111 8
b1001001000111010 ,
b1001001000111010 9
b1100000100001011 )
b1100000100001011 6
b11011101010111 *
b11011101010111 7
r0.999725341796875 X
r-0.40997314453125 Y
r-0.285491943359375 V
r-0.1124267578125 W
b1100100000 2
b100100 5
b1100100000 4
r4.02890145778656e-06 R
r1.038983464241028e-05 S
r0.02789306640625 P
r-0.30108642578125 Q
b100 1
b100000 3
r0.02789709530770779 T
r-0.3010968156158924 U
1-
#8160000
0-
#8165000
b111100011011111010111011010110000 J
b111101110100011110101001110101110 K
b111100011011111010011011010110000 L
b111101110100011110001001110101110 M
b1111000100110111 B
b1001001000111010 C
b1100000100001011 @
b11011101010111 A
b11111100101011101011001101101000 E
b11100110110011101000001101001000 F
b11111100000101100000110001100000 D
b11101010101001010010000000001110 G
b1010100100111010 #
b1010100100111010 H
b1010101100111010 "
b1010101100111010 I
b111111111110111 +
b111111111110111 8
b1100101110000110 ,
b1100101110000110 9
b1101101101110101 )
b1101101101110101 6
b1111000110011100 *
b1111000110011100 7
r-0.725189208984375 X
r-0.775604248046875 Y
r0.60150146484375 V
r0.03338623046875 W
b1100100001 2
b100101 5
b1100100001 4
r7.441267371177673e-06 R
r7.759779691696167e-06 S
r-0.0557861328125 P
r-0.096435546875 Q
b100 1
b100001 3
r-0.05579357407987118 T
r-0.0964433066546917 U
1-
#8170000
0-
#8175000
b10111110011010000110100101111 J
b111100100101000101001001101011001 K
b10111110011001100110100101111 L
b111100100101000100101001101011001 M
b1100011011111010 #
b1100011011111010 H
b1101110100011110 "
b1101110100011110 I
b11010111111110000001001111110 E
b11111100110011011100101010110001 F
b11101000101101010001011101 D
b11101000010001010010011110110110 G
b111111111110111 B
b1100101110000110 C
b1101101101110101 @
b1111000110011100 A
b1010001100101101 +
b1010001100101101 8
b1001110010111001 ,
b1001110010111001 9
b100110011111110 )
b100110011111110 6
b10001000110 *
b10001000110 7
r0.77801513671875 X
r0.595733642578125 Y
r-0.3154296875 V
r0.862152099609375 W
b1100100010 2
b100110 5
b1100100010 4
r7.724389433860779e-06 R
r1.192837953567505e-05 S
r-0.67791748046875 P
r-0.66229248046875 Q
b100 1
b100010 3
r-0.6779252048581839 T
r-0.6622805520892143 U
1-
#8180000
0-
#8185000
b10011000110011111000010 J
b10101001101111010001011000101 K
b10011000010011111000010 L
b10101001101110110001011000101 M
b1010001100101101 B
b1001110010111001 C
b100110011111110 @
b10001000110 A
b111011111011010011000111110 E
b11111000110011101000000110000100 F
b11101101101110111100100011100011 D
b10111100110010101110101000 G
b10111110011010 #
b10111110011010 H
b1100100101000101 "
b1100100101000101 I
b110001110010110 +
b110001110010110 8
b100110001000001 ,
b100110001000001 9
b1101011110100000 )
b1101011110100000 6
b110111001011011 *
b110111001011011 7
r0.66741943359375 X
r-0.6226806640625 Y
r-0.03662109375 V
r0.6329345703125 W
b1100100011 2
b100111 5
b1100100011 4
r1.30385160446167e-05 R
r4.692003130912781e-06 S
r-0.44549560546875 P
r-0.27252197265625 Q
b100 1
b100011 3
r-0.4454825669527054 T
r-0.2725172806531191 U
1-
#8190000
0-
#8195000
b111100000100101111111110111011100 J
b11010010000101011101111110000 K
b111100000100101111011110111011100 L
b11010010000100111101111110000 M
b10011000 #
b10011000 H
b10101001101111 "
b10101001101111 I
b11100010001001000110101110001110 E
b11111110011100110101001001001110 F
b11100100000101010100001010100110 D
b11111110010101111011111010010110 G
b110001110010110 B
b100110001000001 C
b1101011110100000 @
b110111001011011 A
b101010101101110 +
b101010101101110 8
b1011000001001100 ,
b1011000001001100 9
b1111101101010000 )
b1111101101010000 6
b101000100000100 *
b101000100000100 7
r-0.782867431640625 X
r0.52783203125 Y
r0.890350341796875 V
r-0.50421142578125 W
b1100100100 2
b101000 5
b1100100100 4
r1.211557537317276e-05 R
r1.064594835042953e-05 S
r0.37188720703125 P
r-0.427581787109375 Q
b100 1
b100100 3
r0.3718750914558768 T
r-0.4275924330577254 U
1-
#8200000
0-
#8205000
b11110111001110101100111110010 J
b110000100101000001000101011011 K
b11110111001110001100111110010 L
b110000100100111101000101011011 M
b101010101101110 B
b1011000001001100 C
b1111101101010000 @
b101000100000100 A
b11110011111110010011111110100000 E
b101010111011011101101001010010 F
b11110000010010110011011111000000 D
b100000110111110000100100011011 G
b1100000100101111 #
b1100000100101111 H
b11010010000101 "
b11010010000101 I
b1001101111001011 +
b1001101111001011 8
b100001110010000 ,
b100001110010000 9
b111000111110111 )
b111000111110111 6
b1011111101110110 *
b1011111101110110 7
r0.560455322265625 X
r0.537933349609375 Y
r0.259307861328125 V
r0.215728759765625 W
b1100100101 2
b101001 5
b1100100101 4
r9.47900116443634e-06 R
r6.969086825847626e-06 S
r0.004638671875 P
r0.331512451171875 Q
b100 1
b100101 3
r0.004648150876164436 T
r0.3315054820850492 U
1-
#8210000
0-
#8215000
b11100011111101111111101111000 J
b111101000010101111000000011010000 K
b11100011111101011111101111000 L
b111101000010101110100000011010000 M
b11110111001110 #
b11110111001110 H
b110000100101000 "
b110000100101000 I
b1011101011001101111000000 E
b11011000010010010001110111000 F
b11111110011011111000110001100000 D
b11100110110001101100110100110000 G
b1001101111001011 B
b100001110010000 C
b111000111110111 @
b1011111101110110 A
b100011110111101 +
b100011110111101 8
b100010011011011 ,
b100010011011011 9
b10000100110001 )
b10000100110001 6
b1101110011101 *
b1101110011101 7
r0.36834716796875 X
r0.8544921875 Y
r0.48260498046875 V
r-0.659820556640625 W
b1100100110 2
b101010 5
b1100100110 4
r1.474842429161072e-05 R
r9.685754776000977e-07 S
r-0.490753173828125 P
r0.410308837890625 Q
b100 1
b100110 3
r-0.4907384254038334 T
r0.4103078693151474 U
1-
#8220000
0-
#8225000
b110111010101110100010010000010 J
b11011100100111110100010000011 K
b110111010101110000010010000010 L
b11011100100111010100010000011 M
b100011110111101 B
b100010011011011 C
b10000100110001 @
b1101110011101 A
b11110000100111011111111110000 E
b11001010000110100010010010010 F
b11010011011000111110101111011101 D
b11101110111101111001010001100000 G
b11100011111101 #
b11100011111101 H
b1101000010101111 "
b1101000010101111 I
b10111100100110 +
b10111100100110 8
b110110101100000 ,
b110110101100000 9
b11110111000110 )
b11110111000110 6
b1010101110001011 *
b1010101110001011 7
r0.182342529296875 X
r-0.92388916015625 Y
r0.225921630859375 V
r-0.346527099609375 W
b1100100111 2
b101011 5
b1100100111 4
r6.185844540596008e-06 R
r1.112092286348343e-05 S
r0.48284912109375 P
r0.759033203125 Q
b100 1
b100111 3
r0.4828553069382906 T
r0.7590220822021365 U
1-
#8230000
0-
#8235000
b10000101010101001011011010100 J
b111111110001000000111101100100010 K
b10000101010100101011011010100 L
b111111110001000000011101100100010 M
b110111010101110 #
b110111010101110 H
b11011100100111 "
b11011100100111 I
b1000111011010110100011101011 E
b111101111001110110111101001 F
b1001010011010001100000101101 D
b111011011010101001101001111 G
b10111100100110 B
b110110101100000 C
b11110111000110 @
b1010101110001011 A
b1011101010111 +
b1011101010111 8
b1000100110111110 ,
b1000100110111110 9
b1110011101011 )
b1110011101011 6
b1101001110100101 *
b1101001110100101 7
r-0.379364013671875 X
r0.01409912109375 Y
r-0.131134033203125 V
r0.261993408203125 W
b1100101000 2
b101100 5
b1100101000 4
r1.513212919235229e-05 R
r1.506507396697998e-05 S
r0.445220947265625 P
r-0.369659423828125 Q
b100 1
b101000 3
r0.4452360793948174 T
r-0.369674488902092 U
1-
#8240000
0-
#8245000
b1010110101101011001111100010 J
b111010000100010100011110110111100 K
b1010110101100111001111100010 L
b111010000100010011111110110111100 M
b1011101010111 B
b1000100110111110 C
b1110011101011 @
b1101001110100101 A
b11010011001000111100001000000 E
b11110000011100011111101110100010 F
b1011011000001000010101100100 D
b11011011111010101000001100100000 G
b10000101010101 #
b10000101010101 H
b1111110001000000 "
b1111110001000000 I
b1100111101110001 +
b1100111101110001 8
b111001110 ,
b111001110 9
b1110111100110111 )
b1110111100110111 6
b10000110001001 *
b10000110001001 7
r-0.824493408203125 X
r0.2125244140625 Y
r0.760894775390625 V
r0.154266357421875 W
b1100101001 2
b101101 5
b1100101001 4
r1.074746251106262e-06 R
r9.658746421337128e-06 S
r0.86468505859375 P
r0.430877685546875 Q
b100 1
b101001 3
r0.8646861333400011 T
r0.4308873442932963 U
1-
#8250000
0-
#8255000
b111101110100110010011100101111101 J
b10001110110101011000010011001 K
b111101110100110001111100101111101 L
b10001110110100111000010011001 M
b1010110101101 #
b1010110101101 H
b1010000100010100 "
b1010000100010100 I
b11110010101001000011100101101010 E
b11111011111101001100000000010011 F
b10101000101111000011011101 D
b10100011111010110000101110110 G
b1100111101110001 B
b111001110 C
b1110111100110111 @
b10000110001001 A
b1001011001110111 +
b1001011001110111 8
b1101100110100 ,
b1101100110100 9
b110000101100101 )
b110000101100101 6
b1001110111111 *
b1001110111111 7
r-0.178070068359375 X
r-0.97943115234375 Y
r-0.25933837890625 V
r0.57928466796875 W
b1100101010 2
b101110 5
b1100101010 4
r9.816139936447144e-06 R
r1.409836113452911e-05 S
r0.260406494140625 P
r-0.029296875 Q
b100 1
b101010 3
r0.2603966780006886 T
r-0.02928277663886547 U
1-
#8260000
0-
#8265000
b111111001100001011000100110111011 J
b111111101000011011011010011110111 K
b111111001100001010100100110111011 L
b111111101000011010111010011110111 M
b1001011001110111 B
b1101100110100 C
b110000101100101 @
b1001110111111 A
b11111111111000011011010101000010 E
b11111001101000111001010001111001 F
b11001011110001000001000111 D
b1111001000010100111110 G
b1101110100110010 #
b1101110100110010 H
b10001110110101 "
b10001110110101 I
b1110100100110101 +
b1110100100110101 8
b1000001010100010 ,
b1000001010100010 9
b1101111011001110 )
b1101111011001110 6
b100101000100110 *
b100101000100110 7
r-0.84515380859375 X
r0.811859130859375 Y
r-0.112213134765625 V
r-0.913238525390625 W
b1100101011 2
b101111 5
b1100101011 4
r2.888962626457214e-06 R
r5.401670932769775e-07 S
r0.169342041015625 P
r-0.7415771484375 Q
b100 1
b101011 3
r0.1693391520529985 T
r-0.7415776886045933 U
1-
#8270000
0-
#8275000
b10001101011100011101001101 J
b101010001111111111001111011001 K
b10001101011000011101001101 L
b101010001111111011001111011001 M
b1111001100001011 #
b1111001100001011 H
b1111101000011011 "
b1111101000011011 I
b1010010110010110111110000100 E
b11110111110111000001011111001001 F
b11010111110110010111001111110011 D
b10000110010010011111001100 G
b1110100100110101 B
b1000001010100010 C
b1101111011001110 @
b100101000100110 A
b1001001111010010 +
b1001001111010010 8
b110011111101011 ,
b110011111101011 9
b1111000110100011 )
b1111000110100011 6
b1000101100011011 *
b1000101100011011 7
r-0.724945068359375 X
r0.443756103515625 Y
r-0.0240478515625 V
r-0.426513671875 W
b1100101100 2
b110000 5
b1100101100 4
r1.552514731884003e-06 R
r3.672204911708832e-06 S
r-0.27191162109375 P
r0.278961181640625 Q
b100 1
b101100 3
r-0.2719131736084819 T
r0.2789575094357133 U
1-
#8280000
0-
#8285000
b1001101001111100101000111010 J
b111011000101110111101100101100110 K
b1001101001111000101000111010 L
b111011000101110111001100101100110 M
b1001001111010010 B
b110011111101011 C
b1111000110100011 @
b1000101100011011 A
b10000010000011001101001011100 E
b11111001011001011110111111011110 F
b10111101001001111010100110 D
b11011011101100000011100000001100 G
b10001101011 #
b10001101011 H
b101010001111111 "
b101010001111111 I
b1010001100110101 +
b1010001100110101 8
b11100011001101 ,
b11100011001101 9
b1111110011101100 )
b1111110011101100 6
b1100100101101000 *
b1100100101101000 7
r-0.85858154296875 X
r-0.449310302734375 Y
r0.595794677734375 V
r0.179229736328125 W
b1100101101 2
b110001 5
b1100101101 4
r1.293886452913284e-05 R
r2.630986273288727e-06 S
r-0.101226806640625 P
r-0.046051025390625 Q
b100 1
b101101 3
r-0.1012397455051541 T
r-0.04605365637689829 U
1-
#8290000
0-
#8295000
b101011100100010100001011000111 J
b111001010011110101111111000010011 K
b101011100100010000001011000111 L
b111001010011110101011111000010011 M
b1001101001111 #
b1001101001111 H
b1011000101110111 "
b1011000101110111 I
b11111010001010110110010110100001 E
b110001011001011001110100100110 F
b110000100011101000010110110 D
b11010000100011001000111011001001 G
b1010001100110101 B
b11100011001101 C
b1111110011101100 @
b1100100101101000 A
b1001001000011010 +
b1001001000011010 8
b1100011001111101 ,
b1100011001111101 9
b100110001000011 )
b100110001000011 6
b1011011110001 *
b1011011110001 7
r-0.39105224609375 X
r0.765167236328125 Y
r0.41644287109375 V
r0.375946044921875 W
b1100101110 2
b110010 5
b1100101110 4
r1.740641891956329e-06 R
r1.236144453287125e-05 S
r0.034515380859375 P
r0.660125732421875 Q
b100 1
b101110 3
r0.03451712150126696 T
r0.6601380938664079 U
1-
#8300000
0-
#8305000
b10011000110110101001110000100 J
b111110010110001011010011101101100 K
b10011000110110001001110000100 L
b111110010110001010110011101101100 M
b1001001000011010 B
b1100011001111101 C
b100110001000011 @
b1011011110001 A
b11111111010100010010100011111100 E
b10011110010011110101010001000 F
b1000111011010000011011100 D
b11110011111000110000100001001000 G
b101011100100010 #
b101011100100010 H
b1001010011110101 "
b1001010011110101 I
b1100110111110010 +
b1100110111110010 8
b110000111110001 ,
b110000111110001 9
b11010101001110 )
b11010101001110 6
b11000000011111 *
b11000000011111 7
r0.871002197265625 X
r0.460418701171875 Y
r-0.445343017578125 V
r0.094024658203125 W
b1100101111 2
b110011 5
b1100101111 4
r2.438202500343323e-06 R
r6.055459380149841e-06 S
r0.150848388671875 P
r-0.613555908203125 Q
b100 1
b101111 3
r0.1508508268743753 T
r-0.6135498527437449 U
1-
#8310000
0-
#8315000
b111100101000001010001010100110001 J
b11011100101011110010011011111 K
b111100101000001001101010100110001 L
b11011100101011010010011011111 M
b10011000110110 #
b10011000110110 H
b1110010110001011 "
b1110010110001011 I
b11101110110111100000111010110111 E
b11110110001001101100011001111010 F
b11011111010000101111010011001110 D
b11111010110110001001100110101101 G
b1100110111110010 B
b110000111110001 C
b11010101001110 @
b11000000011111 A
b110111101111101 +
b110111101111101 8
b11101011101111 ,
b11101011101111 9
b1100011011111111 )
b1100011011111111 6
b110000001001 *
b110000001001 7
r-0.475341796875 X
r0.108123779296875 Y
r0.519927978515625 V
r-0.77032470703125 W
b1100110000 2
b110100 5
b1100110000 4
r6.621703505516052e-07 R
r1.479964703321457e-05 S
r0.68072509765625 P
r-0.836273193359375 Q
b100 1
b110000 3
r0.6807257598266006 T
r-0.8362583937123418 U
1-
#8320000
0-
#8325000
b1010111111000100110010111100 J
b11100110101010111001001110011 K
b1010111111000000110010111100 L
b11100110101010011001001110011 M
b110111101111101 B
b11101011101111 C
b1100011011111111 @
b110000001001 A
b10100011001001011110001101110 E
b11110110100101110101000001001110 F
b11110101100100111101100110111100 D
b10010011010010000110000101111 G
b1100101000001010 #
b1100101000001010 H
b11011100101011 "
b11011100101011 I
b1100001100101000 +
b1100001100101000 8
b110111010111 ,
b110111010111 9
b100001010001101 )
b100001010001101 6
b1001110101100110 *
b1001110101100110 7
r-0.022308349609375 X
r-0.15472412109375 Y
r0.70458984375 V
r-0.623382568359375 W
b1100110001 2
b110101 5
b1100110001 4
r4.652887582778931e-06 R
r5.859881639480591e-06 S
r0.29852294921875 P
r-0.206695556640625 Q
b100 1
b110001 3
r0.2985276021063328 T
r-0.2067014165222645 U
1-
#8330000
0-
#8335000
b111111000000111101001010101110110 J
b11011100110001100101011100100 K
b111111000000111100101010101110110 L
b11011100110001000101011100100 M
b1010111111000 #
b1010111111000 H
b11100110101010 "
b11100110101010 I
b11110010111000001000111000010001 E
b101001111011100011101100101 F
b11100111001011001011101110000011 D
b10110001010100011001100111 G
b1100001100101000 B
b110111010111 C
b100001010001101 @
b1001110101100110 A
b1111110100100101 +
b1111110100100101 8
b1110110000110010 ,
b1110110000110010 9
b101101000110000 )
b101101000110000 6
b1011000000110101 *
b1011000000110101 7
r0.41644287109375 X
r-0.656494140625 Y
r-0.11236572265625 V
r-0.873779296875 W
b1100110010 2
b110110 5
b1100110010 4
r1.020636409521103e-05 R
r8.790753781795502e-06 S
r-0.42156982421875 P
r0.430999755859375 Q
b100 1
b110010 3
r-0.4215800305828452 T
r0.4310085466131568 U
1-
#8340000
0-
#8345000
b11011000010001001011101011011 J
b1010011111001101000110100010 K
b11011000010000101011101011011 L
b1010011111001001000110100010 M
b1111110100100101 B
b1110110000110010 C
b101101000110000 @
b1011000000110101 A
b11100110010000110101101011 E
b10111011011110100100111110000 F
b11110000001011101100110100001000 D
b11111010101010110101111010101010 G
b1111000000111101 #
b1111000000111101 H
b11011100110001 "
b11011100110001 I
b11010101001110 +
b11010101001110 8
b1010101111111000 ,
b1010101111111000 9
b1111000110011110 )
b1111000110011110 6
b1001000000101000 *
b1001000000101000 7
r-0.947509765625 X
r0.5753173828125 Y
r-0.279083251953125 V
r-0.220123291015625 W
b1100110011 2
b110111 5
b1100110011 4
r3.03611159324646e-06 R
r1.202803105115891e-05 S
r0.171630859375 P
r0.45050048828125 Q
b100 1
b110011 3
r0.1716338954865932 T
r0.4505125163123012 U
1-
#8350000
0-
#8355000
b111111001111010011111011000001001 J
b111001011100000110101101010 K
b111111001111010011011011000001001 L
b111001011011100110101101010 M
b11011000010001 #
b11011000010001 H
b1010011111001 "
b1010011111001 I
b11111001000001011101110101100000 E
b111000111101100010101001 F
b11111110111111100111100011110000 D
b110001011000100011001011010 G
b11010101001110 B
b1010101111111000 C
b1111000110011110 @
b1001000000101000 A
b1000011010111000 +
b1000011010111000 8
b100100110100100 ,
b100100110100100 9
b1101110001000111 )
b1101110001000111 6
b1110001111010011 *
b1110001111010011 7
r-0.132080078125 X
r0.570037841796875 Y
r-0.333465576171875 V
r-0.182891845703125 W
b1100110100 2
b111000 5
b1100110100 4
r1.014210283756256e-05 R
r2.596527338027954e-06 S
r-0.123138427734375 P
r0.431182861328125 Q
b100 1
b110100 3
r-0.1231485698372126 T
r0.431185457855463 U
1-
#8360000
0-
#8365000
b111101101011011110000111101000000 J
b100111101101010100101010011100 K
b111101101011011101100111101000000 L
b100111101101010000101010011100 M
b1000011010111000 B
b100100110100100 C
b1101110001000111 @
b1110001111010011 A
b100101110001001101100010000 E
b11101000101101100011010000110000 F
b11111101000000010101010000100100 D
b100100101101100101111011000000 G
b1111001111010011 #
b1111001111010011 H
b111001011100 "
b111001011100 I
b1110111100011000 +
b1110111100011000 8
b100100011110111 ,
b100100011110111 9
b1101010101010001 )
b1101010101010001 6
b1110100010010111 *
b1110100010010111 7
r0.576904296875 X
r-0.24566650390625 Y
r-0.645904541015625 V
r-0.03668212890625 W
b1100110101 2
b111001 5
b1100110101 4
r9.690411388874054e-06 R
r4.20399010181427e-06 S
r0.422393798828125 P
r0.163848876953125 Q
b100 1
b110101 3
r0.4223841084167361 T
r0.1638530809432268 U
1-
#8370000
0-
#8375000
b11000100101100111000100100 J
b111100110111110001110000100100100 K
b11000100101000111000100100 L
b111100110111110001010000100100100 M
b1101101011011110 #
b1101101011011110 H
b100111101101010 "
b100111101101010 I
b11110101101110010101110001111100 E
b1101010110010011000110101000 F
b10000111011000111110100001000 D
b11110111111001010001111000101100 G
b1110111100011000 B
b100100011110111 C
b1101010101010001 @
b1110100010010111 A
b100100111011000 +
b100100111011000 8
b1110000010001110 ,
b1110000010001110 9
b1010110101010011 )
b1010110101010011 6
b1111101101001110 *
b1111101101001110 7
r-0.97686767578125 X
r0.9698486328125 Y
r0.826751708984375 V
r0.200836181640625 W
b1100110110 2
b111010 5
b1100110110 4
r1.288298517465591e-05 R
r1.206062734127045e-05 S
r-0.095123291015625 P
r0.1121826171875 Q
b100 1
b110110 3
r-0.09511040803045034 T
r0.1121705565601587 U
1-
#8380000
0-
#8385000
b111110101011000011010000001001111 J
b111110110100000101000001100011001 K
b111110101011000010110000001001111 L
b111110110100000100100001100011001 M
b100100111011000 B
b1110000010001110 C
b1010110101010011 @
b1111101101001110 A
b11110011110101011001100100100111 E
b1100010111100011100101000 F
b10110100011001111010011000 D
b11111001010100111110000110110001 G
b11000100101 #
b11000100101 H
b1100110111110001 "
b1100110111110001 I
b1000001011110110 +
b1000001011110110 8
b111110000100100 ,
b111110000100100 9
b110100111010011 )
b110100111010011 6
b1100110110101 *
b1100110110101 7
r-0.268524169921875 X
r-0.237152099609375 Y
r-0.35546875 V
r-0.4327392578125 W
b1100110111 2
b111011 5
b1100110111 4
r1.162290573120117e-05 R
r2.52947211265564e-06 S
r-0.29010009765625 P
r0.62042236328125 Q
b100 1
b110111 3
r-0.2901117205619812 T
r0.6204248927533627 U
1-
#8390000
0-
#8395000
b1000110011010100101111011010 J
b11000011011001111110000111100 K
b1000110011010000101111011010 L
b11000011011001011110000111100 M
b1110101011000011 #
b1110101011000011 H
b1110110100000101 "
b1110110100000101 I
b1010001001111100010000001010 E
b11111110101001010100011111010000 F
b11101000001001101110100100001000 D
b100100111010010101000100 G
b1000001011110110 B
b111110000100100 C
b110100111010011 @
b1100110110101 A
b1101110110100001 +
b1101110110100001 8
b1110000110100101 ,
b1110000110100101 9
b1101001010000000 )
b1101001010000000 6
b1100100010011100 *
b1100100010011100 7
r-0.1673583984375 X
r0.038848876953125 Y
r-0.68609619140625 V
r-0.91558837890625 W
b1100111000 2
b111100 5
b1100111000 4
r3.371387720108032e-06 R
r7.90134072303772e-06 S
r0.048004150390625 P
r-0.391082763671875 Q
b100 1
b111000 3
r0.04800752177834511 T
r-0.391074862331152 U
1-
#8400000
0-
#8405000
b100110110000101111001110011010 J
b1000000001001111011001010110010 K
b100110110000101011001110011010 L
b1000000001001110111001010110010 M
b1101110110100001 B
b1110000110100101 C
b1101001010000000 @
b1100100010011100 A
b110011010100010001010110101100 E
b11110011011100011001110111101110 F
b11001100010011111101011011000010 D
b1100011101110100100101110100 G
b1000110011010 #
b1000110011010 H
b11000011011001 "
b11000011011001 I
b1110101010010100 +
b1110101010010100 8
b10011111001 ,
b10011111001 9
b1010100000101110 )
b1010100000101110 6
b1000101011001110 *
b1000101011001110 7
r-0.92041015625 X
r0.6761474609375 Y
r-0.987640380859375 V
r-0.337921142578125 W
b1100111001 2
b111101 5
b1100111001 4
r7.555820047855377e-06 R
r1.452025026082993e-05 S
r-0.165924072265625 P
r-0.148284912109375 Q
b100 1
b111001 3
r-0.1659316280856729 T
r-0.1482994323596358 U
1-
#8410000
0-
#8415000
b1100110101010100001010011100 J
b11101011100011000001100 K
b1100110101010000001010011100 L
b11101011000011000001100 M
b100110110000101 #
b100110110000101 H
b111111111111111 "
b111111111111111 I
b101011001010010110010000000 E
b111011011111101011000011100 F
b110000110111110001010000000 D
b110100100010110100010001100 G
b1110101010010100 B
b10011111001 C
b1010100000101110 @
b1000101011001110 A
b1000101000110000 +
b1000101000110000 8
b101011010001100 ,
b101011010001100 9
b1000000110010101 )
b1000000110010101 6
b1101010010111111 *
b1101010010111111 7
r0.17462158203125 X
r0.19232177734375 Y
r0.076385498046875 V
r0.320098876953125 W
b1100111010 2
b111110 5
b1100111010 4
r2.825632691383362e-06 R
r1.436099410057068e-05 S
r0.13751220703125 P
r0.381622314453125 Q
b100 1
b111010 3
r0.1375150326639414 T
r0.3816366754472256 U
1-
#8420000
0-
#8425000
b1000000110100001011111010110 J
b111110110011000000011001111000110 K
b1000000110011101011111010110 L
b111110110010111111111001111000110 M
b1000101000110000 B
b101011010001100 C
b1000000110010101 @
b1101010010111111 A
b11111110010010110100110010111110 E
b1001110011101000101100011000 F
b111010110010100011010011000 D
b11111101101110010011101001011110 G
b1100110101010 #
b1100110101010 H
b11101011 "
b11101011 I
b1011001011010 +
b1011001011010 8
b1100010011110 ,
b1100010011110 9
b100111000111 )
b100111000111 6
b10100011111001 *
b10100011111001 7
r-0.874267578125 X
r0.05706787109375 Y
r0.222259521484375 V
r-0.42755126953125 W
b1100111011 2
b111111 5
b1100111011 4
r1.230277121067047e-05 R
r0 S
r0.605621337890625 P
r0.999969482421875 Q
b100 1
b111011 3
r0.6056336406618357 T
r0.999969482421875 U
1-
#8430000
0-
#8435000
b111101001001010110000010101001100 J
b110110111001100110010010010000100 K
b111101001001010101100010101001100 L
b110110111001100101110010010000100 M
b1000000110100 #
b1000000110100 H
b1110110011000000 "
b1110110011000000 I
b11010101010000101110101101111100 E
b10011111001111101100111010000 F
b111010001011011001110111110000 D
b11110001011000001000001001110100 G
b1011001011010 B
b1100010011110 C
b100111000111 @
b10100011111001 A
b1001000000011000 +
b1001000000011000 8
b11101001110 ,
b11101001110 9
b1110001110011 )
b1110001110011 6
b1100100101000110 *
b1100100101000110 7
r0.850921630859375 X
r0.74530029296875 Y
r-0.032318115234375 V
r0.3172607421875 W
b1100111100 2
b0 5
b1100111100 4
r6.221234798431396e-07 R
r1.441687345504761e-06 S
r0.20050048828125 P
r0.007171630859375 Q
b100 1
b111100 3
r0.2005011104047298 T
r0.007173072546720505 U
1-
#8440000
0-
#8445000
b100100001001011111001011100 J
b11000101100101011110111000 K
b100100001000111111001011100 L
b11000101100001011110111000 M
b1001000000011000 B
b11101001110 C
b1110001110011 @
b1100100101000110 A
b111100001011000011010010 E
b11100100111100110110001010 F
b110110101000100111110110 D
b11111100001010000110101110 G
b1101001001010110 #
b1101001001010110 H
b1000000000000000 "
b1000000000000000 I
b110110011101011 +
b110110011101011 8
b101111101100110 ,
b101111101100110 9
b1111101111011101 )
b1111101111011101 6
b10100010011100 *
b10100010011100 7
r0.749420166015625 X
r0.12420654296875 Y
r-0.77655029296875 V
r0.076507568359375 W
b1100111101 2
b1 5
b1100111101 4
r9.57585871219635e-06 R
r2.915039658546448e-06 S
r0.1265869140625 P
r-0.150390625 Q
b100 1
b111101 3
r0.1265773382037878 T
r-0.1503935400396585 U
1-
#8450000
0-
#8455000
b11000101111000100111010011010 J
b1010111000000010001010001100 K
b11000101111000000111010011010 L
b1010110111111110001010001100 M
b100100001001 #
b100100001001 H
b11000101100 "
b11000101100 I
b110011111101000000001010 E
b10111111011000011111010010000 F
b11110011100100000101101011001000 D
b11111110011100000011110101010100 G
b110110011101011 B
b101111101100110 C
b1111101111011101 @
b10100010011100 A
b101111111101101 +
b101111111101101 8
b111111100110 ,
b111111100110 9
b1001110010011010 )
b1001110010011010 6
b100111001011 *
b100111001011 7
r0.458251953125 X
r-0.73187255859375 Y
r-0.47613525390625 V
r-0.071075439453125 W
b1100111110 2
b10 5
b1100111110 4
r1.399591565132141e-05 R
r0 S
r-0.35675048828125 P
r-1 Q
b100 1
b111110 3
r-0.3567644841969013 T
r-1 U
1-
#8460000
0-
#8465000
b1111101111001011010001000010 J
b10000111001001110001001001001 K
b1111101111000111010001000010 L
b10000111001001010001001001001 M
b101111111101101 B
b111111100110 C
b1001110010011010 @
b100111001011 A
b11111110011101010101110100001110 E
b10001010001110001011100110100 F
b11111110001111010110111111011111 D
b1111001000100001001000101000 G
b11000101111000 #
b11000101111000 H
b1010111000000 "
b1010111000000 I
b11101010101000 +
b11101010101000 8
b1010001001010010 ,
b1010001001010010 9
b1100001100001110 )
b1100001100001110 6
b1111011011100111 *
b1111011011100111 7
r-0.486480712890625 X
r0.29473876953125 Y
r0.86444091796875 V
r0.980133056640625 W
b1100111111 2
b11 5
b1100111111 4
r3.91155481338501e-07 R
r5.654990673065186e-06 S
r0.070587158203125 P
r0.0482177734375 Q
b100 1
b111111 3
r0.07058676704764366 T
r0.04822342842817307 U
1-
#8470000
0-
#8475000
b111111101011111110101111001001011 J
b100101110110101101000011010000 K
b111111101011111110001111001001011 L
b100101110110101001000011010000 M
b1111101111001 #
b1111101111001 H
b10000111001001 "
b10000111001001 I
b11111001110100111011100001011100 E
b11101010110110010111101111 F
b11011010110000010010000010010010 D
b100110111011000101100010 G
b11101010101000 B
b1010001001010010 C
b1100001100001110 @
b1111011011100111 A
b1100000110111011 +
b1100000110111011 8
b10010110111010 ,
b10010110111010 9
b110111010100110 )
b110111010100110 6
b111110101110101 *
b111110101110101 7
r0.134185791015625 X
r0.316741943359375 Y
r-0.384185791015625 V
r0.71356201171875 W
b1101000000 2
b100 5
b1101000000 4
r3.481283783912659e-06 R
r7.022172212600708e-06 S
r0.386474609375 P
r0.169921875 Q
b100 1
b0 3
r0.3864780906587839 T
r0.1699148528277874 U
1-
#8480000
0-
#8485000
b10100001101111111010000010100 J
b10001010010110101011011001110 K
b10100001101111011010000010100 L
b10001010010110001011011001110 M
b1100000110111011 B
b10010110111010 C
b110111010100110 @
b111110101110101 A
b10110010011010101011001111100 E
b11111101111010100101110110011000 F
b11110010000010010010110100110000 D
b11010101000100001111111110 G
b1111101011111110 #
b1111101011111110 H
b100101110110101 "
b100101110110101 I
b1000100101101 +
b1000100101101 8
b10100010001011 ,
b10100010001011 9
b1100111011010011 )
b1100111011010011 6
b101101101010110 *
b101101101010110 7
r-0.15191650390625 X
r-0.897674560546875 Y
r-0.5172119140625 V
r-0.933929443359375 W
b1101000001 2
b101 5
b1101000001 4
r2.799555659294128e-06 R
r8.174218237400055e-06 S
r0.245880126953125 P
r0.263946533203125 Q
b100 1
b1 3
r0.2458773273974657 T
r0.2639547074213624 U
1-
#8490000
0-
#8495000
b111110001110010100111110000010011 J
b101101011001110101011011000000 K
b111110001110010100011110000010011 L
b101101011001110001011011000000 M
b10100001101111 #
b10100001101111 H
b10001010010110 "
b10001010010110 I
b10000010011100110001010011100 E
b11100001011110111101100101110111 F
b11100101000101011111100101000010 D
b10010011111010001000000000010 G
b1000100101101 B
b10100010001011 C
b1100111011010011 @
b101101101010110 A
b1110110010001110 +
b1110110010001110 8
b1000110100011001 ,
b1000110100011001 9
b1011110111001100 )
b1011110111001100 6
b1000100001110101 *
b1000100001110101 7
r0.178253173828125 X
r-0.46160888671875 Y
r0.976593017578125 V
r-0.428192138671875 W
b1101000010 2
b110 5
b1101000010 4
r7.222406566143036e-06 R
r4.00841236114502e-06 S
r-0.03912353515625 P
r0.591461181640625 Q
b100 1
b10 3
r-0.03911631274968386 T
r0.5914651900529861 U
1-
#8500000
0-
#8505000
b111111110010101110100100010101111 J
b10001110000111110100110011011 K
b111111110010101110000100010101111 L
b10001110000111010100110011011 M
b1110110010001110 B
b1000110100011001 C
b1011110111001100 @
b1000100001110101 A
b11111000001101100100010010010001 E
b110001000001100010000011110 F
b11111100101100110101111000010111 D
b1110011101110000011110110010 G
b1110001110010100 #
b1110001110010100 H
b101101011001110 "
b101101011001110 I
b1011011010001 +
b1011011010001 8
b1100010011101010 ,
b1100010011101010 9
b111110100000001 )
b111110100000001 6
b1100100100110001 *
b1100100100110001 7
r-0.89129638671875 X
r-0.50970458984375 Y
r0.370086669921875 V
r0.418304443359375 W
b1101000011 2
b111 5
b1101000011 4
r1.241639256477356e-05 R
r5.437061190605164e-06 S
r0.315887451171875 P
r0.27020263671875 Q
b100 1
b11 3
r0.3158998675644398 T
r0.2702080737799406 U
1-
#8510000
0-
#8515000
b100110110010111011000111010010 J
b110000101000001010110101000101 K
b100110110010110111000111010010 L
b110000101000000110110101000101 M
b1111110010101110 #
b1111110010101110 H
b10001110000111 "
b10001110000111 I
b11101101101101110010011101100 E
b1001000101001000110011100110 F
b101000001110101011100101000 D
b110101101001111100010001101101 G
b1011011010001 B
b1100010011101010 C
b111110100000001 @
b1100100100110001 A
b1000110111101010 +
b1000110111101010 8
b1011111011000010 ,
b1011111011000010 9
b10111101011111 )
b10111101011111 6
b11010110001011 *
b11010110001011 7
r0.548095703125 X
r-0.84808349609375 Y
r0.603759765625 V
r-0.24176025390625 W
b1101000100 2
b1000 5
b1101000100 4
r1.432280987501144e-05 R
r5.424022674560547e-06 S
r-0.2220458984375 P
r0.70941162109375 Q
b100 1
b100 3
r-0.222031575627625 T
r0.7094170451164246 U
1-
#8520000
0-
#8525000
b111011110010000111011110111101011 J
b1100000101000011011111001 K
b111011110010000110111110111101011 L
b1100000100100011011111001 M
b1000110111101010 B
b1011111011000010 C
b10111101011111 @
b11010110001011 A
b11100011001001100000011011101010 E
b11111011000111010111011100000001 F
b1011001001000010001111010001 D
b1100101001100110101011001010 G
b100110110010111 #
b100110110010111 H
b110000101000001 "
b110000101000001 I
b100011000101000 +
b100011000101000 8
b1001001101110010 ,
b1001001101110010 9
b100110101001000 )
b100110101001000 6
b1110000100001110 *
b1110000100001110 7
r-0.48968505859375 X
r-0.520538330078125 Y
r0.11181640625 V
r-0.87890625 W
b1101000101 2
b1001 5
b1101000101 4
r2.070330083370209e-06 R
r9.919516742229462e-06 S
r-0.02593994140625 P
r0.277557373046875 Q
b100 1
b101 3
r-0.02593787107616663 T
r0.2775672925636172 U
1-
#8530000
0-
#8535000
b111011100000100010010100000001100 J
b111011101110101110110000000 K
b111011100000100001110100000001100 L
b111011101110001110110000000 M
b1011110010000111 #
b1011110010000111 H
b1100000101 "
b1100000101 I
b11110011111011010110011111111110 E
b11101000001000111000000000001110 F
b11101010111000111001111111010110 D
b11110010010110101011110101010110 G
b100011000101000 B
b1001001101110010 C
b100110101001000 @
b1110000100001110 A
b1100000101010010 +
b1100000101010010 8
b1011110101011111 ,
b1011110101011111 9
b111001010000 )
b111001010000 6
b1000111110000000 *
b1000111110000000 7
r-0.76947021484375 X
r0.80328369140625 Y
r-0.96319580078125 V
r0.2679443359375 W
b1101000110 2
b1010 5
b1101000110 4
r3.380700945854187e-06 R
r4.465691745281219e-06 S
r0.606170654296875 P
r0.759796142578125 Q
b100 1
b110 3
r0.6061672735959291 T
r0.7597916768863797 U
1-
#8540000
0-
#8545000
b111010110110000000000000001000000 J
b111110111111100011011111011111100 K
b111010110101111111100000001000000 L
b111110111111100010111111011111100 M
b1100000101010010 B
b1011110101011111 C
b111001010000 @
b1000111110000000 A
b11011111001110101100001000010000 E
b11110111100001001111111000110000 F
b10101001011011100001101000000 D
b1101000111110100001000111100 G
b1011100000100010 #
b1011100000100010 H
b111011101110 "
b111011101110 I
b1001110110000010 +
b1001110110000010 8
b110011011010010 ,
b110011011010010 9
b1000010010110110 )
b1000010010110110 6
b10001001001100 *
b10001001001100 7
r-0.064361572265625 X
r0.2110595703125 Y
r-0.198028564453125 V
r0.3333740234375 W
b1101000111 2
b1011 5
b1101000111 4
r4.9639493227005e-07 R
r1.359637826681137e-05 S
r-0.527130126953125 P
r0.023590087890625 Q
b100 1
b111 3
r-0.5271306233480573 T
r0.02357649151235819 U
1-
#8550000
0-
#8555000
b10111110100100001011010110000 J
b100000110010010001101011100000 K
b10111110100011101011010110000 L
b100000110010001101101011100000 M
b1010110110000000 #
b1010110110000000 H
b1110111111100011 "
b1110111111100011 I
b11111100010001100101111110110000 E
b11011100010110111011100000000 F
b11111100011111101110010110100000 D
b11101010001111100000010000000 G
b1001110110000010 B
b110011011010010 C
b1000010010110110 @
b10001001001100 A
b1111011111000011 +
b1111011111000011 8
b1101100000100 ,
b1101100000100 9
b1110011010100111 )
b1110011010100111 6
b10101010101100 *
b10101010101100 7
r0.487640380859375 X
r-0.20391845703125 Y
r0.5093994140625 V
r-0.401641845703125 W
b1101001000 2
b1100 5
b1101001000 4
r5.710870027542114e-06 R
r7.033348083496094e-06 S
r-0.56146240234375 P
r0.11663818359375 Q
b100 1
b1000 3
r-0.5614681132137775 T
r0.1166452169418335 U
1-
#8560000
0-
#8565000
b111000001010010011010011111100100 J
b111011110010101111010011111101100 K
b111000001010010010110011111100100 L
b111011110010101110110011111101100 M
b1111011111000011 B
b1101100000100 C
b1110011010100111 @
b10101010101100 A
b11001110011110110110000101001100 E
b11110010110011100000011010011000 F
b101111011011110000001001101100 D
b1101110001100110101001011000 G
b10111110100100 #
b10111110100100 H
b100000110010010 "
b100000110010010 I
b11111001101011 +
b11111001101011 8
b1110010111100110 ,
b1110010111100110 9
b100000100110100 )
b100000100110100 6
b1100110010010111 *
b1100110010010111 7
r-0.381103515625 X
r-0.63519287109375 Y
r-0.866790771484375 V
r-0.262237548828125 W
b1101001001 2
b1101 5
b1101001001 4
r1.519918441772461e-05 R
r2.421438694000244e-07 S
r-0.64453125 P
r-0.125885009765625 Q
b100 1
b1001 3
r-0.6445464491844177 T
r-0.1258852519094944 U
1-
#8570000
0-
#8575000
b111111011111100111110110010100000 J
b11101100000011110001111011 K
b111111011111100111010110010100000 L
b11101011111111110001111011 M
b1000001010010011 #
b1000001010010011 H
b1011110010101111 "
b1011110010101111 I
b11111101010100110011011110011100 E
b11111110101000000111010100000100 F
b110100001101001000110101 D
b100100000001100111010110000 G
b11111001101011 B
b1110010111100110 C
b100000100110100 @
b1100110010010111 A
b1100111100111000 +
b1100111100111000 8
b1010111010110010 ,
b1010111010110010 9
b1001000100001101 )
b1001000100001101 6
b1101111001101111 *
b1101111001101111 7
r0.977874755859375 X
r0.696929931640625 Y
r-0.023284912109375 V
r-0.113983154296875 W
b1101001010 2
b1110 5
b1101001010 4
r9.849667549133301e-06 R
r8.851289749145508e-06 S
r0.3721923828125 P
r0.51226806640625 Q
b100 1
b1010 3
r0.3721825331449509 T
r0.5122592151165009 U
1-
#8580000
0-
#8585000
b111101100110100010110110111010101 J
b111110101010110000100100111101110 K
b111101100110100010010110111010101 L
b111110101010110000000100111101110 M
b1100111100111000 B
b1010111010110010 C
b1001000100001101 @
b1101111001101111 A
b11111001010110100001100010111000 E
b11110011011101110001010100011101 F
b1111111001011101100010111100 D
b101001111011110001010101010 G
b1111011111100111 #
b1111011111100111 H
b11101100000 "
b11101100000 I
b111110100101011 +
b111110100101011 8
b101100100110101 ,
b101100100110101 9
b1111110100000101 )
b1111110100000101 6
b1111000101101001 *
b1111000101101001 7
r-0.29571533203125 X
r-0.048095703125 Y
r-0.6385498046875 V
r-0.63494873046875 W
b1101001011 2
b1111 5
b1101001011 4
r5.748122930526733e-06 R
r5.74067234992981e-06 S
r-0.979888916015625 P
r-0.525909423828125 Q
b100 1
b1011 3
r-0.9798946641385555 T
r-0.5259151645004749 U
1-
#8590000
0-
#8595000
b101001101000100101101001010010 J
b111110101100001010001110101010110 K
b101001101000100001101001010010 L
b111110101100001001101110101010110 M
b1101100110100010 #
b1101100110100010 H
b1110101010110000 "
b1110101010110000 I
b100011001111001011000100001010 E
b110011001010110100101001000 F
b10101001001000011110111011000 D
b1010101010010001101100101110 G
b111110100101011 B
b101100100110101 C
b1111110100000101 @
b1111000101101001 A
b1101101000100110 +
b1101101000100110 8
b1111100111011000 ,
b1111100111011000 9
b1010111001000100 )
b1010111001000100 6
b1010111010111010 *
b1010111010111010 7
r-0.247894287109375 X
r0.31597900390625 Y
r-0.982086181640625 V
r-0.581878662109375 W
b1101001100 2
b10000 5
b1101001100 4
r1.063942909240723e-05 R
r8.391216397285461e-07 S
r-0.063262939453125 P
r0.0576171875 Q
b100 1
b1100 3
r-0.06325230002403259 T
r0.05761634837836027 U
1-
#8600000
0-
#8605000
b111110111110101000011000010101100 J
b111111100010111111100101011100110 K
b111110111110100111111000010101100 L
b111111100010111111000101011100110 M
b1101101000100110 B
b1111100111011000 C
b1010111001000100 @
b1010111010111010 A
b11111110111101100001111100001001 E
b11111000110111011101000110100011 F
b11111110100010101111000011010111 D
b11111010111010100111101110111101 G
b101001101000100 #
b101001101000100 H
b1110101100001010 "
b1110101100001010 I
b1110000001000101 +
b1110000001000101 8
b10100001110010 ,
b10100001110010 9
b1000001001001011 )
b1000001001001011 6
b1011010110000101 *
b1011010110000101 7
r0.679656982421875 X
r0.482879638671875 Y
r-0.8541259765625 V
r-0.206878662109375 W
b1101001101 2
b10001 5
b1101001101 4
r1.092720776796341e-05 R
r2.367421984672546e-06 S
r-0.29974365234375 P
r-0.16650390625 Q
b100 1
b1101 3
r-0.299732725135982 T
r-0.1665015388280153 U
1-
#8610000
0-
#8615000
b1101111110111100000011111100 J
b111110101110111101101000011011000 K
b1101111110111000000011111100 L
b111110101110111101001000011011000 M
b1110111110101000 #
b1110111110101000 H
b1111100010111111 "
b1111100010111111 I
b1111101110010110101100000 E
b1100000001000101001110011100 F
b1100000101011100011000011000 D
b1111101000101011011110000 G
b1110000001000101 B
b10100001110010 C
b1000001001001011 @
b1011010110000101 A
b101011011111111 +
b101011011111111 8
b11110111001111 ,
b11110111001111 9
b1001001010101100 )
b1001001010101100 6
b1110010110000101 *
b1110010110000101 7
r0.12481689453125 X
r0.062408447265625 Y
r0.6134033203125 V
r-0.4805908203125 W
b1101001110 2
b10010 5
b1101001110 4
r6.275251507759094e-06 R
r8.264556527137756e-06 S
r0.6505126953125 P
r-0.16375732421875 Q
b100 1
b1110 3
r0.6505189705640078 T
r-0.1637655887752771 U
1-
#8620000
0-
#8625000
b111110101010111110100101000111111 J
b111100100101001110001111100000011 K
b111110101010111110000101000111111 L
b111100100101001101101111100000011 M
b101011011111111 B
b11110111001111 C
b1001001010101100 @
b1110010110000101 A
b11101100001000111011110101100110 E
b1001001110110100110011011001 F
b1111100101001011111000110111 D
b11110100001110111001110100111010 G
b1101111110111 #
b1101111110111 H
b1110101110111101 "
b1110101110111101 I
b111111111010 +
b111111111010 8
b11111111101 ,
b11111111101 9
b100111010000100 )
b100111010000100 6
b1100001001111100 *
b1100001001111100 7
r-0.314910888671875 X
r0.510589599609375 Y
r-0.73638916015625 V
r0.721466064453125 W
b1101001111 2
b10011 5
b1101001111 4
r3.654509782791138e-06 R
r2.598389983177185e-06 S
r-0.127685546875 P
r-0.056671142578125 Q
b100 1
b1111 3
r-0.1276892013847828 T
r-0.05666854418814182 U
1-
#8630000
0-
#8635000
b111011100100110110010001010001111 J
b11110110000101010011000110111 K
b111011100100110101110001010001111 L
b11110110000100110011000110111 M
b1110101010111110 #
b1110101010111110 H
b1100100101001110 "
b1100100101001110 I
b11100101100110101001010100010100 E
b11110111000000000100110101111011 F
b11011010110110001110000101010100 D
b11111001100110110100011110001011 G
b111111111010 B
b11111111101 C
b100111010000100 @
b1100001001111100 A
b1101011110110001 +
b1101011110110001 8
b100000101011011 ,
b100000101011011 9
b1010000110111110 )
b1010000110111110 6
b101110001011001 *
b101110001011001 7
r-0.57989501953125 X
r-0.32513427734375 Y
r0.797088623046875 V
r-0.18621826171875 W
b1101010000 2
b10100 5
b1101010000 4
r2.346932888031006e-07 R
r4.015862941741943e-06 S
r0.218475341796875 P
r-0.158294677734375 Q
b100 1
b10000 3
r0.2184755764901638 T
r-0.1582906618714333 U
1-
#8640000
0-
#8645000
b111111110100111001010010110001100 J
b111111001001011100110111110100100 K
b111111110100111000110010110001100 L
b111111001001011100010111110100100 M
b1101011110110001 B
b100000101011011 C
b1010000110111110 @
b101110001011001 A
b10011100110011010001110100 E
b11111100001010010011000100011000 F
b100111001100110100011101000 D
b11111110000101001001100010001100 G
b1011100100110110 #
b1011100100110110 H
b11110110000101 "
b11110110000101 I
b1011010111000110 +
b1011010111000110 8
b1101011001100010 ,
b1101011001100010 9
b110011000000111 )
b110011000000111 6
b1110100000101010 *
b1110100000101010 7
r-0.30352783203125 X
r-0.451690673828125 Y
r0.199737548828125 V
r-0.07989501953125 W
b1101010001 2
b10101 5
b1101010001 4
r2.4428591132164e-06 R
r7.865019142627716e-06 S
r-0.16607666015625 P
r-0.42730712890625 Q
b100 1
b10001 3
r-0.1660742172971368 T
r-0.4273149939253926 U
1-
#8650000
0-
#8655000
b111011001011001011001010100010011 J
b1000101111000100011001000101 K
b111011001011001010101010100010011 L
b1000101111000000011001000101 M
b1111110100111001 #
b1111110100111001 H
b1111001001011100 "
b1111001001011100 I
b11100111111011111011110010001010 E
b11110001011101011001100010001001 F
b1110110101110110011001011110 D
b10111100100110110110010100011 G
b1011010111000110 B
b1101011001100010 C
b110011000000111 @
b1110100000101010 A
b1101100100100110 +
b1101100100100110 8
b1100011000101111 ,
b1100011000101111 9
b1100110010001 )
b1100110010001 6
b1111010111000110 *
b1111010111000110 7
r0.5927734375 X
r0.32684326171875 Y
r-0.81610107421875 V
r-0.138946533203125 W
b1101010010 2
b10110 5
b1101010010 4
r7.019378244876862e-06 R
r6.147660315036774e-06 S
r-0.55303955078125 P
r0.480621337890625 Q
b100 1
b10010 3
r-0.5530465701594949 T
r0.48061519023031 U
1-
#8660000
0-
#8665000
b111110110010100110110101100101010 J
b100001011101010101111110101010 K
b111110110010100110010101100101010 L
b100001011101010001111110101010 M
b1101100100100110 B
b1100011000101111 C
b1100110010001 @
b1111010111000110 A
b11101111011010011110100010101110 E
b110111010010100001001111100 F
b11100010011010101101110001101010 D
b11110111111111110000010100 G
b1011001011001011 #
b1011001011001011 H
b1000101111000 "
b1000101111000 I
b100101111100000 +
b100101111100000 8
b10100111010110 ,
b10100111010110 9
b1001011110001010 )
b1001011110001010 6
b1110111000110111 *
b1110111000110111 7
r0.584075927734375 X
r-0.637451171875 Y
r0.61212158203125 V
r0.554046630859375 W
b1101010011 2
b10111 5
b1101010011 4
r6.306916475296021e-06 R
r1.135841012001038e-05 S
r-0.021697998046875 P
r-0.1065673828125 Q
b100 1
b10011 3
r-0.0217043049633503 T
r-0.10655602440238 U
1-
#8670000
0-
#8675000
b111111011110001110110100100000011 J
b110001100001100111011010100 K
b111111011110001110010100100000011 L
b110001100001000111011010100 M
b1110110010100110 #
b1110110010100110 H
b100001011101010 "
b100001011101010 I
b11111010001110011101011110011111 E
b1100011010101000101100100 F
b11111100000111101011010010000110 D
b10010011110100001101011010 G
b100101111100000 B
b10100111010110 C
b1001011110001010 @
b1110111000110111 A
b100101011000011 +
b100101011000011 8
b1010111001101000 ,
b1010111001101000 9
b100111001011010 )
b100111001011010 6
b100011011101011 *
b100011011101011 7
r-0.2755126953125 X
r-0.892608642578125 Y
r0.37200927734375 V
r-0.831268310546875 W
b1101010100 2
b11000 5
b1101010100 4
r1.023430377244949e-05 R
r1.494772732257843e-06 S
r-0.603179931640625 P
r0.136474609375 Q
b100 1
b10100 3
r-0.6031901659443974 T
r0.1364761041477323 U
1-
#8680000
0-
#8685000
b111101001101010001001010001111100 J
b11100000011100010101000111010 K
b111101001101010000101010001111100 L
b11100000011011110101000111010 M
b100101011000011 B
b1010111001101000 C
b100111001011010 @
b100011011101011 A
b11101110111011011100011101011100 E
b11111010101110101000110100100000 F
b11100001000010100000011011000000 D
b11111101000101111111000011111010 G
b1111011110001110 #
b1111011110001110 H
b110001100001 "
b110001100001 I
b1101110010111100 +
b1101110010111100 8
b1000110110111111 ,
b1000110110111111 9
b10111110011110 )
b10111110011110 6
b1001010110011001 *
b1001010110011001 7
r0.0462646484375 X
r-0.358917236328125 Y
r0.67108154296875 V
r0.882415771484375 W
b1101010101 2
b11001 5
b1101010101 4
r1.029111444950104e-05 R
r7.549300789833069e-06 S
r-0.15118408203125 P
r0.52276611328125 Q
b100 1
b10101 3
r-0.1511737909168005 T
r0.5227736625820398 U
1-
#8690000
0-
#8695000
b111111011101111010011001110010001 J
b111010010100001000001011011101010 K
b111111011101111001111001110010001 L
b111010010100000111101011011101010 M
b1101001101010001 #
b1101001101010001 H
b11100000011100 "
b11100000011100 I
b11100111000001110000000010010000 E
b10100101101011111001100000001 F
b10110111000011011001010001110 D
b11101001011001011000100101111000 G
b1101110010111100 B
b1000110110111111 C
b10111110011110 @
b1001010110011001 A
b10111101100 +
b10111101100 8
b1101001000001111 ,
b1101001000001111 9
b101010111100110 )
b101010111100110 6
b111000011110011 *
b111000011110011 7
r-0.60516357421875 X
r0.876312255859375 Y
r0.220184326171875 V
r-0.421417236328125 W
b1101010110 2
b11010 5
b1101010110 4
r9.777955710887909e-06 R
r3.535300493240356e-06 S
r-0.06597900390625 P
r0.096710205078125 Q
b100 1
b10110 3
r-0.06596922595053911 T
r0.09671374037861824 U
1-
#8700000
0-
#8705000
b111111001011010000010010100111110 J
b110110000011000110001000011111 K
b111111001011001111110010100111110 L
b110110000011000010001000011111 M
b10111101100 B
b1101001000001111 C
b101010111100110 @
b111000011110011 A
b11101010101111111000110011100010 E
b1110101010000101100001011100 F
b11111001011100001100000000001000 D
b101111011111001110001000100111 G
b1111011101111010 #
b1111011101111010 H
b1010010100001000 "
b1010010100001000 I
b1011001010001010 +
b1011001010001010 8
b111000000101011 ,
b111000000101011 9
b1110000101111 )
b1110000101111 6
b1100101000001111 *
b1100101000001111 7
r0.4178466796875 X
r-0.964080810546875 Y
r0.2744140625 V
r0.3326416015625 W
b1101010111 2
b11011 5
b1101010111 4
r1.037493348121643e-05 R
r5.191192030906677e-06 S
r-0.349090576171875 P
r0.4383544921875 Q
b100 1
b10111 3
r-0.3491009511053562 T
r0.4383493009954691 U
1-
#8710000
0-
#8715000
b111110011001100101101001101111110 J
b111101001101111101000011000110101 K
b111110011001100101001001101111110 L
b111101001101111100100011000110101 M
b1111001011010000 #
b1111001011010000 H
b110110000011000 "
b110110000011000 I
b11110000100101011011010001111010 E
b10100111001101111100000100 F
b1111111001010111000001000 D
b11101011101110101111010000111101 G
b1011001010001010 B
b111000000101011 C
b1110000101111 @
b1100101000001111 A
b11010101111100 +
b11010101111100 8
b1000010010011001 ,
b1000010010011001 9
b10001100100000 )
b10001100100000 6
b10101010010100 *
b10101010010100 7
r-0.07257080078125 X
r-0.50518798828125 Y
r-0.99981689453125 V
r0.02850341796875 W
b1101011000 2
b11100 5
b1101011000 4
r2.964399755001068e-06 R
r9.795650839805603e-06 S
r-0.06658935546875 P
r-0.710693359375 Q
b100 1
b11000 3
r-0.066592319868505 T
r-0.7107031550258398 U
1-
#8720000
0-
#8725000
b11100101010111110010111111011 J
b111110000111001001110000100101111 K
b11100101010111010010111111011 L
b111110000111001001010000100101111 M
b11010101111100 B
b1000010010011001 C
b10001100100000 @
b10101010010100 A
b1100010110010100101111100101 E
b10000010100100101101000010110 F
b11110111011110001101111101010110 D
b11101000010111011000000010000101 G
b1110011001100101 #
b1110011001100101 H
b1101001101111101 "
b1101001101111101 I
b1111011010110110 +
b1111011010110110 8
b1011111101010110 ,
b1011111101010110 9
b1000000000000110 )
b1000000000000110 6
b1110100110 *
b1110100110 7
r-0.64599609375 X
r-0.418701171875 Y
r0.13720703125 V
r-0.05029296875 W
b1101011001 2
b11101 5
b1101011001 4
r6.379559636116028e-06 R
r8.135102689266205e-06 S
r-0.10302734375 P
r0.844482421875 Q
b100 1
b11001 3
r-0.1030337233096361 T
r0.8444905569776893 U
1-
#8730000
0-
#8735000
b111110111111101110000000111010000 J
b111100100001000110101111011110100 K
b111110111111101101100000111010000 L
b111100100001000110001111011110100 M
b11100101010111 #
b11100101010111 H
b1110000111001001 "
b1110000111001001 I
b11101111000100010111111000100000 E
b1000111001010100001110110000 F
b111010101101010001110000000 D
b11101011011110011100001001110100 G
b1111011010110110 B
b1011111101010110 C
b1000000000000110 @
b1110100110 A
b1010110101010000 +
b1010110101010000 8
b1100101001101000 ,
b1100101001101000 9
b1000110010000 )
b1000110010000 6
b1111100110010000 *
b1111100110010000 7
r0.510955810546875 X
r0.430877685546875 Y
r-0.575897216796875 V
r-0.310882568359375 W
b1101011010 2
b11110 5
b1101011010 4
r4.647299647331238e-06 R
r1.3778917491436e-05 S
r-0.200042724609375 P
r-0.347747802734375 Q
b100 1
b11010 3
r-0.2000380773097277 T
r-0.3477615816518664 U
1-
#8740000
0-
#8745000
b100000001100011101100000001000 J
b111111010011011111000101110000000 K
b100000001100011001100000001000 L
b111111010011011110100101110000000 M
b1010110101010000 B
b1100101001101000 C
b1000110010000 @
b1111100110010000 A
b100000010100110111110000000100 E
b11111111110111100001110000000100 F
b100101001001100100001000100 D
b11111111000101000001001111000100 G
b1110111111101110 #
b1110111111101110 H
b1100100001000110 "
b1100100001000110 I
b100000101100111 +
b100000101100111 8
b11011100100111 ,
b11011100100111 9
b1011011001001001 )
b1011011001001001 6
b1101100000110101 *
b1101100000110101 7
r0.388519287109375 X
r0.486602783203125 Y
r-0.243408203125 V
r-0.77960205078125 W
b1101011011 2
b11111 5
b1101011011 4
r9.055249392986298e-06 R
r7.91158527135849e-06 S
r0.447967529296875 P
r-0.236053466796875 Q
b100 1
b11011 3
r0.447976584546268 T
r-0.2360455552116036 U
1-
#8750000
0-
#8755000
b111111110011001110100111110000000 J
b111000001010111010110000000 K
b111111110011001110000111110000000 L
b111000001010011010110000000 M
b100000001100011 #
b100000001100011 H
b1111010011011111 "
b1111010011011111 I
b11111100010100101100001010000000 E
b10000101000100110100000000 F
b11111010010100111100110100000000 D
b1010110010000001010000000 G
b100000101100111 B
b11011100100111 C
b1011011001001001 @
b1101100000110101 A
b11000110111011 +
b11000110111011 8
b11111001001001 ,
b11111001001001 9
b1110000011011000 )
b1110000011011000 6
b1001110000110110 *
b1001110000110110 7
r0.195404052734375 X
r0.739776611328125 Y
r-0.453369140625 V
r-0.52435302734375 W
b1101011100 2
b100000 5
b1101011100 4
r1.482665538787842e-05 R
r7.379800081253052e-06 S
r-0.12554931640625 P
r-0.43536376953125 Q
b100 1
b11100 3
r-0.1255641430616379 T
r-0.4353563897311687 U
1-
#8760000
0-
#8765000
b111100101111101000010011001110010 J
b1010010000101011001010110100 K
b111100101111100111110011001110010 L
b1010010000100111001010110100 M
b11000110111011 B
b11111001001001 C
b1110000011011000 @
b1001110000110110 A
b11110000000111100111010000011111 E
b11110101110101010111001001010011 F
b11101101001010101110000001011111 D
b11110111011011010101001100010011 G
b1111110011001110 #
b1111110011001110 H
b111000001010 "
b111000001010 I
b1100100000011 +
b1100100000011 8
b101111010110001 ,
b101111010110001 9
b1100010111111000 )
b1100010111111000 6
b1011110011100010 *
b1011110011100010 7
r-0.63232421875 X
r-0.69561767578125 Y
r0.251678466796875 V
r-0.727508544921875 W
b1101011101 2
b100001 5
b1101011101 4
r5.729496479034424e-06 R
r1.251697540283203e-05 S
r0.503021240234375 P
r-0.086944580078125 Q
b100 1
b11101 3
r0.503026969730854 T
r-0.08695709705352783 U
1-
#8770000
0-
#8775000
b111100101000010010001111100001010 J
b111101101110001100100100110011110 K
b111100101000010001101111100001010 L
b111101101110001100000100110011110 M
b1100101111101000 #
b1100101111101000 H
b1010010000101 "
b1010010000101 I
b11111000011010110110110110011000 E
b11101100100111010111000101110010 F
b11111001111100101001010111001000 D
b11100111101110001001111101100110 G
b1100100000011 B
b101111010110001 C
b1100010111111000 @
b1011110011100010 A
b1010111100010000 +
b1010111100010000 8
b1010011011110110 ,
b1010011011110110 9
b10000000110111 )
b10000000110111 6
b1010001011100001 *
b1010001011100001 7
r0.762939453125 X
r0.4195556640625 Y
r0.542449951171875 V
r-0.065521240234375 W
b1101011110 2
b100010 5
b1101011110 4
r3.695487976074219e-06 R
r1.275539398193359e-05 S
r-0.02496337890625 P
r0.10968017578125 Q
b100 1
b11110 3
r-0.02495968341827393 T
r0.1096929311752319 U
1-
#8780000
0-
#8785000
b111100011111110100111100100011110 J
b111101100110110000100101001011010 K
b111100011111110100011100100011110 L
b111101100110110000000101001011010 M
b1010111100010000 B
b1010011011110110 C
b10000000110111 @
b1010001011100001 A
b11101010100010001111000001111000 E
b11111001011100010100100010100110 F
b11111010010101001000100111101000 D
b11100111001011001001010001000010 G
b1100101000010010 #
b1100101000010010 H
b1101101110001100 "
b1101101110001100 I
b110000110101000 +
b110000110101000 8
b11010110110100 ,
b11010110110100 9
b100010101101111 )
b100010101101111 6
b1111011110011101 *
b1111011110011101 7
r0.75872802734375 X
r0.4732666015625 Y
r0.078338623046875 V
r0.44891357421875 W
b1101011111 2
b100011 5
b1101011111 4
r6.09271228313446e-06 R
r3.170222043991089e-06 S
r-0.406982421875 P
r0.160308837890625 Q
b100 1
b11111 3
r-0.4069885145872831 T
r0.160305667668581 U
1-
#8790000
0-
#8795000
b10010001111001101101111101010 J
b101010100100110000110111000110 K
b10010001111001001101111101010 L
b101010100100101100110111000110 M
b1100011111110100 #
b1100011111110100 H
b1101100110110000 "
b1101100110110000 I
b11110100110010111001111011011010 E
b11101011100001111110100010000 F
b11110101110100001001110001110000 D
b100000011000110110101000110110 G
b110000110101000 B
b11010110110100 C
b100010101101111 @
b1111011110011101 A
b110000100011110 +
b110000100011110 8
b11110010010100 ,
b11110010010100 9
b101000000111 )
b101000000111 6
b11100101110110 *
b11100101110110 7
r-0.52581787109375 X
r-0.858551025390625 Y
r-0.641326904296875 V
r-0.495025634765625 W
b1101100000 2
b100100 5
b1101100000 4
r7.858499884605408e-06 R
r2.292916178703308e-06 S
r-0.42132568359375 P
r-0.2847900390625 Q
b100 1
b100000 3
r-0.4213335420936346 T
r-0.2847877461463213 U
1-
#8800000
0-
#8805000
b1011010111100000100100010100 J
b111100011110000010011101110001100 K
b1011010111011100100100010100 L
b111100011110000001111101110001100 M
b110000100011110 B
b11110010010100 C
b101000000111 @
b11100101110110 A
b1110100100001100110100001100 E
b11111100110011001111110000001000 F
b11010011111001001111111011000 D
b11111110001111011001101101100100 G
b10010001111001 #
b10010001111001 H
b101010100100110 "
b101010100100110 I
b1011110010110010 +
b1011110010110010 8
b1001001000011011 ,
b1001001000011011 9
b1010110111101001 )
b1010110111101001 6
b1100000010100011 *
b1100000010100011 7
r-0.166595458984375 X
r-0.7640380859375 Y
r-0.380828857421875 V
r0.257049560546875 W
b1101100001 2
b100101 5
b1101100001 4
r1.361779868602753e-05 R
r2.468004822731018e-06 S
r-0.4378662109375 P
r-0.29931640625 Q
b100 1
b100001 3
r-0.437852593138814 T
r-0.2993139382451773 U
1-
#8810000
0-
#8815000
b11000001011000010000111100000 J
b1001110010110100110001100110 K
b11000001010111110000111100000 L
b1001110010110000110001100110 M
b1011010111100 #
b1011010111100 H
b1100011110000010 "
b1100011110000010 I
b10010111110111000000001100 E
b10101110011000111000111010100 F
b11110011011101001111010010 D
b1101100110001110000000111000 G
b1011110010110010 B
b1001001000011011 C
b1010110111101001 @
b1100000010100011 A
b1110101010101101 +
b1110101010101101 8
b1001111000110100 ,
b1001111000110100 9
b1100111101000001 )
b1100111101000001 6
b10000011100111 *
b10000011100111 7
r-0.31072998046875 X
r0.35540771484375 Y
r0.241973876953125 V
r-0.84393310546875 W
b1101100010 2
b100110 5
b1101100010 4
r6.655231118202209e-06 R
r1.197494566440582e-05 S
r0.284942626953125 P
r0.66522216796875 Q
b100 1
b100010 3
r0.2849492821842432 T
r0.6652101930230856 U
1-
#8820000
0-
#8825000
b110011111001100001111011101001 J
b101100111100111111100101111 K
b110011111001011101111011101001 L
b101100111100011111100101111 M
b1110101010101101 B
b1001111000110100 C
b1100111101000001 @
b10000011100111 A
b100011001111010011100110010011 E
b10000101010001010010101010110 F
b10101100101010000100000000010 D
b11011001100110100011100110001 G
b11000001011000 #
b11000001011000 H
b1001110010110 "
b1001110010110 I
b1101100000111010 +
b1101100000111010 8
b10110101111110 ,
b10110101111110 9
b1111011111001 )
b1111011111001 6
b1001001111111010 *
b1001001111111010 7
r0.7266845703125 X
r0.9322509765625 Y
r0.64813232421875 V
r-0.3070068359375 W
b1101100011 2
b100111 5
b1101100011 4
r1.309439539909363e-05 R
r1.061707735061646e-06 S
r0.1776123046875 P
r-0.44134521484375 Q
b100 1
b100011 3
r0.1775992102921009 T
r-0.4413462765514851 U
1-
#8830000
0-
#8835000
b1111111000011101100101001111 J
b111101111010111110000011111111111 K
b1111111000011001100101001111 L
b111101111010111101100011111111111 M
b110011111001100 #
b110011111001100 H
b101100111100 "
b101100111100 I
b10010100111110011011100110100 E
b11111101010000100110001000011011 F
b100000011110111100011101101 D
b11110011011011100100000011101100 G
b1101100000111010 B
b10110101111110 C
b1111011111001 @
b1001001111111010 A
b101110100000100 +
b101110100000100 8
b111011101010100 ,
b111011101010100 9
b101001011110110 )
b101001011110110 6
b1101100010110100 *
b1101100010110100 7
r-0.636138916015625 X
r0.770477294921875 Y
r-0.858856201171875 V
r-0.601776123046875 W
b1101100100 2
b101000 5
b1101100100 4
r7.18235969543457e-06 R
r2.956017851829529e-06 S
r0.377685546875 P
r0.15301513671875 Q
b100 1
b100100 3
r0.3776783645153046 T
r0.1530180927366018 U
1-
#8840000
0-
#8845000
b10110010010011011101000110010 J
b111110001100111011110101010100010 K
b10110010010010111101000110010 L
b111110001100111011010101010100010 M
b101110100000100 B
b111011101010100 C
b101001011110110 @
b1101100010110100 A
b101100000010000001110001110 E
b10000110010000111011010100100 F
b11111011001100000001110001101010 D
b11101100110011011100011100001100 G
b1111111000011 #
b1111111000011 H
b1101111010111110 "
b1101111010111110 I
b1010111010010011 +
b1010111010010011 8
b110001010011111 ,
b110001010011111 9
b1001001000010001 )
b1001001000010001 6
b1011001011111001 *
b1011001011111001 7
r0.370269775390625 X
r-0.333099365234375 Y
r0.67059326171875 V
r-0.059356689453125 W
b1101100101 2
b101001 5
b1101100101 4
r7.889233529567719e-06 R
r1.506414264440536e-05 S
r0.8109130859375 P
r0.0877685546875 Q
b100 1
b100101 3
r0.8109051967039704 T
r0.08778361883014441 U
1-
#8850000
0-
#8855000
b11000011001001001100110001000 J
b111001111100010100101110100111000 K
b11000011001000101100110001000 L
b111001111100010100001110100111000 M
b10110010010011 #
b10110010010011 H
b1110001100111011 "
b1110001100111011 I
b100110101010111001001010111000 E
b11110001101110001100011011010000 F
b11110001001001010100111011000 D
b11101101101011101100011100010000 G
b1010111010010011 B
b110001010011111 C
b1001001000010001 @
b1011001011111001 A
b10111101100101 +
b10111101100101 8
b1101010101011101 ,
b1101010101011101 9
b101010111010110 )
b101010111010110 6
b1111100001100111 *
b1111100001100111 7
r-0.579681396484375 X
r-0.789581298828125 Y
r0.984283447265625 V
r-0.330108642578125 W
b1101100110 2
b101010 5
b1101100110 4
r6.034038960933685e-06 R
r1.335237175226212e-05 S
r0.248138427734375 P
r-0.25982666015625 Q
b100 1
b100110 3
r0.2481444617733359 T
r-0.2598400125280023 U
1-
#8860000
0-
#8865000
b111101110001001100111110110001010 J
b110111111010111000100110011100100 K
b111101110001001100011110110001010 L
b110111111010111000000110011100100 M
b10111101100101 B
b1101010101011101 C
b101010111010110 @
b1111100001100111 A
b11010101101001100011101010001111 E
b11000100000000000001011111011 F
b100010111101110110110111000011 D
b11100010010100110111101010100111 G
b11000011001001 #
b11000011001001 H
b1001111100010100 "
b1001111100010100 I
b1011010111001101 +
b1011010111001101 8
b1001101011101111 ,
b1001101011101111 9
b111110111111101 )
b111110111111101 6
b1101010110111111 *
b1101010110111111 7
r0.301177978515625 X
r0.352691650390625 Y
r0.138031005859375 V
r-0.554046630859375 W
b1101100111 2
b101011 5
b1101100111 4
r1.383945345878601e-06 R
r1.016445457935333e-05 S
r0.348236083984375 P
r-0.224761962890625 Q
b100 1
b100111 3
r0.3482347000390291 T
r-0.2247517984360456 U
1-
#8870000
0-
#8875000
b111110000010011000110011001100001 J
b111110001011000000000100011111101 K
b111110000010011000010011001100001 L
b111110001010111111100100011111101 M
b1101110001001100 #
b1101110001001100 H
b1000000000000000 "
b1000000000000000 I
b11110001101101000011110010111110 E
b11111110100101111110100110100011 F
b1111111001000010011101101110 D
b1010000111111000001101011 G
b1011010111001101 B
b1001101011101111 C
b111110111111101 @
b1101010110111111 A
b10011010001101 +
b10011010001101 8
b10110100100101 ,
b10110100100101 9
b1000110101011 )
b1000110101011 6
b1011100100010101 *
b1011100100010101 7
r-0.0062255859375 X
r0.844024658203125 Y
r-0.168731689453125 V
r0.099395751953125 W
b1101101000 2
b101100 5
b1101101000 4
r9.171664714813232e-06 R
r6.966292858123779e-06 S
r0.381134033203125 P
r-0.7572021484375 Q
b100 1
b101000 3
r0.3811248615384102 T
r-0.7571951821446419 U
1-
#8880000
0-
#8885000
b111011010100000100100011000100110 J
b110101001100101110111010111000 K
b111011010100000100000011000100110 L
b110101001100101010111010111000 M
b10011010001101 B
b10110100100101 C
b1000110101011 @
b1011100100010101 A
b11001110010000101101000100110011 E
b1100001111110011010011110011 F
b11011011011110111100010010011001 D
b10000101011100111001101010001 G
b1110000010011000 #
b1110000010011000 H
b1110001011000000 "
b1110001011000000 I
b1111111100110100 +
b1111111100110100 8
b110110000001001 ,
b110110000001001 9
b1110101001100111 )
b1110101001100111 6
b110010111001 *
b110010111001 7
r0.345428466796875 X
r0.1282958984375 Y
r0.5379638671875 V
r-0.63372802734375 W
b1101101001 2
b101101 5
b1101101001 4
r1.467205584049225e-05 R
r0 S
r-0.2789306640625 P
r-1 Q
b100 1
b101001 3
r-0.2789159920066595 T
r-1 U
1-
#8890000
0-
#8895000
b111111000011011111110101101001000 J
b111110000110101011001001111011010 K
b111111000011011111010101101001000 L
b111110000110101010101001111011010 M
b1011010100000100 #
b1011010100000100 H
b110101001100101 "
b110101001100101 I
b11000111011001110010110111 E
b11110101010100100000111010010001 F
b10101010010001110100101111 D
b11110011011111100111000100001001 G
b1111111100110100 B
b110110000001001 C
b1110101001100111 @
b110010111001 A
b10110000110111 +
b10110000110111 8
b1000001101100 ,
b1000001101100 9
b100010011011100 )
b100010011011100 6
b1010111011100010 *
b1010111011100010 7
r0.55322265625 X
r0.790618896484375 Y
r-0.099029541015625 V
r-0.358428955078125 W
b1101101010 2
b101110 5
b1101101010 4
r9.150244295597076e-06 R
r1.311581581830978e-05 S
r-0.245361328125 P
r-0.228515625 Q
b100 1
b101010 3
r-0.2453521778807044 T
r-0.2285287408158183 U
1-
#8900000
0-
#8905000
b111110110110110001100111000110011 J
b101010011011000100010010101 K
b111110110110110001000111000110011 L
b101010011010100100010010101 M
b10110000110111 B
b1000001101100 C
b100010011011100 @
b1010111011100010 A
b11110110111000101011000110011111 E
b11111111111101011101110010010100 F
b100010011010111101100 D
b101010111100111111010000001 G
b1111000011011111 #
b1111000011011111 H
b1110000110101011 "
b1110000110101011 I
b100011011010000 +
b100011011010000 8
b110010100110011 ,
b110010100110011 9
b1111001101010011 )
b1111001101010011 6
b1101001000011111 *
b1101001000011111 7
r0.176513671875 X
r-0.848602294921875 Y
r-0.641204833984375 V
r-0.6055908203125 W
b1101101011 2
b101111 5
b1101101011 4
r1.465901732444763e-06 R
r1.113861799240112e-05 S
r-0.5858154296875 P
r0.831207275390625 Q
b100 1
b101011 3
r-0.5858139637857676 T
r0.8312184140086174 U
1-
#8910000
0-
#8915000
b111110110011010000111011101011110 J
b111101110111001111000110000010100 K
b111110110011010000011011101011110 L
b111101110111001110100110000010100 M
b1110110110110001 #
b1110110110110001 H
b101010011011 "
b101010011011 I
b100011010101100110011010000 E
b11110001111111010110101010001110 F
b1011111001001001101101000100 D
b11111010110010111110011101011000 G
b100011011010000 B
b110010100110011 C
b1111001101010011 @
b1101001000011111 A
b1011010011000 +
b1011010011000 8
b1001001101100001 ,
b1001001101100001 9
b1010110111101101 )
b1010110111101101 6
b1011001001111100 *
b1011001001111100 7
r-0.1024169921875 X
r-0.89935302734375 Y
r-0.52630615234375 V
r0.589508056640625 W
b1101101100 2
b110000 5
b1101101100 4
r1.03190541267395e-05 R
r1.052580773830414e-05 S
r-0.118194580078125 P
r-0.236968994140625 Q
b100 1
b101100 3
r-0.1181842610239983 T
r-0.2369795199483633 U
1-
#8920000
0-
#8925000
b111101110010011001010101110111001 J
b111110001010111101111000110111101 K
b111101110010011000110101110111001 L
b111110001010111101011000110111101 M
b1011010011000 B
b1001001101100001 C
b1010110111101101 @
b1011001001111100 A
b11111010111111010011100010001001 E
b11110011010011110011001100110000 F
b11111100011111100110010101110000 D
b11101101110111010001011100101101 G
b1110110011010000 #
b1110110011010000 H
b1101110111001111 "
b1101110111001111 I
b1111001011100100 +
b1111001011100100 8
b1000110011100010 ,
b1000110011100010 9
b1011110010100010 )
b1011110010100010 6
b100101101110101 *
b100101101110101 7
r0.74908447265625 X
r0.7664794921875 Y
r-0.070465087890625 V
r-0.042083740234375 W
b1101101101 2
b110001 5
b1101101101 4
r3.385357558727264e-06 R
r1.321267336606979e-05 S
r-0.143035888671875 P
r0.082855224609375 Q
b100 1
b101101 3
r-0.1430325033143163 T
r0.08284201193600893 U
1-
#8930000
0-
#8935000
b11011111110111101111101101101 J
b101000001000100111001001000100 K
b11011111110111001111101101101 L
b101000001000100011001001000100 M
b1101110010011001 #
b1101110010011001 H
b1110001010111101 "
b1110001010111101 I
b100010110100101111110111001101 E
b11111001001010001010000110100000 F
b11111000110000011010001010111000 D
b100000111000111101010011111100 G
b1111001011100100 B
b1000110011100010 C
b1011110010100010 @
b100101101110101 A
b101111111100010 +
b101111111100010 8
b110001000011100 ,
b110001000011100 9
b1111011011111011 )
b1111011011111011 6
b1111101010011101 *
b1111101010011101 7
r0.026885986328125 X
r-0.889007568359375 Y
r-0.331512451171875 V
r-0.5386962890625 W
b1101101110 2
b110010 5
b1101101110 4
r1.320056617259979e-05 R
r1.237913966178894e-05 S
r-0.14990234375 P
r-0.267120361328125 Q
b100 1
b101110 3
r-0.1498891431838274 T
r-0.2671327404677868 U
1-
#8940000
0-
#8945000
b11010011011100010110100111000 J
b111011010100111101011010100000010 K
b11010011011011110110100111000 L
b111011010100111100111010100000010 M
b101111111100010 B
b110001000011100 C
b1111011011111011 @
b1111101010011101 A
b11110010010110001111100000100 E
b11111100001000101100111000110100 F
b11011100110010010001001000 D
b11011110000100011001100101001010 G
b11011111110111 #
b11011111110111 H
b101000001000100 "
b101000001000100 I
b1101110001 +
b1101110001 8
b1000111000110101 ,
b1000111000110101 9
b1101010110010001 )
b1101010110010001 6
b1011101100001100 *
b1011101100001100 7
r-0.392486572265625 X
r-0.952056884765625 Y
r0.134857177734375 V
r0.793304443359375 W
b1101101111 2
b110011 5
b1101101111 4
r4.834495484828949e-06 R
r1.185853034257889e-05 S
r-0.276580810546875 P
r-0.228607177734375 Q
b100 1
b101111 3
r-0.2765856450423598 T
r-0.2285953192040324 U
1-
#8950000
0-
#8955000
b111111010100001101101101100001110 J
b1010100001001010010010110 K
b111111010100001101001101100001110 L
b1010100000101010010010110 M
b11010011011100 #
b11010011011100 H
b1011010100111101 "
b1011010100111101 I
b11111100100010110001100101110100 E
b11111101111110111000000110011010 F
b11111100100111110010111010010110 D
b11111101111011111000001100101100 G
b1101110001 B
b1000111000110101 C
b1101010110010001 @
b1011101100001100 A
b1100110111000011 +
b1100110111000011 8
b1000011000100011 ,
b1000011000100011 9
b1000101000011 )
b1000101000011 6
b110010110001011 *
b110010110001011 7
r-0.111724853515625 X
r-0.824493408203125 Y
r0.095458984375 V
r0.26171875 W
b1101110000 2
b110100 5
b1101110000 4
r7.492490112781525e-06 R
r1.198425889015198e-05 S
r0.437225341796875 P
r0.6270751953125 Q
b100 1
b110000 3
r0.4372328342869878 T
r0.6270871795713902 U
1-
#8960000
0-
#8965000
b10001111011111001100101010001 J
b11111001110001010100101111011 K
b10001111011110101100101010001 L
b11111001110000110100101111011 M
b1100110111000011 B
b1000011000100011 C
b1000101000011 @
b110010110001011 A
b10010110111001010010100000101 E
b11111111000100101011010001001100 F
b11111111011011011111100000000001 D
b11110101001100110000101111100 G
b1111010100001101 #
b1111010100001101 H
b1010100001 "
b1010100001 I
b1111000110110011 +
b1111000110110011 8
b1001011001110111 ,
b1001011001110111 9
b110000111000 )
b110000111000 6
b10000110000000 *
b10000110000000 7
r0.069488525390625 X
r-0.281982421875 Y
r0.00469970703125 V
r-0.104705810546875 W
b1101110001 2
b110101 5
b1101110001 4
r4.477798938751221e-06 R
r2.620741724967957e-06 S
r0.4129638671875 P
r-0.584075927734375 Q
b100 1
b110001 3
r0.4129593893885612 T
r-0.5840785484761 U
1-
#8970000
0-
#8975000
b111100011110110110101011000001010 J
b111010011000011010001011011111000 K
b111100011110110110001011000001010 L
b111010011000011001101011011111000 M
b10001111011111 #
b10001111011111 H
b11111001110001 "
b11111001110001 I
b11110111110010000110111000101001 E
b11101100000100101010011111100001 F
b11111100100111001100110100001001 D
b11001111101010011010010000000001 G
b1111000110110011 B
b1001011001110111 C
b110000111000 @
b10000110000000 A
b100011100101 +
b100011100101 8
b1101101111101000 ,
b1101101111101000 9
b10011010 )
b10011010 6
b1111001010011001 *
b1111001010011001 7
r0.997100830078125 X
r-0.229522705078125 Y
r-0.61676025390625 V
r0.11895751953125 W
b1101110010 2
b110110 5
b1101110010 4
r6.450340151786804e-06 R
r1.035071909427643e-05 S
r-0.085540771484375 P
r0.020538330078125 Q
b100 1
b110010 3
r-0.08553432114422321 T
r0.02052797935903072 U
1-
#8980000
0-
#8985000
b111111001000101111010101010001000 J
b111110010110111111000111101011000 K
b111111001000101110110101010001000 L
b111110010110111110100111101011000 M
b100011100101 B
b1101101111101000 C
b10011010 @
b1111001010011001 A
b11111010111101100111111000001000 E
b11111110001000001110110010000000 F
b11111111010100010100001100101000 D
b11110010001100001001001010000000 G
b1100011110110110 #
b1100011110110110 H
b1010011000011010 "
b1010011000011010 I
b111111110100001 +
b111111110100001 8
b1110001010011111 ,
b1110001010011111 9
b1011000100001110 )
b1011000100001110 6
b111100111010 *
b111100111010 7
r0.284576416015625 X
r0.439666748046875 Y
r0.1793212890625 V
r0.84100341796875 W
b1101110011 2
b110111 5
b1101110011 4
r9.222887456417084e-06 R
r5.369074642658234e-06 S
r0.280242919921875 P
r0.487823486328125 Q
b100 1
b110011 3
r0.2802336970344186 T
r0.4878181172534823 U
1-
#8990000
0-
#8995000
b111111111011100110101010001101101 J
b1110111101010001111100110 K
b111111111011100110001010001101101 L
b1110111100110001111100110 M
b1111001000101111 #
b1111001000101111 H
b1110010110111111 "
b1110010110111111 I
b11111111111010100100100110010000 E
b11111111100010001100101011011101 F
b1010101100111000010 D
b1111000111011110110101000 G
b111111110100001 B
b1110001010011111 C
b1011000100001110 @
b111100111010 A
b10010001101101 +
b10010001101101 8
b11100001000111 ,
b11100001000111 9
b1011011110100 )
b1011011110100 6
b110101110100110 *
b110101110100110 7
r0.93304443359375 X
r-0.02484130859375 Y
r0.58111572265625 V
r-0.70367431640625 W
b1101110100 2
b111000 5
b1101110100 4
r5.25452196598053e-06 R
r9.782612323760986e-06 S
r-0.43975830078125 P
r-0.70233154296875 Q
b100 1
b110100 3
r-0.439753046259284 T
r-0.7023413255810738 U
1-
#9000000
0-
#9005000
b10000101001101110110100101100 J
b100101100111001001110100111000 K
b10000101001101010110100101100 L
b100101100111000101110100111000 M
b10010001101101 B
b11100001000111 C
b1011011110100 @
b110101110100110 A
b1001000011110101001110110010 E
b111100101110101100101111010 F
b11011000101001000100101111001110 D
b11111110010000001010100100000110 G
b1111111011100110 #
b1111111011100110 H
b1110111101 "
b1110111101 I
b111011101101110 +
b111011101101110 8
b1111110011010010 ,
b1111110011010010 9
b100101001100010 )
b100101001100010 6
b1010010111101110 *
b1010010111101110 7
r0.167938232421875 X
r0.48468017578125 Y
r-0.751007080078125 V
r0.489105224609375 W
b1101110101 2
b111001 5
b1101110101 4
r5.11854887008667e-06 R
r1.16005539894104e-05 S
r-0.107940673828125 P
r-0.205108642578125 Q
b100 1
b110101 3
r-0.1079457923769951 T
r-0.2051202431321144 U
1-
#9010000
0-
#9015000
b10100010111010010101101011010 J
b10100011001100101010100100110 K
b10100010111001110101101011010 L
b10100011001100001010100100110 M
b10000101001101 #
b10000101001101 H
b100101100111001 "
b100101100111001 I
b101000010111011110110101100 E
b1111010100010010110110101110 F
b11010001000001010111100100 D
b10111101010100010101100001010 G
b111011101101110 B
b1111110011010010 C
b100101001100010 @
b1010010111101110 A
b1010101111111 +
b1010101111111 8
b11111000001010 ,
b11111000001010 9
b1001111111011111 )
b1001111111011111 6
b11111010011011 *
b11111010011011 7
r0.7113037109375 X
r-0.67291259765625 Y
r-0.563446044921875 V
r-0.4210205078125 W
b1101110110 2
b111010 5
b1101110110 4
r4.869885742664337e-06 R
r6.699934601783752e-06 S
r-0.00860595703125 P
r0.029205322265625 Q
b100 1
b110110 3
r-0.008601087145507336 T
r0.02919862233102322 U
1-
#9020000
0-
#9025000
b111010101000011101010101010101000 J
b111011110011010110010000100100000 K
b111010101000011100110101010101000 L
b111011110011010101110000100100000 M
b1010101111111 B
b11111000001010 C
b1001111111011111 @
b11111010011011 A
b11111111000100110111110001100100 E
b11010101111110101110111001000100 F
b100010101100111000010000011100 D
b1000111100110010100111100 G
b10100010111010 #
b10100010111010 H
b10100011001100 "
b10100011001100 I
b101101100001100 +
b101101100001100 8
b1010100111011110 ,
b1010100111011110 9
b1011011111100001 )
b1011011111100001 6
b1100101000011100 *
b1100101000011100 7
r0.20867919921875 X
r-0.223419189453125 Y
r-0.031036376953125 V
r-0.945831298828125 W
b1101110111 2
b111011 5
b1101110111 4
r1.076981425285339e-05 R
r8.292496204376221e-06 S
r0.260162353515625 P
r0.587677001953125 Q
b100 1
b110111 3
r0.2601731233298779 T
r0.5876687094569206 U
1-
#9030000
0-
#9035000
b111101101111101100100011010011011 J
b10111001111101010000101101101 K
b111101101111101100000011010011011 L
b10111001111100110000101101101 M
b1010101000011101 #
b1010101000011101 H
b1011110011010110 "
b1011110011010110 I
b11101000101101000100000010110110 E
b101010000011100010111100101 F
b11110111111011011001101010100001 D
b1111001010111111110000001110 G
b101101100001100 B
b1010100111011110 C
b1011011111100001 @
b1100101000011100 A
b1101010110110 +
b1101010110110 8
b1110001101100111 ,
b1110001101100111 9
b1111110000000111 )
b1111110000000111 6
b1000011011101111 *
b1000011011101111 7
r0.02850341796875 X
r-0.94732666015625 Y
r-0.452484130859375 V
r-0.964324951171875 W
b1101111000 2
b111100 5
b1101111000 4
r4.922971129417419e-06 R
r5.042180418968201e-06 S
r0.31817626953125 P
r0.3187255859375 Q
b100 1
b111000 3
r0.3181713465601206 T
r0.318730628117919 U
1-
#9040000
0-
#9045000
b101000110011010101101101110 J
b101011110010000110011010111100 K
b101000110010110101101101110 L
b101011110010000010011010111100 M
b1101010110110 B
b1110001101100111 C
b1111110000000111 @
b1000011011101111 A
b11000010000111111111000011110 E
b11101100110101010110110101010000 F
b11100110010110011001100110001100 D
b10010001000011100000001001000 G
b1101101111101100 #
b1101101111101100 H
b10111001111101 "
b10111001111101 I
b1110100110 +
b1110100110 8
b1000011010111110 ,
b1000011010111110 9
b1100011000010101 )
b1100011000010101 6
b1000010010010001 *
b1000010010010001 7
r0.15374755859375 X
r-0.691436767578125 Y
r0.34918212890625 V
r0.555816650390625 W
b1101111001 2
b111101 5
b1101111001 4
r5.088746547698975e-06 R
r7.361173629760742e-06 S
r-0.670989990234375 P
r-0.52471923828125 Q
b100 1
b111001 3
r-0.6709950789809227 T
r-0.5247265994548798 U
1-
#9050000
0-
#9055000
b111110011110100000000111110111011 J
b1101111100001001010000101111 K
b111110011110011111100111110111011 L
b1101111100000101010000101111 M
b101000110011 #
b101000110011 H
b101011110010000 "
b101011110010000 I
b11100011001101111010001 E
b11110011010111100011001111101010 F
b11111111100101011110001011111010 D
b1101100001100011011100101001 G
b1110100110 B
b1000011010111110 C
b1100011000010101 @
b1000010010010001 A
b1001110101110 +
b1001110101110 8
b1010011101111111 ,
b1010011101111111 9
b10110010110010 )
b10110010110010 6
b100011100100101 *
b100011100100101 7
r0.3839111328125 X
r0.67266845703125 Y
r0.38970947265625 V
r-0.844573974609375 W
b1101111010 2
b111110 5
b1101111010 4
r1.574866473674774e-06 R
r7.28946179151535e-06 S
r-0.2818603515625 P
r0.363189697265625 Q
b100 1
b111010 3
r-0.2818587766960263 T
r0.3631824078038335 U
1-
#9060000
0-
#9065000
b11001101011001110101010011100 J
b111011010010101101100100000000 K
b11001101011001010101010011100 L
b111011010010101001100100000000 M
b1001110101110 B
b1010011101111111 C
b10110010110010 @
b100011100100101 A
b11011011011110000000110010110 E
b11111110001111011010100100000110 F
b11111111001011001011000010011110 D
b111010011101110100100110011110 G
b1110011110100000 #
b1110011110100000 H
b1101111100001 "
b1101111100001 I
b11000100100100 +
b11000100100100 8
b101011000011010 ,
b101011000011010 9
b11000111100010 )
b11000111100010 6
b1001001111100101 *
b1001001111100101 7
r-0.433685302734375 X
r0.936492919921875 Y
r-0.3807373046875 V
r-0.35711669921875 W
b1101111011 2
b111111 5
b1101111011 4
r4.90434467792511e-06 R
r9.234994649887085e-06 S
r0.079681396484375 P
r0.68408203125 Q
b100 1
b111011 3
r0.07967649213969707 T
r0.6840912662446499 U
1-
#9070000
0-
#9075000
b111110110000001001010010001110100 J
b111100011111110000001011101011111 K
b111110110000001000110010001110100 L
b111100011111101111101011101011111 M
b11001101011001 #
b11001101011001 H
b111011010010101 "
b111011010010101 I
b11110000100011000100101001001110 E
b101011110000001101000100110 F
b11011011111001011011111100 D
b11100111011001110110111001011011 G
b11000100100100 B
b101011000011010 C
b11000111100010 @
b1001001111100101 A
b1100100001111101 +
b1100100001111101 8
b111011111011111 ,
b111011111011111 9
b1100111101000100 )
b1100111101000100 6
b1101001001001010 *
b1101001001001010 7
r0.07550048828125 X
r-0.01739501953125 Y
r0.21905517578125 V
r0.3592529296875 W
b1101111100 2
b0 5
b1101111100 4
r1.150835305452347e-05 R
r1.044664531946182e-05 S
r-0.1904296875 P
r0.217803955078125 Q
b100 1
b111100 3
r-0.1904411958530545 T
r0.2177935084328055 U
1-
#9080000
0-
#9085000
b111111100000001101101111000101000 J
b111010010000100001110110101111010 K
b111111100000001101001111000101000 L
b111010010000100001010110101111010 M
b1100100001111101 B
b111011111011111 C
b1100111101000100 @
b1101001001001010 A
b10000110001101111110011110100 E
b11101011001111111010000100110100 F
b1001100100110100010111001000 D
b11011011101000111111001101000010 G
b1110110000001001 #
b1110110000001001 H
b1100011111110000 "
b1100011111110000 I
b100110101010 +
b100110101010 8
b1111110111000110 ,
b1111110111000110 9
b1110000001010 )
b1110000001010 6
b10110111111100 *
b10110111111100 7
r0.259368896484375 X
r0.546905517578125 Y
r-0.93182373046875 V
r0.79278564453125 W
b1101111101 2
b1 5
b1101111101 4
r1.015886664390564e-05 R
r5.960464477539062e-06 S
r0.401153564453125 P
r0.926422119140625 Q
b100 1
b111101 3
r0.4011637233197689 T
r0.9264280796051025 U
1-
#9090000
0-
#9095000
b111110011000101111110011001011110 J
b111100000000001111000000001000010 K
b111110011000101111010011001011110 L
b111100000000001110100000001000010 M
b1111100000001101 #
b1111100000001101 H
b1010010000100001 "
b1010010000100001 I
b11101001001011100010100000111100 E
b1001111010010111111000100010 F
b1010100100010101010000110100 D
b11101010100110001001010001110110 G
b100110101010 B
b1111110111000110 C
b1110000001010 @
b10110111111100 A
b10000100110011 +
b10000100110011 8
b100011000000001 ,
b100011000000001 9
b1000100010111010 )
b1000100010111010 6
b110010101111010 *
b110010101111010 7
r-0.928985595703125 X
r0.408233642578125 Y
r-0.151123046875 V
r-0.113067626953125 W
b1101111110 2
b10 5
b1101111110 4
r6.567686796188354e-06 R
r9.686686098575592e-06 S
r-0.155975341796875 P
r-0.43798828125 Q
b100 1
b111110 3
r-0.1559819094836712 T
r-0.4379979679360986 U
1-
#9100000
0-
#9105000
b1011111100011011100010100 J
b111111110100010101110010001000100 K
b1011111011111011100010100 L
b111111110100010101010010001000100 M
b10000100110011 B
b100011000000001 C
b1000100010111010 @
b110010101111010 A
b11111111110000011001000110111100 E
b1101111000110010101011000 F
b1000011101111100010100100 D
b11111111100110011001110011101000 G
b1110011000101111 #
b1110011000101111 H
b1100000000001111 "
b1100000000001111 I
b1000100100010111 +
b1000100100010111 8
b11010001000001 ,
b11010001000001 9
b1110110010101000 )
b1110110010101000 6
b1111000110000111 *
b1111000110000111 7
r0.6044921875 X
r0.599884033203125 Y
r-0.24072265625 V
r-0.11444091796875 W
b1101111111 2
b11 5
b1101111111 4
r7.189810276031494e-06 R
r1.08424574136734e-05 S
r-0.062103271484375 P
r-0.717742919921875 Q
b100 1
b111111 3
r-0.06209608167409897 T
r-0.7177320774644613 U
1-
#9110000
0-
#9115000
b111101100100010111001011000001000 J
b101011001101111100101001101100 K
b111101100100010110101011000001000 L
b101011001101111000101001101100 M
b1011111100 #
b1011111100 H
b1111110100010101 "
b1111110100010101 I
b11011111011000100110010010111010 E
b1101001010001111000101001110 F
b11110000100010000011011100001110 D
b11011101111111100000101111010 G
b1000100100010111 B
b11010001000001 C
b1110110010101000 @
b1111000110000111 A
b100110101100000 +
b100110101100000 8
b100110011001001 ,
b100110011001001 9
b1110000100110000 )
b1110000100110000 6
b1111000101011010 *
b1111000101011010 7
r-0.245880126953125 X
r-0.26397705078125 Y
r-0.69757080078125 V
r0.05865478515625 W
b1110000000 2
b100 5
b1110000000 4
r9.14745032787323e-06 R
r1.519732177257538e-05 S
r-0.201690673828125 P
r-0.499542236328125 Q
b100 1
b0 3
r-0.2016815263777971 T
r-0.4995574336498976 U
1-
#9120000
0-
#9125000
b10110001100110100011001001 J
b111110100000011111101010000101111 K
b10110001100010100011001001 L
b111110100000011111001010000101111 M
b100110101100000 B
b100110011001001 C
b1110000100110000 @
b1111000101011010 A
b11111100000011010011011010101000 E
b110101110001111001000100001 F
b1000111111000010101100011000 D
b11111101000010111011111101000111 G
b1101100100010111 #
b1101100100010111 H
b101011001101111 "
b101011001101111 I
b1110000010000111 +
b1110000010000111 8
b1101111000110110 ,
b1101111000110110 9
b1010011010110110 )
b1010011010110110 6
b11110000010 *
b11110000010 7
r-0.2847900390625 X
r0.04718017578125 Y
r-0.879974365234375 V
r0.1531982421875 W
b1110000001 2
b101 5
b1110000001 4
r2.127140760421753e-06 R
r8.646398782730103e-06 S
r0.0233154296875 P
r-0.022796630859375 Q
b100 1
b1 3
r0.02331330254673958 T
r-0.02278798446059227 U
1-
#9130000
0-
#9135000
b111110010010101001110001001110000 J
b100111010111001010110101010 K
b111110010010101001010001001110000 L
b100111010110101010110101010 M
b10110001100 #
b10110001100 H
b1110100000011111 "
b1110100000011111 I
b11110110110000100000111010110000 E
b11111011100100101001001111000000 F
b11110110101011111110001000000000 D
b11111011100110110011011110101010 G
b1110000010000111 B
b1101111000110110 C
b1010011010110110 @
b11110000010 A
b1101101110001100 +
b1101101110001100 8
b11000001010 ,
b11000001010 9
b1000111101011101 )
b1000111101011101 6
b1001110011100 *
b1001110011100 7
r-0.454498291015625 X
r0.2186279296875 Y
r-0.659912109375 V
r0.91180419921875 W
b1110000010 2
b110 5
b1110000010 4
r1.00061297416687e-05 R
r2.484768629074097e-06 S
r-0.303985595703125 P
r0.675262451171875 Q
b100 1
b10 3
r-0.3039956018328667 T
r0.6752649359405041 U
1-
#9140000
0-
#9145000
b1010110111001111001111110010 J
b111110100000010000110011101110010 K
b1010110111001011001111110010 L
b111110100000010000010011101110010 M
b1101101110001100 B
b11000001010 C
b1000111101011101 @
b1001110011100 A
b1011110010001111111001100100 E
b11111111000100111011010110001110 F
b1010111110100010100111111010 D
b11111111000000100101000101101100 G
b1110010010101001 #
b1110010010101001 H
b100111010111 "
b100111010111 I
b1100010111010011 +
b1100010111010011 8
b1101111111100 ,
b1101111111100 9
b1010101110001000 )
b1010101110001000 6
b111010010110110 *
b111010010110110 7
r-0.49420166015625 X
r-0.374969482421875 Y
r0.4068603515625 V
r0.503936767578125 W
b1110000011 2
b111 5
b1110000011 4
r9.723939001560211e-06 R
r4.812143743038177e-06 S
r0.0433349609375 P
r-0.186553955078125 Q
b100 1
b11 3
r0.04334468487650156 T
r-0.186549142934382 U
1-
#9150000
0-
#9155000
b111111010100011010011010011110010 J
b111110000011011001011011000111100 K
b111111010100011001111010011110010 L
b111110000011011000111011000111100 M
b1010110111001 #
b1010110111001 H
b1110100000010000 "
b1110100000010000 I
b11111101010101111100011110100010 E
b11111101001101010010110101010000 F
b10000000010011111010111011100 D
b11101100110110000011000 G
b1100010111010011 B
b1101111111100 C
b1010101110001000 @
b111010010110110 A
b1100000010111110 +
b1100000010111110 8
b1101000000000001 ,
b1101000000000001 9
b11010000010100 )
b11010000010100 6
b100000010000001 *
b100000010000001 7
r-0.60113525390625 X
r0.055389404296875 Y
r-0.138153076171875 V
r-0.787384033203125 W
b1110000100 2
b1000 5
b1110000100 4
r8.210539817810059e-06 R
r1.009367406368256e-05 S
r-0.213592529296875 P
r0.076873779296875 Q
b100 1
b100 3
r-0.2135843187570572 T
r0.07686368562281132 U
1-
#9160000
0-
#9165000
b111011100001111101011000111100010 J
b111111001100100000100110000010000 K
b111011100001111100111000111100010 L
b111111001100100000000110000010000 M
b1100000010111110 B
b1101000000000001 C
b11010000010100 @
b100000010000001 A
b11110110110001000011000111100000 E
b11100101011110100100000000000010 F
b10011001100100000100100011000 D
b1100110000100001010100101000 G
b1111010100011010 #
b1111010100011010 H
b1110000011011001 "
b1110000011011001 I
b1011001100001110 +
b1011001100001110 8
b11100010111 ,
b11100010111 9
b1110111001010001 )
b1110111001010001 6
b1001101100110111 *
b1001101100110111 7
r0.624755859375 X
r0.52215576171875 Y
r-0.954986572265625 V
r0.22119140625 W
b1110000101 2
b1001 5
b1110000101 4
r1.238472759723663e-05 R
r9.404495358467102e-06 S
r0.169708251953125 P
r-0.18701171875 Q
b100 1
b101 3
r0.1697206366807222 T
r-0.1870023142546415 U
1-
#9170000
0-
#9175000
b111100110010011000101001111010010 J
b110001101010100110101001 K
b111100110010011000001001111010010 L
b110001100110100110101001 M
b1011100001111101 #
b1011100001111101 H
b1111001100100000 "
b1111001100100000 I
b11110110001111000111010000010100 E
b11110000000011111001111110111110 F
b11110011001000011010011011011000 D
b11110011111010000001000010000001 G
b1011001100001110 B
b11100010111 C
b1110111001010001 @
b1001101100110111 A
b100111111111000 +
b100111111111000 8
b100001011010110 ,
b100001011010110 9
b1000010111000011 )
b1000010111000011 6
b1110001010000 *
b1110001010000 7
r0.172088623046875 X
r0.247772216796875 Y
r-0.815582275390625 V
r-0.15704345703125 W
b1110000110 2
b1010 5
b1110000110 4
r2.635642886161804e-06 R
r2.328306436538696e-06 S
r-0.08514404296875 P
r-0.243377685546875 Q
b100 1
b110 3
r-0.08514667861163616 T
r-0.2433800138533115 U
1-
#9180000
0-
#9185000
b11101110011011101001001001001 J
b111110111111001010000011110000011 K
b11101110011011001001001001001 L
b111110111111001001100011110000011 M
b100111111111000 B
b100001011010110 C
b1000010111000011 @
b1110001010000 A
b11111111100000101010000001000111 E
b11110010010101111001000000010 F
b101010100001010101101101110 D
b11111101001101010111001011110001 G
b1100110010011000 #
b1100110010011000 H
b110001101 "
b110001101 I
b1011000000111 +
b1011000000111 8
b1111110110111 ,
b1111110110111 9
b1001011110011011 )
b1001011110011011 6
b1110101111100110 *
b1110101111100110 7
r0.263397216796875 X
r0.422882080078125 Y
r-0.156585693359375 V
r0.03814697265625 W
b1110000111 2
b1011 5
b1110000111 4
r3.365799784660339e-06 R
r2.875924110412598e-06 S
r-0.558685302734375 P
r-0.1005859375 Q
b100 1
b111 3
r-0.5586886685341597 T
r-0.1005830615758896 U
1-
#9190000
0-
#9195000
b111101000111011100111010010000010 J
b101101100100111100100011111000 K
b111101000111011100011010010000010 L
b101101100100111000100011111000 M
b11101110011011 #
b11101110011011 H
b1110111111001010 "
b1110111111001010 I
b11100000000101100001011100000010 E
b1000110110000001110110000000 F
b11011001110100001100000111101000 D
b111011001000100101011100000 G
b1011000000111 B
b1111110110111 C
b1001011110011011 @
b1110101111100110 A
b10000110110111 +
b10000110110111 8
b11011000100001 ,
b11011000100001 9
b1110101111110101 )
b1110101111110101 6
b10011100010 *
b10011100010 7
r0.8734130859375 X
r0.82977294921875 Y
r0.193878173828125 V
r-0.438079833984375 W
b1110001000 2
b1100 5
b1110001000 4
r4.725530743598938e-06 R
r5.326233804225922e-06 S
r-0.401611328125 P
r0.012115478515625 Q
b100 1
b1000 3
r-0.4016066025942564 T
r0.01211015228182077 U
1-
#9200000
0-
#9205000
b111110001010101101001110000010111 J
b110011111100100010000101101 K
b111110001010101100101110000010111 L
b110011111100000010000101101 M
b10000110110111 B
b11011000100001 C
b1110101111110101 @
b10011100010 A
b11110011000100010010010011001101 E
b11111110010001010011011101001010 F
b11110111000001000111011100111101 D
b11111101100000100111101101101010 G
b1101000111011100 #
b1101000111011100 H
b101101100100111 "
b101101100100111 I
b110111111001100 +
b110111111001100 8
b110101000110110 ,
b110101000110110 9
b1100011010001 )
b1100011010001 6
b1100011111101101 *
b1100011111101101 7
r-0.16046142578125 X
r0.924835205078125 Y
r-0.91546630859375 V
r-0.413330078125 W
b1110001001 2
b1101 5
b1110001001 4
r4.359520971775055e-06 R
r1.346785575151443e-05 S
r0.465667724609375 P
r-0.12664794921875 Q
b100 1
b1001 3
r0.4656720841303468 T
r-0.1266614170745015 U
1-
#9210000
0-
#9215000
b111111100011001111111100000100011 J
b11101011000100101111111111 K
b111111100011001111011100000100011 L
b11101011000000101111111111 M
b1110001010101101 #
b1110001010101101 H
b110011111100 "
b110011111100 I
b11111011110000110001100010010101 E
b101001001001111110001110 F
b11111101010111000100000100100011 D
b1000010000100110100100010 G
b110111111001100 B
b110101000110110 C
b1100011010001 @
b1100011111101101 A
b1110101101110110 +
b1110101101110110 8
b111011001100001 ,
b111011001100001 9
b1000101011010010 )
b1000101011010010 6
b1100101100011000 *
b1100101100011000 7
r0.7823486328125 X
r0.4735107421875 Y
r-0.627197265625 V
r-0.857208251953125 W
b1110001010 2
b1110 5
b1110001010 4
r1.251883804798126e-05 R
r2.138316631317139e-06 S
r-0.3604736328125 P
r0.712127685546875 Q
b100 1
b1010 3
r-0.360461113974452 T
r0.7121298238635063 U
1-
#9220000
0-
#9225000
b111110001110011110001100111110010 J
b111011101111001100010100001110010 K
b111110001110011101101100111110010 L
b111011101111001011110100001110010 M
b1110101101110110 B
b111011001100001 C
b1000101011010010 @
b1100101100011000 A
b1010010010111100011000010110 E
b11100111100000110001001111011100 F
b1010110101100110010110001100 D
b11101000101111000100110111111110 G
b1111100011001111 #
b1111100011001111 H
b11101011000 "
b11101011000 I
b110010000100100 +
b110010000100100 8
b11110010011100 ,
b11110010011100 9
b1010111110111000 )
b1010111110111000 6
b1001001001000111 *
b1001001001000111 7
r0.555938720703125 X
r0.3321533203125 Y
r-0.5108642578125 V
r-0.778289794921875 W
b1110001011 2
b1111 5
b1110001011 4
r8.561648428440094e-06 R
r9.955838322639465e-07 S
r-0.229095458984375 P
r0.1014404296875 Q
b100 1
b1011 3
r-0.2291040206328034 T
r0.1014414252713323 U
1-
#9230000
0-
#9235000
b111001110000011110100101010100010 J
b111011110001000101000000101001100 K
b111001110000011110000101010100010 L
b111011110001000100100000101001100 M
b1110001110011110 #
b1110001110011110 H
b1011101111001100 "
b1011101111001100 I
b11001001110100000110010110010010 E
b100001111101010010100010000 F
b1001011001101100001011001100 D
b11100111100010010000010000011000 G
b110010000100100 B
b11110010011100 C
b1010111110111000 @
b1001001001000111 A
b100011100101001 +
b100011100101001 8
b10101010000100 ,
b10101010000100 9
b1011111010011100 )
b1011111010011100 6
b1001110001100001 *
b1001110001100001 7
r-0.55413818359375 X
r-0.530364990234375 Y
r0.702606201171875 V
r-0.115478515625 W
b1110001100 2
b10000 5
b1110001100 4
r1.338403671979904e-05 R
r2.860091626644135e-06 S
r-0.056182861328125 P
r0.057373046875 Q
b100 1
b1100 3
r-0.0561694772914052 T
r0.05737590696662664 U
1-
#9240000
0-
#9245000
b111000010000100101100001000011100 J
b101011011010111000101100100 K
b111000010000100101000001000011100 L
b101011011010011000101100100 M
b100011100101001 B
b10101010000100 C
b1011111010011100 @
b1001110001100001 A
b11101100111111100011010000100000 E
b11010101000101000100110111111100 F
b11100000100110001001010111100000 D
b11100110000001011100011101000100 G
b1001110000011110 #
b1001110000011110 H
b1011110001000101 "
b1011110001000101 I
b1011100100010010 +
b1011100100010010 8
b1011110000011101 ,
b1011110000011101 9
b101100111101111 )
b101100111101111 6
b1111000100111000 *
b1111000100111000 7
r0.8341064453125 X
r-0.1766357421875 Y
r0.05621337890625 V
r0.220428466796875 W
b1110001101 2
b10001 5
b1110001101 4
r9.072944521903992e-06 R
r5.615875124931335e-06 S
r-0.22174072265625 P
r-0.5328369140625 Q
b100 1
b1101 3
r-0.2217497956007719 T
r-0.5328425299376249 U
1-
#9250000
0-
#9255000
b111011001011100110001001011111001 J
b1101000100000000100001000 K
b111011001011100101101001011111001 L
b1101000011100000100001000 M
b1000010000100101 #
b1000010000100101 H
b101011011010 "
b101011011010 I
b11110101001000111110000001110000 E
b11100100010011101111001010001001 F
b11101101110100101100101011111100 D
b11101111011101001000110000000100 G
b1011100100010010 B
b1011110000011101 C
b101100111101111 @
b1111000100111000 A
b110101011000100 +
b110101011000100 8
b1110100101100100 ,
b1110100101100100 9
b11100110010 )
b11100110010 6
b1110000110111 *
b1110000110111 7
r0.549530029296875 X
r0.082763671875 Y
r0.4410400390625 V
r0.498504638671875 W
b1110001110 2
b10010 5
b1110001110 4
r2.535060048103333e-06 R
r1.494958996772766e-05 S
r-0.78033447265625 P
r-0.529144287109375 Q
b100 1
b1110 3
r-0.7803319375962019 T
r-0.5291592366993427 U
1-
#9260000
0-
#9265000
b111101100001111110110001000000011 J
b11100110101101010100110001010 K
b111101100001111110010001000000011 L
b11100110101100110100110001010 M
b110101011000100 B
b1110100101100100 C
b11100110010 @
b1110000110111 A
b11101000001001101011010000010011 E
b100000110000110110111110000 F
b11100111000101010000100111001110 D
b11111010110111001101011000 G
b1011001011100110 #
b1011001011100110 H
b1101000100 "
b1101000100 I
b100011001010111 +
b100011001010111 8
b101010011000 ,
b101010011000 9
b11100001110100 )
b11100001110100 6
b11111111001111 *
b11111111001111 7
r-0.3773193359375 X
r0.99432373046875 Y
r0.777801513671875 V
r-0.643524169921875 W
b1110001111 2
b10011 5
b1110001111 4
r5.029141902923584e-07 R
r1.177564263343811e-05 S
r-0.967620849609375 P
r0.08477783203125 Q
b100 1
b1111 3
r-0.9676203466951847 T
r0.08478960767388344 U
1-
#9270000
0-
#9275000
b1011001000011111000110100100 J
b111111010100000100001111000110100 K
b1011001000011011000110100100 L
b111111010100000011101111000110100 M
b1101100001111110 #
b1101100001111110 H
b11100110101101 "
b11100110101101 I
b11111111010111010101000110001000 E
b1011110001000110000000011100 F
b11000000000011011001001000 D
b11111101100000100001010001111100 G
b100011001010111 B
b101010011000 C
b11100001110100 @
b11111111001111 A
b1100111110110100 +
b1100111110110100 8
b111111101000110 ,
b111111101000110 9
b110001110001111 )
b110001110001111 6
b1010110110100001 *
b1010110110100001 7
r-0.336456298828125 X
r0.281951904296875 Y
r0.774444580078125 V
r0.37042236328125 W
b1110010000 2
b10100 5
b1110010000 4
r1.073535531759262e-05 R
r1.501291990280151e-05 S
r-0.60235595703125 P
r0.0255126953125 Q
b100 1
b10000 3
r-0.6023666923865676 T
r0.0254976823925972 U
1-
#9280000
0-
#9285000
b10011110111101001011000111001 J
b111110011001000010101000101111100 K
b10011110111100101011000111001 L
b111110011001000010001000101111100 M
b1100111110110100 B
b111111101000110 C
b110001110001111 @
b1010110110100001 A
b10010101100000110011100000 E
b10001100010000100100101011001 F
b1111100000101110011101101100 D
b10101000111111100011101000 G
b1011001000011 #
b1011001000011 H
b1111010100000100 "
b1111010100000100 I
b1101010011101111 +
b1101010011101111 8
b10010000010111 ,
b10010000010111 9
b110001100100001 )
b110001100100001 6
b10111101101010 *
b10111101101010 7
r-0.418853759765625 X
r0.776214599609375 Y
r0.22882080078125 V
r-0.15087890625 W
b1110010001 2
b10101 5
b1110010001 4
r8.109025657176971e-06 R
r5.355104804039001e-06 S
r-0.30865478515625 P
r0.450592041015625 Q
b100 1
b10001 3
r-0.3086466761305928 T
r0.450586685910821 U
1-
#9290000
0-
#9295000
b1000001000010011010111001001110 J
b111101001110101001111011101111010 K
b1000001000010010110111001001110 L
b111101001110101001011011101111010 M
b10011110111101 #
b10011110111101 H
b1110011001000010 "
b1110011001000010 I
b110001011111110010101000011010 E
b1111100010100100010000110100 F
b11101101001101111010000110001100 D
b11010111000011000101100100000110 G
b1101010011101111 B
b10010000010111 C
b110001100100001 @
b10111101101010 A
b1100101001100011 +
b1100101001100011 8
b110001101011011 ,
b110001101011011 9
b1110101001010 )
b1110101001010 6
b1110110010110000 *
b1110110010110000 7
r-0.13623046875 X
r0.846282958984375 Y
r0.344970703125 V
r-0.80322265625 W
b1110010010 2
b10110 5
b1110010010 4
r1.18352472782135e-05 R
r8.05780291557312e-06 S
r0.173919677734375 P
r-0.0858154296875 Q
b100 1
b10010 3
r0.1739315129816532 T
r-0.08582348749041557 U
1-
#9300000
0-
#9305000
b101111111111101011111101101 J
b10111010111001000101010110111 K
b101111111111001011111101101 L
b10111010111000100101010110111 M
b1100101001100011 B
b110001101011011 C
b1110101001010 @
b1110110010110000 A
b1101111110011000101111110111 E
b11111000000001100000101111110110 F
b11101111010100101101111111001111 D
b110101011110010101010000110 G
b111111111111111 #
b111111111111111 H
b1101001110101001 "
b1101001110101001 I
b1110111010010000 +
b1110111010010000 8
b110110001010011 ,
b110110001010011 9
b10110000101000 )
b10110000101000 6
b1001100100110000 *
b1001100100110000 7
r0.138397216796875 X
r-0.271453857421875 Y
r0.031890869140625 V
r0.6876220703125 W
b1110010011 2
b10111 5
b1110010011 4
r9.960494935512543e-06 R
r4.168599843978882e-06 S
r0.310455322265625 P
r-0.20111083984375 Q
b100 1
b10011 3
r0.3104453617706895 T
r-0.201106671243906 U
1-
#9310000
0-
#9315000
b1111011010011010111101011110 J
b111111110101000111011101011110010 K
b1111011010010110111101011110 L
b111111110101000110111101011110010 M
b101111111111 #
b101111111111 H
b10111010111001 "
b10111010111001 I
b1011010111100000011101001110 E
b100000010110110100000010000 F
b11111001110111011011011110011110 D
b11111000100000010011001010010000 G
b1110111010010000 B
b110110001010011 C
b10110000101000 @
b1001100100110000 A
b1000110110111 +
b1000110110111 8
b1101110101000001 ,
b1101110101000001 9
b10000010101 )
b10000010101 6
b101100000000100 *
b101100000000100 7
r-0.77197265625 X
r-0.15478515625 Y
r-0.346771240234375 V
r0.99676513671875 W
b1110010100 2
b11000 5
b1110010100 4
r0 R
r1.322664320468903e-05 S
r0.999969482421875 P
r-0.346405029296875 Q
b100 1
b10100 3
r0.999969482421875 T
r-0.3463918026536703 U
1-
#9320000
0-
#9325000
b11001101100000011101111111000 J
b111010111100000010010010000010000 K
b11001101011111111101111111000 L
b111010111100000001110010000010000 M
b1000110110111 B
b1101110101000001 C
b10000010101 @
b101100000000100 A
b10010101011110011000011111000 E
b111000000001100101100000000 F
b11111100111111100000011010000000 D
b11010100011111101110101010010000 G
b1111011010011 #
b1111011010011 H
b1111110101000111 "
b1111110101000111 I
b1001110100110000 +
b1001110100110000 8
b1110110000110000 ,
b1110110000110000 9
b1101001110011101 )
b1101001110011101 6
b111111110010110 *
b111111110010110 7
r0.426300048828125 X
r-0.292938232421875 Y
r0.197265625 V
r0.33026123046875 W
b1110010101 2
b11001 5
b1110010101 4
r5.704350769519806e-06 R
r1.270417124032974e-05 S
r0.093719482421875 P
r0.365020751953125 Q
b100 1
b10101 3
r0.09372518677264452 T
r0.3650080477818847 U
1-
#9330000
0-
#9335000
b101100010011001100100110001 J
b111110011110001011011110100000001 K
b101100010010101100100110001 L
b111110011110001010111110100000001 M
b11001101100000 #
b11001101100000 H
b1010111100000010 "
b1010111100000010 I
b11111111011100100010101001010101 E
b110000101110010111011011100 F
b10010000101000000000011 D
b11110100000011011100110100000100 G
b1001110100110000 B
b1110110000110000 C
b1101001110011101 @
b111111110010110 A
b11011010010001 +
b11011010010001 8
b1101101010000001 ,
b1101101010000001 9
b1100101000000 )
b1100101000000 6
b10101001000110 *
b10101001000110 7
r0.20697021484375 X
r0.493988037109375 Y
r-0.664703369140625 V
r0.4989013671875 W
b1110010110 2
b11010 5
b1110010110 4
r3.965571522712708e-06 R
r1.205131411552429e-06 S
r0.240814208984375 P
r-0.021270751953125 Q
b100 1
b10110 3
r0.2408102434128523 T
r-0.02127195708453655 U
1-
#9340000
0-
#9345000
b111010010001100001001001110010000 J
b111100100111111100111110110110000 K
b111010010001100000101001110010000 L
b111100100111111100011110110110000 M
b11011010010001 B
b1101101010000001 C
b1100101000000 @
b10101001000110 A
b11011011110110100101110000 E
b11001110110000001110101000100000 F
b10001001000011111011001110000 D
b11110110001000000011010000100000 G
b101100010011 #
b101100010011 H
b1110011110001011 "
b1110011110001011 I
b1101001111110 +
b1101001111110 8
b11111100111011 ,
b11111100111011 9
b1010101011101011 )
b1010101011101011 6
b11111111011100 *
b11111111011100 7
r0.088348388671875 X
r0.906768798828125 Y
r-0.662445068359375 V
r0.77874755859375 W
b1110010111 2
b11011 5
b1110010111 4
r9.611248970031738e-07 R
r6.660819053649902e-06 S
r0.4013671875 P
r-0.63275146484375 Q
b100 1
b10111 3
r0.401366226375103 T
r-0.6327581256628036 U
1-
#9350000
0-
#9355000
b101010100000010111011100110 J
b111110100011011010101110000000110 K
b101010011111110111011100110 L
b111110100011011010001110000000110 M
b1010010001100001 #
b1010010001100001 H
b1100100111111100 "
b1100100111111100 I
b11111100010011010011100101000000 E
b1001000000101011010110100110 F
b101011000011100110101000000 D
b11111001110011101110100101000110 G
b1101001111110 B
b11111100111011 C
b1010101011101011 @
b11111111011100 A
b101101001111 +
b101101001111 8
b111010000010001 ,
b111010000010001 9
b1010101100110101 )
b1010101100110101 6
b110001110101110 *
b110001110101110 7
r0.87030029296875 X
r0.384307861328125 Y
r-0.684722900390625 V
r-0.097198486328125 W
b1110011000 2
b11100 5
b1110011000 4
r9.252689778804779e-06 R
r7.14324414730072e-07 S
r0.086517333984375 P
r-0.191070556640625 Q
b100 1
b11000 3
r0.0865080812945962 T
r-0.1910712709650397 U
1-
#9360000
0-
#9365000
b111110001100110000011111101110001 J
b11000100101000001111000001010 K
b111110001100101111111111101110001 L
b11000100100111101111000001010 M
b101101001111 B
b111010000010001 C
b1010101100110101 @
b110001110101110 A
b11101010111111000011100100101001 E
b110100110111100011001001000 F
b11110111001100011111110110101010 D
b1111110001011101101110110100 G
b101010100000 #
b101010100000 H
b1110100011011010 "
b1110100011011010 I
b110111101100110 +
b110111101100110 8
b11000100110001 ,
b11000100110001 9
b1010100001011011 )
b1010100001011011 6
b1111001110001111 *
b1111001110001111 7
r-0.0367431640625 X
r0.279815673828125 Y
r-0.2423095703125 V
r0.0272216796875 W
b1110011001 2
b11101 5
b1110011001 4
r1.059472560882568e-05 R
r1.470744609832764e-05 S
r-0.715789794921875 P
r-0.4219970703125 Q
b100 1
b11001 3
r-0.7158003896474838 T
r-0.4219823628664017 U
1-
#9370000
0-
#9375000
b111011101111101011101111100110111 J
b110000111100001001101000110011 K
b111011101111101011001111100110111 L
b110000111100000101101000110011 M
b1110001100110000 #
b1110001100110000 H
b11000100101000 "
b11000100101000 I
b11011001100011100110001010000101 E
b100011001110011110010110010 F
b11111100010000010001110001011011 D
b101101001100010111011010001110 G
b110111101100110 B
b11000100110001 C
b1010100001011011 @
b1111001110001111 A
b1111101101001100 +
b1111101101001100 8
b10001111010001 ,
b10001111010001 9
b1110000011111100 )
b1110000011111100 6
b1101111100 *
b1101111100 7
r0.02783203125 X
r0.089630126953125 Y
r0.832611083984375 V
r0.015838623046875 W
b1110011010 2
b11110 5
b1110011010 4
r4.077330231666565e-06 R
r6.681308150291443e-06 S
r0.0830078125 P
r-0.18084716796875 Q
b100 1
b11010 3
r0.08300373516976833 T
r-0.1808404866605997 U
1-
#9380000
0-
#9385000
b111101001101111101111000001100101 J
b100011101111111011010000011101 K
b111101001101111101011000001100101 L
b100011101111110111010000011101 M
b1111101101001100 B
b10001111010001 C
b1110000011111100 @
b1101111100 A
b11101111001010001010010001101011 E
b11111010100101100000101111111010 F
b11011001110111001000100101000010 D
b11111101100110111111110101011111 G
b1011101111101011 #
b1011101111101011 H
b110000111100001 "
b110000111100001 I
b1110010000 +
b1110010000 8
b101101111001 ,
b101101111001 9
b110101010010011 )
b110101010010011 6
b1000000111 *
b1000000111 7
r0.64349365234375 X
r-0.67138671875 Y
r-0.58038330078125 V
r0.886749267578125 W
b1110011011 2
b11111 5
b1110011011 4
r1.331791281700134e-07 R
r8.09691846370697e-06 S
r-0.22509765625 P
r0.384033203125 Q
b100 1
b11011 3
r-0.2250977894291282 T
r0.3840251062065363 U
1-
#9390000
0-
#9395000
b111111011100110001111111010001100 J
b111111111111010110010110101101100 K
b111111011100110001011111010001100 L
b111111111111010101110110101101100 M
b1101001101111101 #
b1101001101111101 H
b100011101111111 "
b100011101111111 I
b11111011101010010010000110111100 E
b11111111111011111001110011010000 F
b100100011101111011010000 D
b11111001100110000111100 G
b1110010000 B
b101101111001 C
b110101010010011 @
b1000000111 A
b101001001011110 +
b101001001011110 8
b1010101000010000 ,
b1010101000010000 9
b1011010110110110 )
b1011010110110110 6
b111000110000001 *
b111000110000001 7
r0.225555419921875 X
r-0.854278564453125 Y
r-0.65570068359375 V
r-0.235107421875 W
b1110011100 2
b100000 5
b1110011100 4
r7.442198693752289e-06 R
r9.012408554553986e-06 S
r-0.531890869140625 P
r0.764678955078125 Q
b100 1
b11100 3
r-0.5318834269419312 T
r0.7646699426695704 U
1-
#9400000
0-
#9405000
b100110011100010100101101011 J
b111111110100110111101011010011111 K
b100110011011110100101101011 L
b111111110100110111001011010011111 M
b101001001011110 B
b1010101000010000 C
b1011010110110110 @
b111000110000001 A
b100110001101011000001111011 E
b1110011100011110000 F
b1011110111010101110110000 D
b101110100001001001111 G
b1111011100110001 #
b1111011100110001 H
b1111111111010110 "
b1111111111010110 I
b1110011011111 +
b1110011011111 8
b1001001010100111 ,
b1001001010100111 9
b1010110000010010 )
b1010110000010010 6
b1110000111101000 *
b1110000111101000 7
r0.908843994140625 X
r-0.72637939453125 Y
r0.7823486328125 V
r0.184234619140625 W
b1110011101 2
b100001 5
b1110011101 4
r1.153815537691116e-05 R
r2.834014594554901e-06 S
r-0.347747802734375 P
r0.558563232421875 Q
b100 1
b11101 3
r-0.3477362645789981 T
r0.5585603984072804 U
1-
#9410000
0-
#9415000
b111101011101010111011010111110 J
b111110001110011001111110100111100 K
b111101011101010011011010111110 L
b111110001110011001011110100111100 M
b100110011100 #
b100110011100 H
b1111110100110111 "
b1111110100110111 I
b11000111100000011011101100000 E
b100100100001001111111101011110 F
b11101000000110010000010011010100 D
b11011001111001011100001000010000 G
b1110011011111 B
b1001001010100111 C
b1010110000010010 @
b1110000111101000 A
b111010001010101 +
b111010001010101 8
b1010001100000110 ,
b1010001100000110 9
b110010000100100 )
b110010000100100 6
b1011110010101 *
b1011110010101 7
r0.6168212890625 X
r-0.593963623046875 Y
r0.302459716796875 V
r0.0831298828125 W
b1110011110 2
b100010 5
b1110011110 4
r1.491233706474304e-05 R
r4.429370164871216e-06 S
r-0.068817138671875 P
r-0.00128173828125 Q
b100 1
b11110 3
r-0.06880222633481026 T
r-0.001286167651414871 U
1-
#9420000
0-
#9425000
b100000011101001110110011010110 J
b10110010100100001001010101010 K
b100000011101001010110011010110 L
b10110010100011101001010101010 M
b111010001010101 B
b1010001100000110 C
b110010000100100 @
b1011110010101 A
b100011110110011000001110111110 E
b11111100100110110010100100011000 F
b11110110100010001101101110101110 D
b1100110110101010111001011000 G
b111101011101010 #
b111101011101010 H
b1110001110011001 "
b1110001110011001 I
b100111011110100 +
b100111011110100 8
b1011001111111001 ,
b1011001111111001 9
b10011010110111 )
b10011010110111 6
b101010100100 *
b101010100100 7
r0.03515625 X
r-0.403533935546875 Y
r0.5166015625 V
r0.336944580078125 W
b1110011111 2
b100011 5
b1110011111 4
r5.383975803852081e-06 R
r5.393289029598236e-06 S
r0.0750732421875 P
r-0.021759033203125 Q
b100 1
b11111 3
r0.07506785821169615 T
r-0.0217536399140954 U
1-
#9430000
0-
#9435000
b111100110010110001101110101010001 J
b111001001111011100001110010001010 K
b111100110010110001001110101010001 L
b111001001111011011101110010001010 M
b100000011101001 #
b100000011101001 H
b10110010100100 "
b10110010100100 I
b11011011101000010100010011011000 E
b1010101101110101100001111001 F
b101101100000011000111111110100 D
b11110111011011110110110001111110 G
b100111011110100 B
b1011001111111001 C
b10011010110111 @
b101010100100 A
b10010000000 +
b10010000000 8
b1100110001011001 ,
b1100110001011001 9
b100001000100000 )
b100001000100000 6
b10101100100001 *
b10101100100001 7
r-0.29168701171875 X
r-0.2276611328125 Y
r-0.193572998046875 V
r0.171539306640625 W
b1110100000 2
b100100 5
b1110100000 4
r1.305155456066132e-05 R
r1.459941267967224e-05 S
r0.96026611328125 P
r-0.221893310546875 Q
b100 1
b100000 3
r0.9602791648358107 T
r-0.2218787111341953 U
1-
#9440000
0-
#9445000
b111110111110010001111100101001111 J
b111110000111001101001110100011000 K
b111110111110010001011100101001111 L
b111110000111001100101110100011000 M
b10010000000 B
b1100110001011001 C
b100001000100000 @
b10101100100001 A
b11110100100000001001110011111111 E
b11010010000001110001010000 F
b1011111100001010100001101100 D
b11111100110101110000010110000100 G
b1100110010110001 #
b1100110010110001 H
b1001001111011100 "
b1001001111011100 I
b1101101010101010 +
b1101101010101010 8
b1110001011011100 ,
b1110001011011100 9
b1110011100111001 )
b1110011100111001 6
b1010111110101 *
b1010111110101 7
r-0.02215576171875 X
r-0.042144775390625 Y
r0.0947265625 V
r-0.698577880859375 W
b1110100001 2
b100101 5
b1110100001 4
r1.068972051143646e-05 R
r1.080892980098724e-05 S
r0.507110595703125 P
r0.3487548828125 Q
b100 1
b100001 3
r0.5071212854236364 T
r0.348744073882699 U
1-
#9450000
0-
#9455000
b111110011011010101101000110100000 J
b111110110001000101111101001111001 K
b111110011011010101001000110100000 L
b111110110001000101011101001111001 M
b1110111110010001 #
b1110111110010001 H
b1110000111001101 "
b1110000111001101 I
b11110010101010000111110100100000 E
b110000100001010010000000 F
b1001010011001000000000000 D
b11110111010011000100101001111001 G
b1101101010101010 B
b1110001011011100 C
b1110011100111001 @
b1010111110101 A
b1111110100101010 +
b1111110100101010 8
b1111101010011011 ,
b1111101010011011 9
b110000100000 )
b110000100000 6
b1010011010010101 *
b1010011010010101 7
r-0.01873779296875 X
r0.29998779296875 Y
r0.13031005859375 V
r0.135894775390625 W
b1110100010 2
b100110 5
b1110100010 4
r6.989575922489166e-06 R
r8.454546332359314e-06 S
r-0.400848388671875 P
r-0.8448486328125 Q
b100 1
b100010 3
r-0.4008413990959525 T
r-0.8448570873588324 U
1-
#9460000
0-
#9465000
b111111111100111100111110110101110 J
b111111001111000110101001010110010 K
b111111111100111100011110110101110 L
b111111001111000110001001010110010 M
b1111110100101010 B
b1111101010011011 C
b110000100000 @
b1010011010010101 A
b10110100100000011011111100 E
b11111100110011000011011010110010 F
b11100111010001010111011010 D
b11111101100000000010100010001100 G
b1110011011010101 #
b1110011011010101 H
b1110110001000101 "
b1110110001000101 I
b1111110110011010 +
b1111110110011010 8
b10011001100110 ,
b10011001100110 9
b1000010101110 )
b1000010101110 6
b1000101100101 *
b1000101100101 7
r-0.569610595703125 X
r-0.509521484375 Y
r-0.744384765625 V
r0.89794921875 W
b1110100011 2
b100111 5
b1110100011 4
r1.366343349218369e-05 R
r8.322298526763916e-06 S
r-0.128387451171875 P
r-0.235931396484375 Q
b100 1
b100011 3
r-0.1283737877383828 T
r-0.2359397187829018 U
1-
#9470000
0-
#9475000
b101111000110110011010010 J
b10000001010000000011110111 K
b101111000010110011010010 L
b10000001001100000011110111 M
b1111111100111100 #
b1111111100111100 H
b1111001111000110 "
b1111001111000110 I
b11111111101111101001011101100000 E
b111111011001010101110010 F
b11111111110111011001110101000000 D
b1111000100101111000110111 G
b1111110110011010 B
b10011001100110 C
b1000010101110 @
b1000101100101 A
b1011011100010111 +
b1011011100010111 8
b1011111011001000 ,
b1011111011001000 9
b1010000010111000 )
b1010000010111000 6
b111001011110000 *
b111001011110000 7
r0.387420654296875 X
r-0.321441650390625 Y
r0.125213623046875 V
r-0.001678466796875 W
b1110100100 2
b101000 5
b1110100100 4
r4.202127456665039e-06 R
r1.39409676194191e-05 S
r-0.196624755859375 P
r-0.154144287109375 Q
b100 1
b100100 3
r-0.1966205537319183 T
r-0.1541303461417556 U
1-
#9480000
0-
#9485000
b10010101110000000100010110 J
b10110001000010110110010010 K
b10010101101100000100010110 L
b10110000111110110110010010 M
b1011011100010111 B
b1011111011001000 C
b1010000010111000 @
b111001011110000 A
b10100000000111100101010100 E
b11111111110101100100011111000010 F
b11111111110101111111111010101100 D
b10100110111110110000111110 G
b101111000 #
b101111000 H
b10000001010 "
b10000001010 I
b11000110010111 +
b11000110010111 8
b1101011011011011 ,
b1101011011011011 9
b1000000000111 )
b1000000000111 6
b1111111111001001 *
b1111111111001001 7
r-0.241912841796875 X
r-0.532867431640625 Y
r0.344451904296875 V
r-0.490325927734375 W
b1110100101 2
b101001 5
b1110100101 4
r1.470558345317841e-05 R
r4.45730984210968e-06 S
r-0.0059814453125 P
r-0.09552001953125 Q
b100 1
b100101 3
r-0.005966739729046822 T
r-0.09551556222140789 U
1-
#9490000
0-
#9495000
b111110111100010100100001101010000 J
b111000111100101010011001011111000 K
b111110111100010100000001101010000 L
b111000111100101001111001011111000 M
b10010101110 #
b10010101110 H
b10110001000 "
b10110001000 I
b11000010001100001111111000000 E
b11011111010000111110001110010000 F
b11011001000101111100010001000 D
b11100010101101111110101110000000 G
b11000110010111 B
b1101011011011011 C
b1000000000111 @
b1111111111001001 A
b1110000100001001 +
b1110000100001001 8
b1011101111001011 ,
b1011101111001011 9
b10110000010111 )
b10110000010111 6
b1100000100111101 *
b1100000100111101 7
r0.720245361328125 X
r0.08721923828125 Y
r0.49658203125 V
r-0.916046142578125 W
b1110100110 2
b101010 5
b1110100110 4
r1.0685995221138e-05 R
r1.502875238656998e-05 S
r0.011474609375 P
r0.03155517578125 Q
b100 1
b100110 3
r0.01148529537022114 T
r0.03154014702886343 U
1-
#9500000
0-
#9505000
b111111101011000100010100010001100 J
b111111100111011100100101111010010 K
b111111101011000011110100010001100 L
b111111100111011100000101111010010 M
b1110000100001001 B
b1011101111001011 C
b10110000010111 @
b1100000100111101 A
b11111101011011001000111111111101 E
b11111111111101010101100010001111 F
b11000110101100101100100001 D
b10001101011011110011 G
b1110111100010100 #
b1110111100010100 H
b1000111100101010 "
b1000111100101010 I
b101110000110001 +
b101110000110001 8
b101100101010 ,
b101100101010 9
b11111110010000 )
b11111110010000 6
b1000101010111111 *
b1000101010111111 7
r0.806610107421875 X
r-0.656494140625 Y
r-0.472442626953125 V
r-0.84320068359375 W
b1110100111 2
b101011 5
b1110100111 4
r1.49998813867569e-05 R
r4.393979907035828e-06 S
r0.03656005859375 P
r0.043212890625 Q
b100 1
b100111 3
r0.03654505871236324 T
r0.04320849664509296 U
1-
#9510000
0-
#9515000
b111111011110110000110101101100010 J
b10110000011100100011010010000 K
b111111011110110000010101101100010 L
b10110000011100000011010010000 M
b1111101011000100 #
b1111101011000100 H
b1111100111011100 "
b1111100111011100 I
b11110100010000001100001100111101 E
b111100101110110100000100101 F
b11111010101010101100001111001111 D
b10000101110001100101001011111 G
b101110000110001 B
b101100101010 C
b11111110010000 @
b1000101010111111 A
b110011100111111 +
b110011100111111 8
b1010101111111000 ,
b1010101111111000 9
b1100001110000111 )
b1100001110000111 6
b1001010000010010 *
b1001010000010010 7
r-0.1390380859375 X
r-0.574737548828125 Y
r-0.043365478515625 V
r-0.217132568359375 W
b1110101000 2
b101100 5
b1110101000 4
r7.897615432739258e-07 R
r3.106892108917236e-06 S
r-0.1322021484375 P
r-0.88153076171875 Q
b100 1
b101000 3
r-0.1322013586759567 T
r-0.8815338686108589 U
1-
#9520000
0-
#9525000
b111011000100011000001000000101111 J
b111100011111111110100110111000110 K
b111011000100010111101000000101111 L
b111100011111111110000110111000110 M
b110011100111111 B
b1010101111111000 C
b1100001110000111 @
b1001010000010010 A
b10110001011001110110100000 E
b11010101110001100011001010001111 F
b10110111000111110101010010000 D
b11111010111000101111100001010110 G
b1111011110110000 #
b1111011110110000 H
b10110000011100 "
b10110000011100 I
b1110111000110100 +
b1110111000110100 8
b1011011001101111 ,
b1011011001101111 9
b1111101001110011 )
b1111101001110011 6
b1110010000110101 *
b1110010000110101 7
r0.585540771484375 X
r0.17626953125 Y
r0.882293701171875 V
r0.945831298828125 W
b1110101001 2
b101101 5
b1110101001 4
r5.591660737991333e-06 R
r2.818182110786438e-06 S
r-0.0408935546875 P
r-0.0479736328125 Q
b100 1
b101001 3
r-0.04089914634823799 T
r-0.04797081463038921 U
1-
#9530000
0-
#9535000
b111101000010100101000011000110110 J
b111011110100010100100000110111 K
b111101000010100100100011000110110 L
b111011110100010000100000110111 M
b1011000100011000 #
b1011000100011000 H
b1100011111111110 "
b1100011111111110 I
b10011110110011001011111001000 E
b11010100011110001010111001101110 F
b11100111100111000110111100111001 D
b100011011011010111011101110000 G
b1110111000110100 B
b1011011001101111 C
b1111101001110011 @
b1110010000110101 A
b100101011110011 +
b100101011110011 8
b1011010010000 ,
b1011010010000 9
b111000011101111 )
b111000011101111 6
b111100100010001 *
b111100100010001 7
r-0.100372314453125 X
r0.917510986328125 Y
r0.2515869140625 V
r-0.313385009765625 W
b1110101010 2
b101110 5
b1110101010 4
r1.03432685136795e-05 R
r1.564621925354004e-06 S
r-0.06494140625 P
r0.3446044921875 Q
b100 1
b101010 3
r-0.06493106298148632 T
r0.3446060568094254 U
1-
#9540000
0-
#9545000
b11100001110011101010100001 J
b111100110100001011110011111 K
b11100001101111101010100001 L
b111100110011101011110011111 M
b100101011110011 B
b1011010010000 C
b111000011101111 @
b111100100010001 A
b1100110000101100111011101 E
b1111011101010000011000100 F
b11000101100100101011100 D
b111111111001010000011111011 G
b1101000010100101 #
b1101000010100101 H
b111011110100010 "
b111011110100010 I
b1111001100100111 +
b1111001100100111 8
b111010101110001 ,
b111010101110001 9
b10000000110100 )
b10000000110100 6
b1101011111100011 *
b1101011111100011 7
r0.82696533203125 X
r-0.58392333984375 Y
r-0.63812255859375 V
r0.893829345703125 W
b1110101011 2
b101111 5
b1110101011 4
r1.140031963586807e-05 R
r3.283843398094177e-06 S
r-0.616455078125 P
r-0.43756103515625 Q
b100 1
b101011 3
r-0.6164664784446359 T
r-0.4375577513128519 U
1-
#9550000
0-
#9555000
b101101011001100010010110010011 J
b111101001100110111000011010110011 K
b101101011001011110010110010011 L
b111101001100110110100011010110011 M
b11100001110 #
b11100001110 H
b111100110100 "
b111100110100 I
b1001111101000001000001110000 E
b100011011100011101010100100011 F
b100001000100000100100011011101 D
b1010101010111000111110010000 G
b1111001100100111 B
b111010101110001 C
b10000000110100 @
b1101011111100011 A
b110100111011010 +
b110100111011010 8
b1011010101000010 ,
b1011010101000010 9
b1010111001010010 )
b1010111001010010 6
b111001001101001 *
b111001001101001 7
r0.13134765625 X
r0.094818115234375 Y
r0.064056396484375 V
r0.10003662109375 W
b1110101100 2
b110000 5
b1110101100 4
r1.377798616886139e-05 R
r1.958571374416351e-06 S
r-0.369964599609375 P
r0.93463134765625 Q
b100 1
b101100 3
r-0.3699783775955439 T
r0.9346333062276244 U
1-
#9560000
0-
#9565000
b10000110010011001011110001001 J
b111101111001101110000011001000111 K
b10000110010010101011110001001 L
b111101111001101101100011001000111 M
b110100111011010 B
b1011010101000010 C
b1010111001010010 @
b111001001101001 A
b1110110001011111101011110100 E
b10000000110101110010010101 F
b11111110011000100100001111101100 D
b11101101100110010000101000110011 G
b101101011001100 #
b101101011001100 H
b1101001100110111 "
b1101001100110111 I
b1000011010000 +
b1000011010000 8
b110000100011 ,
b110000100011 9
b100000110011 )
b100000110011 6
b110011001110 *
b110011001110 7
r0.41912841796875 X
r-0.924591064453125 Y
r0.63525390625 V
r0.1275634765625 W
b1110101101 2
b110001 5
b1110101101 4
r1.280568540096283e-06 R
r9.627081453800201e-06 S
r0.05511474609375 P
r0.1187744140625 Q
b100 1
b101101 3
r0.0551134655252099 T
r0.1187647869810462 U
1-
#9570000
0-
#9575000
b1000111001001111010100110001110 J
b10111101110100000111110 K
b1000111001001110110100110001110 L
b10111101010100000111110 M
b10000110010011 #
b10000110010011 H
b1101111001101110 "
b1101111001101110 I
b10111110110001110101100100100 E
b101111010011100111111001101010 F
b11011110001110100001001111010100 D
b11011110100110001011110000010010 G
b1000011010000 B
b110000100011 C
b100000110011 @
b110011001110 A
b11010110100110 +
b11010110100110 8
b1000100110100111 ,
b1000100110100111 9
b101000101010000 )
b101000101010000 6
b1000001010100 *
b1000001010100 7
r0.9271240234375 X
r-0.850433349609375 Y
r-0.209503173828125 V
r0.927886962890625 W
b1110101110 2
b110010 5
b1110101110 4
r6.300397217273712e-06 R
r1.366157084703445e-05 S
r0.7093505859375 P
r-0.349884033203125 Q
b100 1
b101110 3
r0.7093442855402827 T
r-0.349897694773972 U
1-
#9580000
0-
#9585000
b1001110110000101001011001 J
b100011100111010111010 K
b1001110101100101001011001 L
b100011000111010111010 M
b11010110100110 B
b1000100110100111 C
b101000101010000 @
b1000001010100 A
b11000111000001011111001 E
b110101110100011101100000 F
b100010011101100101110000 D
b100110110110100000101010 G
b111111111111111 #
b111111111111111 H
b10111101 "
b10111101 I
b111011010101100 +
b111011010101100 8
b1001001100100101 ,
b1001001100100101 9
b1110010100101111 )
b1110010100101111 6
b111011011000101 *
b111011011000101 7
r0.7149658203125 X
r-0.7283935546875 Y
r-0.19818115234375 V
r-0.542205810546875 W
b1110101111 2
b110011 5
b1110101111 4
r9.647570550441742e-06 R
r1.376215368509293e-05 S
r0.262298583984375 P
r-0.26226806640625 Q
b100 1
b101111 3
r0.2622889364138246 T
r-0.2622818285599351 U
1-
#9590000
0-
#9595000
b111011101110101010001010110101000 J
b111100111011010011001000011101100 K
b111011101110101001101010110101000 L
b111100111011010010101000011101100 M
b1001110110 #
b1001110110 H
b100011 "
b100011 I
b11011010011010001101101100110000 E
b11011010111111101001111000 F
b10001000010100100100111100000 D
b11111000011100111001101011001100 G
b111011010101100 B
b1001001100100101 C
b1110010100101111 @
b111011011000101 A
b101101110000100 +
b101101110000100 8
b1010001011000100 ,
b1010001011000100 9
b1110011010100010 )
b1110011010100010 6
b1011101010011001 *
b1011101010011001 7
r-0.51971435546875 X
r0.666107177734375 Y
r-0.806640625 V
r-0.06329345703125 W
b1110110000 2
b110100 5
b1110110000 4
r0 R
r9.59448516368866e-06 S
r0.999969482421875 P
r0.005767822265625 Q
b100 1
b110000 3
r0.999969482421875 T
r0.005777416750788689 U
1-
#9600000
0-
#9605000
b1000010011101011111011100100111 J
b111011001111011011110001111100101 K
b1000010011101011011011100100111 L
b111011001111011011010001111100101 M
b101101110000100 B
b1010001011000100 C
b1110011010100010 @
b1011101010011001 A
b1011011001110001110011001011 E
b110111000011101001101001011100 F
b11110011100100011010010110010100 D
b11001101011111110100100101111001 G
b1011101110101010 #
b1011101110101010 H
b1100111011010011 "
b1100111011010011 I
b1011110101111010 +
b1011110101111010 8
b101010101000011 ,
b101010101000011 9
b1001100011000000 )
b1001100011000000 6
b1111011111100110 *
b1111011111100110 7
r0.7158203125 X
r-0.85516357421875 Y
r0.9814453125 V
r0.32843017578125 W
b1110110001 2
b110101 5
b1110110001 4
r1.27917155623436e-05 R
r3.511086106300354e-06 S
r0.01922607421875 P
r0.001068115234375 Q
b100 1
b110001 3
r0.01921328250318766 T
r0.0010716263204813 U
1-
#9610000
0-
#9615000
b111110000011011011111000111101100 J
b100010010110000110110110011100 K
b111110000011011011011000111101100 L
b100010010110000010110110011100 M
b111111111111111 #
b111111111111111 H
b1011001111011011 "
b1011001111011011 I
b1001001111010001100000001000 E
b11100111001100001001100111100100 F
b11110110111011101000000110001000 D
b11001010001101010111100100100 G
b1011110101111010 B
b101010101000011 C
b1001100011000000 @
b1111011111100110 A
b101101110100000 +
b101101110100000 8
b1001001010001010 ,
b1001001010001010 9
b111110110100000 )
b111110110100000 6
b10101000001010 *
b10101000001010 7
r-0.572784423828125 X
r0.72613525390625 Y
r-0.07147216796875 V
r0.391357421875 W
b1110110010 2
b110110 5
b1110110010 4
r1.009553670883179e-05 R
r1.122429966926575e-05 S
r-0.53387451171875 P
r-0.384185791015625 Q
b100 1
b110010 3
r-0.5338846072554588 T
r-0.3841970153152943 U
1-
#9620000
0-
#9625000
b111011111101101111110101111011100 J
b111100010011110001111001110110010 K
b111011111101101111010101111011100 L
b111100010011110001011001110110010 M
b101101110100000 B
b1001001010001010 C
b111110110100000 @
b10101000001010 A
b11011101100111001011101001000000 E
b10000110101111000110011100 F
b11010110101001000101110000000 D
b11111101010011010011111100110010 G
b1110000011011011 #
b1110000011011011 H
b100010010110000 "
b100010010110000 I
b1011011010101111 +
b1011011010101111 8
b101110011110010 ,
b101110011110010 9
b1111011011011010 )
b1111011011011010 6
b11001000011000 *
b11001000011000 7
r0.129852294921875 X
r-0.84893798828125 Y
r-0.220794677734375 V
r0.140777587890625 W
b1110110011 2
b110111 5
b1110110011 4
r0 R
r8.557923138141632e-06 S
r0.999969482421875 P
r-0.594879150390625 Q
b100 1
b110011 3
r0.999969482421875 T
r-0.5948705924674869 U
1-
#9630000
0-
#9635000
b111011001010101010000110010000000 J
b111000001000100000011100101100100 K
b111011001010101001100110010000000 L
b111000001000011111111100101100100 M
b1011111101101111 #
b1011111101101111 H
b1100010011110001 "
b1100010011110001 I
b11001010010010001111100001000000 E
b1111000010111101010001000000 F
b101100111101100110010000000000 D
b11101110000001100101110101100100 G
b1011011010101111 B
b101110011110010 C
b1111011011011010 @
b11001000011000 A
b1000010011111 +
b1000010011111 8
b1001001101010110 ,
b1001001101010110 9
b1110001110111101 )
b1110001110111101 6
b1001000000101 *
b1001000000101 7
r0.343780517578125 X
r-0.610595703125 Y
r0.947723388671875 V
r-0.93310546875 W
b1110110100 2
b111000 5
b1110110100 4
r1.190230250358582e-05 R
r1.087412238121033e-05 S
r-0.243316650390625 P
r0.53662109375 Q
b100 1
b110100 3
r-0.2433047480881214 T
r0.5366319678723812 U
1-
#9640000
0-
#9645000
b111101110010101010100000001111100 J
b1111100100010111111110101010 K
b111101110010101010000000001111100 L
b1111100100010011111110101010 M
b1000010011111 B
b1001001101010110 C
b1110001110111101 @
b1001000000101 A
b11111100101011011011001000010100 E
b11110001101001110100111001101000 F
b10100111101011101100000110 D
b10010001011111111101010110000 G
b1011001010101010 #
b1011001010101010 H
b1000001000100000 "
b1000001000100000 I
b10110000000001 +
b10110000000001 8
b1011000111011000 ,
b1011000111011000 9
b111100101001111 )
b111100101001111 6
b1000100010010000 *
b1000100010010000 7
r0.30572509765625 X
r0.730072021484375 Y
r0.625213623046875 V
r-0.0472412109375 W
b1110110101 2
b111001 5
b1110110101 4
r1.045688986778259e-05 R
r1.232512295246124e-05 S
r-0.504425048828125 P
r-0.461395263671875 Q
b100 1
b110101 3
r-0.5044145919382572 T
r-0.4613829385489225 U
1-
#9650000
0-
#9655000
b1101001010101100100110011001 J
b111111010001011111110101001001011 K
b1101001010101000100110011001 L
b111111010001011111010101001001011 M
b1101110010101010 #
b1101110010101010 H
b1111100100010 "
b1111100100010 I
b1011111111110000100001111110 E
b1001010111000000100011011 F
b11111110001010100100001001100011 D
b11111000010110011110110010101110 G
b10110000000001 B
b1011000111011000 C
b111100101001111 @
b1000100010010000 A
b10011100100010 +
b10011100100010 8
b101110101110011 ,
b101110101110011 9
b101000000000111 )
b101000000000111 6
b1111100111110100 *
b1111100111110100 7
r-0.883819580078125 X
r0.548919677734375 Y
r0.775726318359375 V
r0.635223388671875 W
b1110110110 2
b111010 5
b1110110110 4
r1.227855682373047e-05 R
r1.57579779624939e-06 S
r-0.60418701171875 P
r-0.9833984375 Q
b100 1
b110110 3
r-0.6041992902755737 T
r-0.9834000132977962 U
1-
#9660000
0-
#9665000
b111000110011011111000001000111000 J
b1111100111001111110000110001 K
b111000110011011110100001000111000 L
b1111100111001011110000110001 M
b10011100100010 B
b101110101110011 C
b101000000000111 @
b1111100111110100 A
b11011010111101101111100110101000 E
b11101011011110000100100010010000 F
b10100110110100000110101001111 D
b100100011101101100100110000000 G
b1101001010101 #
b1101001010101 H
b1111010001011111 "
b1111010001011111 I
b1000111011011111 +
b1000111011011111 8
b100011001000011 ,
b100011001000011 9
b110001101001011 )
b110001101001011 6
b101000101001111 *
b101000101001111 7
r-0.958770751953125 X
r-0.651702880859375 Y
r0.98956298828125 V
r0.553192138671875 W
b1110110111 2
b111011 5
b1110110111 4
r1.154839992523193e-07 R
r1.517869532108307e-05 S
r-0.27606201171875 P
r0.24322509765625 Q
b100 1
b110111 3
r-0.2760618962347507 T
r0.2432402763515711 U
1-
#9670000
0-
#9675000
b11100010010100001110010001101 J
b111110001100011110111101010101110 K
b11100010010011101110010001101 L
b111110001100011110011101010101110 M
b1000110011011111 #
b1000110011011111 H
b1111100111001 "
b1111100111001 I
b11101001101100111111000100101 E
b11111111000100110101111001101000 F
b1100001110111011000111101110 D
b11111101110010101110110010011100 G
b1000111011011111 B
b100011001000011 C
b110001101001011 @
b101000101001111 A
b1000010101000111 +
b1000010101000111 8
b1010110010010101 ,
b1010110010010101 9
b111111010101010 )
b111111010101010 6
b100011011001111 *
b100011011001111 7
r-0.812835693359375 X
r-0.838409423828125 Y
r0.662841796875 V
r0.4267578125 W
b1110111000 2
b111100 5
b1110111000 4
r2.288259565830231e-06 R
r1.008342951536179e-05 S
r0.205718994140625 P
r-0.090850830078125 Q
b100 1
b111000 3
r0.2057212824001908 T
r-0.09084074664860964 U
1-
#9680000
0-
#9685000
b111110111010100100110010001110010 J
b1000010001100100000100101011000 K
b111110111010100100010010001110010 L
b1000010001100011100100101011000 M
b1000010101000111 B
b1010110010010101 C
b111111010101010 @
b100011011001111 A
b11011010000000111111010100001 E
b11011100000100011010010111010001 F
b11010100000111110001100001010101 D
b10110010100001110000110101101 G
b11100010010100 #
b11100010010100 H
b1110001100011110 "
b1110001100011110 I
b1001011111110101 +
b1001011111110101 8
b1001010010101111 ,
b1001010010101111 9
b101010011011000 )
b101010011011000 6
b11011010100000 *
b11011010100000 7
r-0.733123779296875 X
r0.91693115234375 Y
r0.4720458984375 V
r0.910858154296875 W
b1110111001 2
b111101 5
b1110111001 4
r1.472979784011841e-05 R
r1.435074955224991e-05 S
r-0.899444580078125 P
r0.243927001953125 Q
b100 1
b111001 3
r-0.8994593098759651 T
r0.2439413527026772 U
1-
#9690000
0-
#9695000
b110110100110010000101111101011011 J
b100101101001100001011101010101 K
b110110100110010000001111101011011 L
b100101101001011101011101010101 M
b1110111010100100 #
b1110111010100100 H
b111111111111111 "
b111111111111111 I
b11010110101110011111000011110010 E
b11011110000011100010111001101001 F
b11000011010001110111001100100110 D
b11101000111011010100101001111011 G
b1001011111110101 B
b1001010010101111 C
b101010011011000 @
b11011010100000 A
b1010001000101001 +
b1010001000101001 8
b111010101011110 ,
b111010101011110 9
b11110001101100 )
b11110001101100 6
b111010010010111 *
b111010010010111 7
r-0.32293701171875 X
r-0.146392822265625 Y
r0.61212158203125 V
r-0.4327392578125 W
b1110111010 2
b111110 5
b1110111010 4
r8.451752364635468e-06 R
r1.399032771587372e-05 S
r0.4420166015625 P
r-0.22564697265625 Q
b100 1
b111010 3
r0.4420081498101354 T
r-0.2256329823285341 U
1-
#9700000
0-
#9705000
b111000110001110111100011011001000 J
b1011100101010111110010101000 K
b111000110001110111000011011001000 L
b1011100101010011110010101000 M
b1010001000101001 B
b111010101011110 C
b11110001101100 @
b111010010010111 A
b11011100011011101101111110101000 E
b11101001110011001010011100100000 F
b11011101100001001001101010111000 D
b11101001000110011101011101100000 G
b1000000000000000 #
b1000000000000000 H
b100101101001100 "
b100101101001100 I
b1101011010101010 +
b1101011010101010 8
b1110110101000011 ,
b1110110101000011 9
b100111001011010 )
b100111001011010 6
b1100100010011100 *
b1100100010011100 7
r-0.39556884765625 X
r-0.4151611328125 Y
r0.76708984375 V
r0.99884033203125 W
b1110111011 2
b111111 5
b1110111011 4
r8.689239621162415e-06 R
r0 S
r-0.1356201171875 P
r0.999969482421875 Q
b100 1
b111011 3
r-0.1356114279478788 T
r0.999969482421875 U
1-
#9710000
0-
#9715000
b111110000111101110000010111010111 J
b1001011100110100000110100100110 K
b111110000111101101100010111010111 L
b1001011100110011100110100100110 M
b1000110001110111 #
b1000110001110111 H
b1011100101010 "
b1011100101010 I
b11011101100111000101110101000 E
b11010101010000110011101000101111 F
b11101001110110100000010101001100 D
b110101011100111101001001110010 G
b1101011010101010 B
b1110110101000011 C
b100111001011010 @
b1100100010011100 A
b1100110101011110 +
b1100110101011110 8
b1100101011011100 ,
b1100101011011100 9
b110001000110000 )
b110001000110000 6
b111111111011010 *
b111111111011010 7
r0.3800048828125 X
r0.90093994140625 Y
r0.28179931640625 V
r0.489501953125 W
b1110111100 2
b0 5
b1110111100 4
r0 R
r9.695999324321747e-06 S
r-1 P
r0.5882568359375 Q
b100 1
b111100 3
r-1 T
r0.5882471399381757 U
1-
#9720000
0-
#9725000
b11001101011011001100100110 J
b10000101101001110100100010000 K
b11001101010111001100100110 L
b10000101101001010100100010000 M
b1100110101011110 B
b1100101011011100 C
b110001000110000 @
b111111111011010 A
b11111010010000111101001110001110 E
b1000111100011001111110011000 F
b11110011010110010100001111000100 D
b100000011011110110011010100 G
b1110000111101110 #
b1110000111101110 H
b111111111111111 "
b111111111111111 I
b11000010100100 +
b11000010100100 8
b111001101010010 ,
b111001101010010 9
b10010000010010 )
b10010000010010 6
b11111010101000 *
b11111010101000 7
r0.80047607421875 X
r0.906463623046875 Y
r0.503570556640625 V
r0.9937744140625 W
b1110111101 2
b1 5
b1110111101 4
r1.616775989532471e-06 R
r1.446157693862915e-05 S
r-0.902618408203125 P
r0.18096923828125 Q
b100 1
b111101 3
r-0.9026167914271355 T
r0.1809836998581886 U
1-
#9730000
0-
#9735000
b111010010010101010000010101001100 J
b111111000111000011010010110111000 K
b111010010010101001100010101001100 L
b111111000111000010110010110111000 M
b11001101011 #
b11001101011 H
b10000101101001 "
b10000101101001 I
b11101011100111100100000101000000 E
b11100110101101101000010000001100 F
b11101100100101000111110110100000 D
b11100101011101011110001101011000 G
b11000010100100 B
b111001101010010 C
b10010000010010 @
b11111010101000 A
b110011001110110 +
b110011001110110 8
b111010000000111 ,
b111010000000111 9
b100000001110101 )
b100000001110101 6
b111111100110100 *
b111111100110100 7
r0.634796142578125 X
r-0.4151611328125 Y
r0.762603759765625 V
r0.819915771484375 W
b1110111110 2
b10 5
b1110111110 4
r1.386646181344986e-05 R
r0 S
r-0.23492431640625 P
r0.999969482421875 Q
b100 1
b111110 3
r-0.2349381828680634 T
r0.999969482421875 U
1-
#9740000
0-
#9745000
b11100001001111000011101100100 J
b10101010111110100111001001000 K
b11100001001110100011101100100 L
b10101010111110000111001001000 M
b110011001110110 B
b111010000000111 C
b100000001110101 @
b111111100110100 A
b10000001111111010001111000100 E
b1011111001111010001110100000 F
b110110110100111101110001000 D
b11100001110011000100111010000 G
b1010010010101010 #
b1010010010101010 H
b1111000111000011 "
b1111000111000011 I
b101000101000001 +
b101000101000001 8
b1100101011011100 ,
b1100101011011100 9
b110000110011101 )
b110000110011101 6
b110100011110011 *
b110100011110011 7
r0.03515625 X
r0.384918212890625 Y
r0.95965576171875 V
r0.849945068359375 W
b1110111111 2
b11 5
b1110111111 4
r3.064051270484924e-06 R
r9.79006290435791e-06 S
r0.050140380859375 P
r0.261016845703125 Q
b100 1
b111111 3
r0.05013731680810452 T
r0.2610266357660294 U
1-
#9750000
0-
#9755000
b1010000001000000110000100101011 J
b11111110110101111011001111110 K
b1010000001000000010000100101011 L
b11111110110101011011001111110 M
b11100001001111 #
b11100001001111 H
b10101010111110 "
b10101010111110 I
b11101001101101100011100110011 E
b110010111010010101100111111000 F
b11001110011000101001111101110 D
b111001101001110000101001101100 G
b101000101000001 B
b1100101011011100 C
b110000110011101 @
b110100011110011 A
b10010000000 +
b10010000000 8
b11000101000101 ,
b11000101000101 9
b111101011010110 )
b111101011010110 6
b110110011001011 *
b110110011001011 7
r0.071197509765625 X
r0.9222412109375 Y
r-0.7698974609375 V
r-0.359527587890625 W
b1111000000 2
b100 5
b1111000000 4
r1.399591565132141e-05 R
r6.265938282012939e-06 S
r-0.71356201171875 P
r-0.111236572265625 Q
b100 1
b0 3
r-0.7135760076344013 T
r-0.111242838203907 U
1-
#9760000
0-
#9765000
b1101000011001000110110011111 J
b111001011001110111011100011110111 K
b1101000011000100110110011111 L
b111001011001110110111100011110111 M
b10010000000 B
b11000101000101 C
b111101011010110 @
b110110011001011 A
b11101011101111001100010011101100 E
b100001010011111000100010110011 F
b11110111110110111010111011101 D
b11101010001101101110111011010100 G
b111111111111111 #
b111111111111111 H
b11111110110101 "
b11111110110101 I
b100100011101 +
b100100011101 8
b111011000001100 ,
b111011000001100 9
b1001110101110100 )
b1001110101110100 6
b1101000111111011 *
b1101000111111011 7
r-0.89434814453125 X
r-0.610137939453125 Y
r0.65264892578125 V
r0.24853515625 W
b1111000001 2
b101 5
b1111000001 4
r1.349672675132751e-05 R
r3.404915332794189e-06 S
r0.439910888671875 P
r0.33392333984375 Q
b100 1
b1 3
r0.4398973919451237 T
r0.3339267447590828 U
1-
#9770000
0-
#9775000
b11001100011011110001100101110 J
b10010110001111010101010110111 K
b11001100011011010001100101110 L
b10010110001110110101010110111 M
b1101000011001 #
b1101000011001 H
b1001011001110111 "
b1001011001110111 I
b10111101001000001000110101110 E
b1111010011001000110000000 F
b10001010001100001100000000 D
b10100111100000010110110110111 G
b100100011101 B
b111011000001100 C
b1001110101110100 @
b1101000111111011 A
b1000110110000110 +
b1000110110000110 8
b1011000111100111 ,
b1011000111100111 9
b101001110001010 )
b101001110001010 6
b1111111010000 *
b1111111010000 7
r-0.76904296875 X
r-0.22869873046875 Y
r0.4720458984375 V
r0.125244140625 W
b1111000010 2
b110 5
b1111000010 4
r0 R
r1.299194991588593e-05 S
r0.999969482421875 P
r0.497711181640625 Q
b100 1
b10 3
r0.999969482421875 T
r0.4977241735905409 U
1-
#9780000
0-
#9785000
b111010000111010111011010111011111 J
b111101110010010011101111110100000 K
b111010000111010110111010111011111 L
b111101110010010011001111110100000 M
b1000110110000110 B
b1011000111100111 C
b101001110001010 @
b1111111010000 A
b11010010100011101101100101110000 E
b11111110010111001001110001101111 F
b11111100011111011110101000100100 D
b11101010110001111000100111000100 G
b11001100011011 #
b11001100011011 H
b10010110001111 "
b10010110001111 I
b1001110110010000 +
b1001110110010000 8
b1110001010111010 ,
b1110001010111010 9
b11110001101100 )
b11110001101100 6
b1000000001000 *
b1000000001000 7
r0.48480224609375 X
r0.450531005859375 Y
r0.8038330078125 V
r0.92193603515625 W
b1111000011 2
b111 5
b1111000011 4
r1.201126724481583e-05 R
r1.677311956882477e-06 S
r0.203887939453125 P
r-0.824493408203125 Q
b100 1
b11 3
r0.2038759281858802 T
r-0.8244950855150819 U
1-
#9790000
0-
#9795000
b111011000010010100100001001100110 J
b11011101001110000100001110100 K
b111011000010010100000001001100110 L
b11011101001101100100001110100 M
b1010000111010111 #
b1010000111010111 H
b1101110010010011 "
b1101110010010011 I
b11100110100000111100101110000110 E
b11110001110001100011011011100000 F
b11011010101001001011110000111100 D
b11110110010010111000010010110000 G
b1001110110010000 B
b1110001010111010 C
b11110001101100 @
b1000000001000 A
b11111000001110 +
b11111000001110 8
b11100110101011 ,
b11100110101011 9
b110011011100100 )
b110011011100100 6
b111011000000010 *
b111011000000010 7
r0.063934326171875 X
r0.311798095703125 Y
r-0.709320068359375 V
r0.552154541015625 W
b1111000100 2
b1000 5
b1111000100 4
r8.387491106987e-06 R
r5.074776709079742e-06 S
r0.399261474609375 P
r0.293426513671875 Q
b100 1
b100 3
r0.399269862100482 T
r0.2934214388951659 U
1-
#9800000
0-
#9805000
b111110010111011010110101011111000 J
b10101011001101011110100010000 K
b111110010111011010010101011111000 L
b10101011001100111110100010000 M
b11111000001110 B
b11100110101011 C
b110011011100100 @
b111011000000010 A
b11111001000101110011111001111000 E
b11111001110101011110110010000000 F
b11101000110001000011100011000000 D
b11111110001010101011010111010000 G
b1011000010010100 #
b1011000010010100 H
b11011101001110 "
b11011101001110 I
b100000101111 +
b100000101111 8
b10011111101001 ,
b10011111101001 9
b1010010100110101 )
b1010010100110101 6
b100011010101101 *
b100011010101101 7
r-0.74530029296875 X
r-0.07635498046875 Y
r-0.32171630859375 V
r-0.6470947265625 W
b1111000101 2
b1001 5
b1111000101 4
r2.414919435977936e-06 R
r7.539987564086914e-06 S
r-0.735626220703125 P
r-0.276763916015625 Q
b100 1
b101 3
r-0.735628635622561 T
r-0.2767563760280609 U
1-
#9810000
0-
#9815000
b110011110010001010111001101000 J
b1101001001010110011011110 K
b110011110010000110111001101000 L
b1101001000110110011011110 M
b1110010111011010 #
b1110010111011010 H
b10101011001101 "
b10101011001101 I
b10111001011010111111001001100 E
b11100100110101111000000011100 F
b11000111100001101100001111000 D
b11010100101010100010101010110 G
b100000101111 B
b10011111101001 C
b1010010100110101 @
b100011010101101 A
b1010000010011010 +
b1010000010011010 8
b1111011000111010 ,
b1111011000111010 9
b1101011011010010 )
b1101011011010010 6
b1010110100101100 *
b1010110100101100 7
r0.299102783203125 X
r0.900634765625 Y
r-0.2198486328125 V
r-0.310211181640625 W
b1111000110 2
b1010 5
b1111000110 4
r5.718320608139038e-07 R
r1.32434070110321e-05 S
r-0.6204833984375 P
r0.43206787109375 Q
b100 1
b110 3
r-0.6204828266054392 T
r0.432054627686739 U
1-
#9820000
0-
#9825000
b111110100000110110001001000000000 J
b1101111010111111000110111010 K
b111110100000110101101001000000000 L
b1101111010111011000110111010 M
b1010000010011010 B
b1111011000111010 C
b1101011011010010 @
b1010110100101100 A
b11110001110110000111000000111101 E
b10010000100110000111000011 F
b11111101000110001111110010111011 D
b1011000001001010111001110101 G
b110011110010001 #
b110011110010001 H
b1101001001 "
b1101001001 I
b10011001001001 +
b10011001001001 8
b111001101001000 ,
b111001101001000 9
b1110001111011100 )
b1110001111011100 6
b1101100001001011 *
b1101100001001011 7
r0.915252685546875 X
r0.03643798828125 Y
r-0.200225830078125 V
r-0.151214599609375 W
b1111000111 2
b1011 5
b1111000111 4
r1.024454832077026e-05 R
r7.003545761108398e-07 S
r-0.20428466796875 P
r0.334381103515625 Q
b100 1
b111 3
r-0.2042744234204292 T
r0.3343804031610489 U
1-
#9830000
0-
#9835000
b100000011100000110010000001100 J
b111110011110100010100100110100100 K
b100000011100000010010000001100 L
b111110011110100010000100110100100 M
b1110100000110110 #
b1110100000110110 H
b1101111010111 "
b1101111010111 I
b1100100100111011110010100 E
b11110110111011010110001111000 F
b1111010110000111101001010100 D
b11001010011000001111111000 G
b10011001001001 B
b111001101001000 C
b1110001111011100 @
b1101100001001011 A
b111010100100111 +
b111010100100111 8
b10010101010 ,
b10010101010 9
b1110011001011111 )
b1110011001011111 6
b1110110010100101 *
b1110110010100101 7
r-0.30926513671875 X
r0.30230712890625 Y
r-0.521148681640625 V
r0.55908203125 W
b1111001000 2
b1100 5
b1111001000 4
r4.194676876068115e-06 R
r4.561617970466614e-06 S
r0.809112548828125 P
r0.025665283203125 Q
b100 1
b1000 3
r0.8091083541512489 T
r0.02566072158515453 U
1-
#9840000
0-
#9845000
b111101101011000111111100101000011 J
b111110010010101000010010001011100 K
b111101101011000111011100101000011 L
b111110010010100111110010001011100 M
b111010100100111 B
b10010101010 C
b1110011001011111 @
b1110110010100101 A
b11110011010100111110100111100000 E
b11111010000011111100111101100011 F
b11111011110010101010000110111100 D
b11101110000111101000011000011000 G
b100000011100000 #
b100000011100000 H
b1110011110100010 "
b1110011110100010 I
b1101100001101010 +
b1101100001101010 8
b10011010110010 ,
b10011010110010 9
b1011110101001011 )
b1011110101001011 6
b100011110010000 *
b100011110010000 7
r-0.932159423828125 X
r0.304534912109375 Y
r0.040618896484375 V
r-0.009368896484375 W
b1111001001 2
b1101 5
b1111001001 4
r1.096725463867188e-05 R
r1.185573637485504e-05 S
r-0.18585205078125 P
r0.217498779296875 Q
b100 1
b1001 3
r-0.1858630180358887 T
r0.2175106350332499 U
1-
#9850000
0-
#9855000
b111110110101011010010110100111001 J
b1011011000000111011000011001 K
b111110110101011001110110100111001 L
b1011011000000011011000011001 M
b1101101011000111 #
b1101101011000111 H
b1110010010101000 "
b1110010010101000 I
b11111111100010000111011100010110 E
b11110111001001000111011000100011 F
b11110100010001011000001101111001 D
b11111111101001011011100110010010 G
b1101100001101010 B
b10011010110010 C
b1011110101001011 @
b100011110010000 A
b1000100010101111 +
b1000100010101111 8
b10011011111011 ,
b10011011111011 9
b10100110011 )
b10100110011 6
b1111111011001101 *
b1111111011001101 7
r0.139434814453125 X
r-0.70556640625 Y
r0.39666748046875 V
r0.56988525390625 W
b1111001010 2
b1110 5
b1111001010 4
r8.594244718551636e-06 R
r2.298504114151001e-06 S
r0.5068359375 P
r-0.19036865234375 Q
b100 1
b1010 3
r0.5068445317447186 T
r-0.1903663538396358 U
1-
#9860000
0-
#9865000
b111101010110110100010000111000110 J
b100000001011100100010010 K
b111101010110110011110000111000110 L
b100000000111100100010010 M
b1000100010101111 B
b10011011111011 C
b10100110011 @
b1111111011001101 A
b11110101111010101100000000100110 E
b11110100111011110010000110100000 F
b1010010100001010100100001110 D
b1010110100010010001000100000 G
b1110110101011010 #
b1110110101011010 H
b1011011000000 "
b1011011000000 I
b1000111011001 +
b1000111011001 8
b1010010110110000 ,
b1010010110110000 9
b11001011000110 )
b11001011000110 6
b100100011110010 *
b100100011110010 7
r0.973907470703125 X
r0.3250732421875 Y
r0.58642578125 V
r0.4576416015625 W
b1111001011 2
b1111 5
b1111001011 4
r1.36522576212883e-05 R
r6.590038537979126e-06 S
r-0.290802001953125 P
r-0.213623046875 Q
b100 1
b1011 3
r-0.2907883496955037 T
r-0.213629636913538 U
1-
#9870000
0-
#9875000
b1010110100000000100100100 J
b10001111011101101100100010 K
b1010110011100000100100100 L
b10001111011001101100100010 M
b1101010110110100 #
b1101010110110100 H
b100000001 "
b100000001 I
b110010101010101100000001 E
b100011110001011000100011 F
b11111101100100111010010111011101 D
b11111111110100010100000011111111 G
b1000111011001 B
b1010010110110000 C
b11001011000110 @
b100100011110010 A
b111110010101001 +
b111110010101001 8
b10100110011100 ,
b10100110011100 9
b100101100010000 )
b100101100010000 6
b11101010010100 *
b11101010010100 7
r-0.3116455078125 X
r-0.3519287109375 Y
r0.917449951171875 V
r0.032928466796875 W
b1111001100 2
b10000 5
b1111001100 4
r4.476867616176605e-06 R
r1.289788633584976e-05 S
r-0.14569091796875 P
r0.177734375 Q
b100 1
b1100 3
r-0.1456953948363662 T
r0.1777472728863358 U
1-
#9880000
0-
#9885000
b111110011001011001010110101000010 J
b111100010101110100011000010001010 K
b111110011001011000110110101000010 L
b111100010101110011111000010001010 M
b111110010101001 B
b10100110011100 C
b100101100010000 @
b11101010010100 A
b11101110000101101000011000100000 E
b101000101011110011100100010 F
b11100010100010111111010110 D
b11100110010001000010000001100000 G
b1010110100 #
b1010110100 H
b10001111011 "
b10001111011 I
b1101100000011100 +
b1101100000011100 8
b1101001011110100 ,
b1101001011110100 9
b111010101101111 )
b111010101101111 6
b10000110111 *
b10000110111 7
r0.98846435546875 X
r-0.055511474609375 Y
r0.776031494140625 V
r-0.773773193359375 W
b1111001101 2
b10001 5
b1111001101 4
r7.206574082374573e-06 R
r1.652166247367859e-06 S
r-0.3304443359375 P
r0.007843017578125 Q
b100 1
b1101 3
r-0.3304515425115824 T
r0.007841365411877632 U
1-
#9890000
0-
#9895000
b101000101110011110100101110100 J
b111100100111110000101100010100000 K
b101000101110011010100101110100 L
b111100100111110000001100010100000 M
b1110011001011001 #
b1110011001011001 H
b1100010101110100 "
b1100010101110100 I
b1100001100110100110111000000 E
b11100100001100101101110110100 F
b100100100011010100110110010000 D
b1001100001010110011000110000 G
b1101100000011100 B
b1101001011110100 C
b111010101101111 @
b10000110111 A
b111111010000110 +
b111111010000110 8
b1111100011100101 ,
b1111100011100101 9
b110001101010101 )
b110001101010101 6
b1001110011110101 *
b1001110011110101 7
r0.39404296875 X
r0.48333740234375 Y
r0.576202392578125 V
r-0.95367431640625 W
b1111001110 2
b10010 5
b1111001110 4
r1.498684287071228e-05 R
r6.468966603279114e-06 S
r0.0211181640625 P
r0.035003662109375 Q
b100 1
b1110 3
r0.02110317721962929 T
r0.03501013107597828 U
1-
#9900000
0-
#9905000
b111101010101011100001100111010000 J
b10001100011101110001001001000 K
b111101010101011011101100111010000 L
b10001100011101010001001001000 M
b111111010000110 B
b1111100011100101 C
b110001101010101 @
b1001110011110101 A
b11101011010101011111101111001100 E
b11111111010101111101111000000100 F
b11101101101100111000000000100100 D
b11111111010000100010001001101100 G
b101000101110011 #
b101000101110011 H
b1100100111110000 "
b1100100111110000 I
b11001001110000 +
b11001001110000 8
b11110111011110 ,
b11110111011110 9
b100100111000001 )
b100100111000001 6
b1000010111101110 *
b1000010111101110 7
r-0.1312255859375 X
r0.8016357421875 Y
r-0.1837158203125 V
r0.144195556640625 W
b1111001111 2
b10011 5
b1111001111 4
r4.468485713005066e-06 R
r3.686174750328064e-06 S
r-0.200408935546875 P
r-0.4573974609375 Q
b100 1
b1111 3
r-0.200413404032588 T
r-0.4574011471122503 U
1-
#9910000
0-
#9915000
b111001100010010110011000101000111 J
b111010001101010000010101010101011 K
b111001100010010101111000101000111 L
b111010001101001111110101010101011 M
b1101010101011100 #
b1101010101011100 H
b10001100011101 "
b10001100011101 I
b11111101001111100011001100001001 E
b11001111000011001011111000111110 F
b110001000101111101010001111110 D
b10101111111011111100101001 G
b11001001110000 B
b11110111011110 C
b100100111000001 @
b1000010111101110 A
b1110111100110100 +
b1110111100110100 8
b110011010011100 ,
b110011010011100 9
b1110100001111100 )
b1110100001111100 6
b1001001110101 *
b1001001110101 7
r0.0728759765625 X
r-0.000213623046875 Y
r-0.28839111328125 V
r0.757476806640625 W
b1111010000 2
b10100 5
b1111010000 4
r9.883195161819458e-06 R
r5.871057510375977e-06 S
r0.636322021484375 P
r-0.42236328125 Q
b100 1
b10000 3
r0.6363319046795368 T
r-0.4223574101924896 U
1-
#9920000
0-
#9925000
b111111001110001100100011001111110 J
b111010011111110000010001111110100 K
b111111001110001100000011001111110 L
b111010011111101111110001111110100 M
b1110111100110100 B
b110011010011100 C
b1110100001111100 @
b1001001110101 A
b10001110100101111001001011110 E
b11100111111100110001010000100000 F
b1110100001111111011001110000 D
b11100010011111111101101001100100 G
b1001100010010110 #
b1001100010010110 H
b1010001101010000 "
b1010001101010000 I
b100101010100 +
b100101010100 8
b1111111111111001 ,
b1111111111111001 9
b1101101100010110 )
b1101101100010110 6
b110000011110101 *
b110000011110101 7
r-0.0421142578125 X
r-0.754302978515625 Y
r0.37200927734375 V
r-0.119903564453125 W
b1111010001 2
b10101 5
b1111010001 4
r9.104609489440918e-06 R
r8.173286914825439e-06 S
r-0.3331298828125 P
r0.274322509765625 Q
b100 1
b10001 3
r-0.3331389874219894 T
r0.2743306830525398 U
1-
#9930000
0-
#9935000
b111110101010111010100111001010100 J
b101110110110010000000011100 K
b111110101010111010000111001010100 L
b101110110101110000000011100 M
b1111001110001100 #
b1111001110001100 H
b1010011111110000 "
b1010011111110000 I
b11110110100100110001001110010000 E
b11111110110010011111101011000100 F
b1100010101111110100110000 D
b111011001011101110101001100 G
b100101010100 B
b1111111111111001 C
b1101101100010110 @
b110000011110101 A
b1111101010011100 +
b1111101010011100 8
b1001111101110011 ,
b1001111101110011 9
b10111110011110 )
b10111110011110 6
b1111000010100111 *
b1111000010100111 7
r-0.078216552734375 X
r0.5819091796875 Y
r-0.006744384765625 V
r0.9996337890625 W
b1111010010 2
b10110 5
b1111010010 4
r3.510154783725739e-06 R
r5.085952579975128e-06 S
r-0.80792236328125 P
r-0.72412109375 Q
b100 1
b10010 3
r-0.8079258734360337 T
r-0.72412617970258 U
1-
#9940000
0-
#9945000
b11100010011010111111001010 J
b1010101011111000000010101 K
b11100010010110111111001010 L
b1010101011011000000010101 M
b1111101010011100 B
b1001111101110011 C
b10111110011110 @
b1111000010100111 A
b10000001001100110 E
b11100010000110110101100100 F
b11111110101001111010100100111000 D
b11111111111111010101100101001101 G
b1110101010111010 #
b1110101010111010 H
b101110110110 "
b101110110110 I
b1111010111111101 +
b1111010111111101 8
b100101001111100 ,
b100101001111100 9
b1111111100100011 )
b1111111100100011 6
b111111111110100 *
b111111111110100 7
r0.24334716796875 X
r0.62908935546875 Y
r-0.9693603515625 V
r-0.752655029296875 W
b1111010011 2
b10111 5
b1111010011 4
r1.547858119010925e-06 R
r6.686896085739136e-06 S
r-0.0972900390625 P
r-0.68798828125 Q
b100 1
b10011 3
r-0.09728849120438099 T
r-0.6879949681460857 U
1-
#9950000
0-
#9955000
b111101110010111011000000110111110 J
b110110010101100001110111101 K
b111101110010111010100000110111110 L
b110110010101000001110111101 M
b11100010011 #
b11100010011 H
b1010101011 "
b1010101011 I
b11101110000010101000010111111010 E
b10100101011101111000100 F
b11111110111111110101000001001000 D
b101110010011101010000000101 G
b1111010111111101 B
b100101001111100 C
b1111111100100011 @
b111111111110100 A
b1111100100110 +
b1111100100110 8
b101000010000110 ,
b101000010000110 9
b1000001111101100 )
b1000001111101100 6
b1001111110101001 *
b1001111110101001 7
r0.014678955078125 X
r-0.7203369140625 Y
r-0.176025390625 V
r0.30364990234375 W
b1111010100 2
b11000 5
b1111010100 4
r3.416091203689575e-06 R
r7.603317499160767e-06 S
r-0.16619873046875 P
r0.09149169921875 Q
b100 1
b10100 3
r-0.1661953143775463 T
r0.09148409590125084 U
1-
#9960000
0-
#9965000
b111111010101111101110101100011000 J
b100101001100100001110110011001 K
b111111010101111101010101100011000 L
b100101001100011101110110011001 M
b1111100100110 B
b101000010000110 C
b1000001111101100 @
b1001111110101001 A
b11111111101111111011001011110100 E
b11111010111111101111100000100100 F
b10001010010010010111 D
b100101001110101000001000110000 G
b1101110010111011 #
b1101110010111011 H
b110110010101 "
b110110010101 I
b111100001 +
b111100001 8
b1010001111001100 ,
b1010001111001100 9
b1110100101111000 )
b1110100101111000 6
b10011011011110 *
b10011011011110 7
r-0.70941162109375 X
r0.9755859375 Y
r-0.35772705078125 V
r0.903472900390625 W
b1111010101 2
b11001 5
b1111010101 4
r3.864988684654236e-06 R
r1.146364957094193e-05 S
r0.055267333984375 P
r0.020843505859375 Q
b100 1
b10101 3
r0.05526346899569035 T
r0.02085496950894594 U
1-
#9970000
0-
#9975000
b111001101010000000011011110011110 J
b111110000110010110111100101101110 K
b111001101001111111111011110011110 L
b111110000110010110011100101101110 M
b1111010101111101 #
b1111010101111101 H
b100101001100100 "
b100101001100100 I
b11011000111110001100110110001000 E
b11110100010001110010101000010110 F
b11110000111001110010100100001000 D
b11100001101100100110001001110110 G
b111100001 B
b1010001111001100 C
b1110100101111000 @
b10011011011110 A
b1010010100110010 +
b1010010100110010 8
b111110011100000 ,
b111110011100000 9
b1101001000110110 )
b1101001000110110 6
b111001110100101 *
b111001110100101 7
r0.673309326171875 X
r-0.336212158203125 Y
r0.617279052734375 V
r0.284820556640625 W
b1111010110 2
b11010 5
b1111010110 4
r1.48434191942215e-05 R
r8.912757039070129e-07 S
r-0.275543212890625 P
r0.106109619140625 Q
b100 1
b10110 3
r-0.2755580563098192 T
r0.1061105104163289 U
1-
#9980000
0-
#9985000
b1000011001101011101010111110 J
b111110010001010101110100001110000 K
b1000011001100111101010111110 L
b111110010001010101010100001110000 M
b1010010100110010 B
b111110011100000 C
b1101001000110110 @
b111001110100101 A
b1000000111010111001110100000 E
b10010010000011100011110 F
b11111111110101011010101001111000 D
b11110010000000000101001011101000 G
b1001101010000000 #
b1001101010000000 H
b1110000110010110 "
b1110000110010110 I
b101011000101111 +
b101011000101111 8
b1101010011110111 ,
b1101010011110111 9
b100111100000011 )
b100111100000011 6
b10010001110101 *
b10010001110101 7
r0.05169677734375 X
r0.023101806640625 Y
r-0.46563720703125 V
r-0.575592041015625 W
b1111010111 2
b11011 5
b1111010111 4
r1.027435064315796e-05 R
r8.202157914638519e-06 S
r-0.082122802734375 P
r0.5811767578125 Q
b100 1
b10111 3
r-0.08211252838373184 T
r0.5811685556545854 U
1-
#9990000
0-
#9995000
b111000000101001010100011001111010 J
b101000001010110111111111010100 K
b111000000101001010000011001111010 L
b101000001010110011111111010100 M
b1000011001101 #
b1000011001101 H
b1110010001010101 "
b1110010001010101 I
b11101001101010100001011101000000 E
b11010110111110101110111100111010 F
b10000001111011101110010001100 D
b111000011010010001110001100000 G
b101011000101111 B
b1101010011110111 C
b100111100000011 @
b10010001110101 A
b11010011110 +
b11010011110 8
b1011110101 ,
b1011110101 9
b1100010001100110 )
b1100010001100110 6
b1011011001010011 *
b1011011001010011 7
r-0.286529541015625 X
r-0.943603515625 Y
r-0.0504150390625 V
r0.4044189453125 W
b1111011000 2
b11100 5
b1111011000 4
r1.998618245124817e-06 R
r1.369230449199677e-05 S
r-0.79296875 P
r-0.23760986328125 Q
b100 1
b11000 3
r-0.7929707486182451 T
r-0.237596170976758 U
1-
#10000000
0-
#10005000
b111111110111111011111011101100000 J
b111011111010001011100110101010110 K
b111111110111111011011011101100000 L
b111011111010001011000110101010110 M
b11010011110 B
b1011110101 C
b1100010001100110 @
b1011011001010011 A
b11110010101101111011011111100101 E
b1100010001011111111101111011 F
b11010100110011000001110001101 D
b11111001110111110001000011100011 G
b1000000101001010 #
b1000000101001010 H
b101000001010110 "
b101000001010110 I
b1101101101010011 +
b1101101101010011 8
b1000011100111000 ,
b1000011100111000 9
b1111100110001100 )
b1111100110001100 6
b11001111000100 *
b11001111000100 7
r0.548980712890625 X
r-0.358184814453125 Y
r0.601654052734375 V
r-0.2464599609375 W
b1111011001 2
b11101 5
b1111011001 4
r1.253560185432434e-06 R
r9.641051292419434e-06 S
r0.131256103515625 P
r-0.216156005859375 Q
b100 1
b11001 3
r0.1312548499554396 T
r-0.2161463648080826 U
1-
#10010000
0-
#10015000
b111111101011010000111101011011000 J
b101100001100100001111011 K
b111111101011010000011101011011000 L
b101100001000100001111011 M
b1111110111111011 #
b1111110111111011 H
b1011111010001011 "
b1011111010001011 I
b11111111010011111100000110011110 E
b11111110000110000111100100111010 F
b11111110011101011001101011110100 D
b11111111001001100010001101101111 G
b1101101101010011 B
b1000011100111000 C
b1111100110001100 @
b11001111000100 A
b100011001000101 +
b100011001000101 8
b1101001000100111 ,
b1101001000100111 9
b100110100000011 )
b100110100000011 6
b1110000001110100 *
b1110000001110100 7
r-0.4339599609375 X
r-0.863525390625 Y
r-0.412353515625 V
r-0.8934326171875 W
b1111011010 2
b11110 5
b1111011010 4
r1.544132828712463e-06 R
r1.521781086921692e-05 S
r-0.98992919921875 P
r0.62762451171875 Q
b100 1
b11010 3
r-0.9899276550859213 T
r0.6276397295296192 U
1-
#10020000
0-
#10025000
b111111011101000010001111100101100 J
b111100110101001110100001001111100 K
b111111011101000001101111100101100 L
b111100110101001110000001001111100 M
b100011001000101 B
b1101001000100111 C
b100110100000011 @
b1110000001110100 A
b11000010110110101010100000 E
b11111000100101010111010010001100 F
b111011001010110001100100 D
b11100111100100111010111011100000 G
b1111101011010000 #
b1111101011010000 H
b101100001 "
b101100001 I
b1100100001110100 +
b1100100001110100 8
b1001000101111000 ,
b1001000101111000 9
b1100101100111000 )
b1100101100111000 6
b1000110110100100 *
b1000110110100100 7
r0.4334716796875 X
r-0.372955322265625 Y
r-0.728973388671875 V
r0.026092529296875 W
b1111011011 2
b11111 5
b1111011011 4
r1.320242881774902e-05 R
r3.179535269737244e-06 S
r-0.015777587890625 P
r-0.511383056640625 Q
b100 1
b11011 3
r-0.01576438546180725 T
r-0.5113798771053553 U
1-
#10030000
0-
#10035000
b111101001100011001010100010111001 J
b111110000100000110000010111011101 K
b111101001100011000110100010111001 L
b111110000100000101100010111011101 M
b1111011101000010 #
b1111011101000010 H
b1100110101001110 "
b1100110101001110 I
b11110010001101010011000101110101 E
b11110111010101110011011101000100 F
b10101001000111001001111001111 D
b101101001100101100110101100 G
b1100100001110100 B
b1001000101111000 C
b1100101100111000 @
b1000110110100100 A
b11011101111100 +
b11011101111100 8
b1101000001000011 ,
b1101000001000011 9
b1010001010110001 )
b1010001010110001 6
b1101010111 *
b1101010111 7
r0.273162841796875 X
r-0.079803466796875 Y
r0.390899658203125 V
r-0.67010498046875 W
b1111011100 2
b100000 5
b1111011100 4
r1.402944326400757e-05 R
r2.021901309490204e-06 S
r-0.04052734375 P
r0.010772705078125 Q
b100 1
b11100 3
r-0.04051331430673599 T
r0.01077472697943449 U
1-
#10040000
0-
#10045000
b101111100110101000100010010000 J
b100101111011001011001110000000 K
b101111100110100100100010010000 L
b100101111011000111001110000000 M
b11011101111100 B
b1101000001000011 C
b1010001010110001 @
b1101010111 A
b10110110010011111101001000000 E
b11000110100000100111001010000 F
b1011011100111101010101100000 D
b110001011000000100100011100000 G
b1101001100011001 #
b1101001100011001 H
b1110000100000110 "
b1110000100000110 I
b10001011110111 +
b10001011110111 8
b1111010111001001 ,
b1111010111001001 9
b11001000001001 )
b11001000001001 6
b1010101000111010 *
b1010101000111010 7
r-0.58135986328125 X
r0.86724853515625 Y
r-0.65875244140625 V
r0.76824951171875 W
b1111011101 2
b100001 5
b1111011101 4
r7.826834917068481e-06 R
r5.923211574554443e-07 S
r-0.06829833984375 P
r-0.39605712890625 Q
b100 1
b11101 3
r-0.06830616667866707 T
r-0.3960565365850925 U
1-
#10050000
0-
#10055000
b10010000111111111001101110111 J
b10011100110011111101100001001 K
b10010000111111011001101110111 L
b10011100110011011101100001001 M
b101111100110101 #
b101111100110101 H
b100101111011001 "
b100101111011001 I
b10001011001100110010001010011 E
b101110010100111100100100 F
b11101011110001101101010010111100 D
b11111111011000001000111111000101 G
b10001011110111 B
b1111010111001001 C
b11001000001001 @
b1010101000111010 A
b1011010110010110 +
b1011010110010110 8
b110111100000010 ,
b110111100000010 9
b1010101110101110 )
b1010101110101110 6
b110001001010110 *
b110001001010110 7
r0.3592529296875 X
r-0.88348388671875 Y
r0.08868408203125 V
r0.39422607421875 W
b1111011110 2
b100010 5
b1111011110 4
r5.549751222133636e-06 R
r1.386087387800217e-05 S
r-0.350799560546875 P
r-0.24200439453125 Q
b100 1
b11110 3
r-0.3508051102980971 T
r-0.242018255405128 U
1-
#10060000
0-
#10065000
b111110010010010100001100000000111 J
b111111100100101101111000011011011 K
b111110010010010011101100000000111 L
b111111100100101101011000011011011 M
b1011010110010110 B
b110111100000010 C
b1010101110101110 @
b110001001010110 A
b11111110000000001110011000010001 E
b11110100010010001111000111110110 F
b110110101010111100010101111 D
b11011011000010100110001010 G
b10010000111111 #
b10010000111111 H
b10011100110011 "
b10011100110011 I
b10110111111100 +
b10110111111100 8
b1000111011101010 ,
b1000111011101010 9
b101101011010 )
b101101011010 6
b11001001110110 *
b11001001110110 7
r-0.411163330078125 X
r-0.112945556640625 Y
r-0.3021240234375 V
r0.471435546875 W
b1111011111 2
b100011 5
b1111011111 4
r1.321732997894287e-05 R
r2.980232238769531e-06 S
r0.743804931640625 P
r0.592559814453125 Q
b100 1
b11111 3
r0.7437917143106461 T
r0.5925568342208862 U
1-
#10070000
0-
#10075000
b110111110110110100111010111000000 J
b10010001000011011000010111000 K
b110111110110110100011010111000000 L
b10010001000010111000010111000 M
b1110010010010100 #
b1110010010010100 H
b1111100100101101 "
b1111100100101101 I
b11011011011011111100100101011100 E
b11100011011010100110110001100100 F
b11000100000101001110111110100 D
b101010101001000000111010101100 G
b10110111111100 B
b1000111011101010 C
b101101011010 @
b11001001110110 A
b1100101101011111 +
b1100101101011111 8
b1111000110001011 ,
b1111000110001011 9
b1101100101010100 )
b1101100101010100 6
b11110001011000 *
b11110001011000 7
r-0.42291259765625 X
r0.857666015625 Y
r-0.06719970703125 V
r0.2623291015625 W
b1111100000 2
b100100 5
b1111100000 4
r1.227017492055893e-05 R
r1.407507807016373e-05 S
r0.283172607421875 P
r0.306243896484375 Q
b100 1
b100000 3
r0.2831848775967956 T
r0.3062579715624452 U
1-
#10080000
0-
#10085000
b100000011001111011001101100 J
b111100111101010111101010101000100 K
b100000011001011011001101100 L
b111100111101010111001010101000100 M
b1100101101011111 B
b1111000110001011 C
b1101100101010100 @
b11110001011000 A
b11111010111111000100110001000100 E
b1001000100000110101000101000 F
b10000010011111111010011000 D
b11101001101101011001001111011100 G
b1000000000000000 #
b1000000000000000 H
b10010001000011 "
b10010001000011 I
b1100100111011110 +
b1100100111011110 8
b110110111001000 ,
b110110111001000 9
b1111011101100110 )
b1111011101100110 6
b10000110010100 *
b10000110010100 7
r-0.41693115234375 X
r0.76507568359375 Y
r0.903167724609375 V
r-0.45855712890625 W
b1111100001 2
b100101 5
b1111100001 4
r9.530223906040192e-06 R
r1.164805144071579e-05 S
r-0.2142333984375 P
r-0.053314208984375 Q
b100 1
b100001 3
r-0.214242928661406 T
r-0.05330256093293428 U
1-
#10090000
0-
#10095000
b111110101110001111000000101000100 J
b111110100101001001001100110011100 K
b111110101110001110100000101000100 L
b111110100101001000101100110011100 M
b100000011001 #
b100000011001 H
b1100111101010111 "
b1100111101010111 I
b10001011110001010010011100 E
b11110011100110000010110010101000 F
b111111100110100001000101100 D
b11111100100101111001101111001000 G
b1100100111011110 B
b110110111001000 C
b1111011101100110 @
b10000110010100 A
b1100101010100010 +
b1100101010100010 8
b110000111101110 ,
b110000111101110 9
b111001110011011 )
b111001110011011 6
b1100010101001110 *
b1100010101001110 7
r-0.47100830078125 X
r-0.19549560546875 Y
r0.224609375 V
r0.176666259765625 W
b1111100010 2
b100110 5
b1111100010 4
r0 R
r3.643333911895752e-06 S
r-1 P
r0.283294677734375 Q
b100 1
b100010 3
r-1 T
r0.2832910344004631 U
1-
#10100000
0-
#10105000
b111110101001101100100100000001000 J
b1100100101001101111100101100 K
b111110101001101100000100000001000 L
b1100100101001001111100101100 M
b1100101010100010 B
b110000111101110 C
b111001110011011 @
b1100010101001110 A
b11111100010011111011010110110000 E
b11111000111001100101001001011000 F
b1110100011010000001110100 D
b1110011001100011111110100000 G
b1110101110001111 #
b1110101110001111 H
b1110100101001001 "
b1110100101001001 I
b1100001110110110 +
b1100001110110110 8
b1110011011111010 ,
b1110011011111010 9
b1110011000000 )
b1110011000000 6
b1011010011101 *
b1011010011101 7
r0.653472900390625 X
r0.427001953125 Y
r0.66082763671875 V
r0.622802734375 W
b1111100011 2
b100111 5
b1111100011 4
r1.297518610954285e-05 R
r5.070120096206665e-06 S
r0.063262939453125 P
r-0.380157470703125 Q
b100 1
b100011 3
r0.06327591463923454 T
r-0.3801524005830288 U
1-
#10110000
0-
#10115000
b111000011101011101110001110110 J
b1101001011100011001101110 K
b111000011101011001110001110110 L
b1101001011000011001101110 M
b1110101001101100 #
b1110101001101100 H
b1100100101001 "
b1100100101001 I
b101100001110010011010100011010 E
b1100001111000110011101011100 F
b11100111111001100111011000010110 D
b11101001100010111111110010000100 G
b1100001110110110 B
b1110011011111010 C
b1110011000000 @
b1011010011101 A
b101001110100101 +
b101001110100101 8
b11011010101000 ,
b11011010101000 9
b101010010010110 )
b101010010010110 6
b100111110111000 *
b100111110111000 7
r0.162811279296875 X
r0.62701416015625 Y
r0.717559814453125 V
r-0.3289794921875 W
b1111100100 2
b101000 5
b1111100100 4
r1.495704054832458e-05 R
r9.153038263320923e-06 S
r-0.159698486328125 P
r-0.177459716796875 Q
b100 1
b100100 3
r-0.1597134433686733 T
r-0.1774688698351383 U
1-
#10120000
0-
#10125000
b111110111110111010111111000011110 J
b100100011111011001011010010 K
b111110111110111010011111000011110 L
b100100011110111001011010010 M
b101001110100101 B
b11011010101000 C
b101010010010110 @
b100111110111000 A
b11111101001100001001001110000000 E
b11111010101011001010101010011110 F
b11111001001110101011000010000000 D
b11111101110010100010001101010010 G
b111000011101011 #
b111000011101011 H
b1101001011 "
b1101001011 I
b1010011010111 +
b1010011010111 8
b101000001000010 ,
b101000001000010 9
b101101111011001 )
b101101111011001 6
b1101010111100100 *
b1101010111100100 7
r0.598907470703125 X
r-0.6864013671875 Y
r0.1558837890625 V
r-0.702178955078125 W
b1111100101 2
b101001 5
b1111100101 4
r1.914799213409424e-06 R
r7.431954145431519e-06 S
r-0.1685791015625 P
r0.196563720703125 Q
b100 1
b100101 3
r-0.1685771867632866 T
r0.1965711526572704 U
1-
#10130000
0-
#10135000
b101100000110110111000000001000 J
b111110101011000100011101000010010 K
b101100000110110011000000001000 L
b111110101011000011111101000010010 M
b1110111110111010 #
b1110111110111010 H
b100100011111 "
b100100011111 I
b10010000011110010011001110000 E
b11010000011000000100110011000 F
b11011101000110010011010101110 D
b10001000001010010000011000000 G
b1010011010111 B
b101000001000010 C
b101101111011001 @
b1101010111100100 A
b100110010101001 +
b100110010101001 8
b1010100000100100 ,
b1010100000100100 9
b1001111110100 )
b1001111110100 6
b1010011000011111 *
b1010011000011111 7
r0.14306640625 X
r0.859893798828125 Y
r-0.105499267578125 V
r-0.042633056640625 W
b1111100110 2
b101010 5
b1111100110 4
r6.785616278648376e-06 R
r1.532956957817078e-06 S
r0.882171630859375 P
r0.025726318359375 Q
b100 1
b100110 3
r0.8821784164756536 T
r0.02572785131633282 U
1-
#10140000
0-
#10145000
b11001010111100011000001101110 J
b111101011010100101000110110001001 K
b11001010111011111000001101110 L
b111101011010100100100110110001001 M
b100110010101001 B
b1010100000100100 C
b1001111110100 @
b1010011000011111 A
b11100110010110111110111110010 E
b11111100100100100111001001111100 F
b111011110100001011100111111 D
b11110010110011000110010011001000 G
b101100000110110 #
b101100000110110 H
b1110101011000100 "
b1110101011000100 I
b1001001010000 +
b1001001010000 8
b110111000010001 ,
b110111000010001 9
b1111001001111111 )
b1111001001111111 6
b1111101010001011 *
b1111101010001011 7
r-0.426361083984375 X
r-0.576446533203125 Y
r-0.730499267578125 V
r-0.83905029296875 W
b1111100111 2
b101011 5
b1111100111 4
r1.480989158153534e-05 R
r3.142282366752625e-06 S
r-0.12713623046875 P
r0.071258544921875 Q
b100 1
b100111 3
r-0.1271214205771685 T
r0.07125540263950825 U
1-
#10150000
0-
#10155000
b111011110001111010000110011000111 J
b11000110111110101100001001000 K
b111011110001111001100110011000111 L
b11000110111110001100001001000 M
b11001010111100 #
b11001010111100 H
b1101011010100101 "
b1101011010100101 I
b11111001001001101110111001010000 E
b11100101000101011101111001110111 F
b101111110011001110000010100 D
b11110110110001011010001011100 G
b1001001010000 B
b110111000010001 C
b1111001001111111 @
b1111101010001011 A
b1100100101101101 +
b1100100101101101 8
b1011011000110111 ,
b1011011000110111 9
b1010001001111111 )
b1010001001111111 6
b1001010010011010 *
b1001010010011010 7
b1111101000 2
b101100 5
b1111101000 4
r1.145154237747192e-05 R
r1.413747668266296e-06 S
r0.68914794921875 P
r-0.1658935546875 Q
b100 1
b101000 3
r0.6891594007611275 T
r-0.1658949684351683 U
1-
#10160000
0-
#10165000
b111111001110011011111110111011111 J
b111111110100111101110011110001011 K
b111111001110011011011110111011111 L
b111111110100111101010011110001011 M
b1100100101101101 B
b1011011000110111 C
b1010001001111111 @
b1001010010011010 A
b11111010001100011010110001101111 E
b11111111100111000001000101110000 F
b11111111000010001011010110110000 D
b11111101101001110101110100111011 G
b1011110001111010 #
b1011110001111010 H
b11000110111110 "
b11000110111110 I
0/
b1111101001 4
r3.712251782417297e-06 R
r1.203175634145737e-05 S
r0.3963623046875 P
r-0.323089599609375 Q
b11 1
b101001 3
r0.3963585924357176 T
r-0.3231016313657165 U
1-
#10170000
0-
#10175000
b110001110110001010001011011011 J
b1011000001011100001000000011 K
b110001110110000110001011011011 L
b1011000001011000001000000011 M
b1111001110011011 #
b1111001110011011 H
b1111110100111101 "
b1111110100111101 I
b11010111100110011001101001001 E
b10110111001010010111110010010 F
b10011111011101110011100010011 D
b11110111101000110100100010110 G
0N
b1111101010 4
r1.221243292093277e-05 R
r5.789101123809814e-06 S
r-0.52752685546875 P
r0.38861083984375 Q
b10 1
b101010 3
r-0.5275390679016709 T
r0.3886166289448738 U
1-
#10180000
0-
#10185000
0O
b110001110110001 #
b110001110110001 H
b1011000001011 "
b1011000001011 I
b1111101011 4
r1.475121825933456e-05 R
r9.427778422832489e-06 S
r-0.096832275390625 P
r-0.021575927734375 Q
b1 1
b101011 3
r-0.09681752417236567 T
r-0.02156649995595217 U
1-
#10190000
0-
#10195000
0!
b1111101100 4
r6.948597729206085e-06 R
r4.796311259269714e-07 S
r0.778839111328125 P
r0.172210693359375 Q
b0 1
b101100 3
r0.7788321627303958 T
r0.1722111729905009 U
1-
#10200000
0-
#10205000
1-
#10210000
0-
#10215000
1-
#10220000
0-
#10225000
1-
#10230000
0-
#10235000
1-
#10240000
0-
#10245000
1-
